GEO.id,GEO.id2,GEO.display-label,HD01_VD02,HD02_VD02,HD01_VD03,HD02_VD03,HD01_VD04,HD02_VD04,HD01_VD05,HD02_VD05,HD01_VD06,HD02_VD06,HD01_VD07,HD02_VD07
Id,Id2,Geography,Estimate; Quintile Means: - Lowest Quintile,Margin of Error; Quintile Means: - Lowest Quintile,Estimate; Quintile Means: - Second Quintile,Margin of Error; Quintile Means: - Second Quintile,Estimate; Quintile Means: - Third Quintile,Margin of Error; Quintile Means: - Third Quintile,Estimate; Quintile Means: - Fourth Quintile,Margin of Error; Quintile Means: - Fourth Quintile,Estimate; Quintile Means: - Highest Quintile,Margin of Error; Quintile Means: - Highest Quintile,Estimate; Top 5 Percent,Margin of Error; Top 5 Percent
310M100US10140,10140,"Aberdeen, WA Micro Area",10217,1578,26013,2030,41287,3168,62905,5630,108480,5673,145501,12223
310M100US10180,10180,"Abilene, TX Metro Area",10320,1255,25111,1649,40569,2947,60769,3532,124334,11972,203075,29795
310M100US10300,10300,"Adrian, MI Micro Area",11608,1306,26832,2033,44223,2505,67826,3297,114583,6466,158795,14870
310M100US10420,10420,"Akron, OH Metro Area",10205,617,27799,891,46960,1210,72601,1868,154626,7999,267962,25879
310M100US10460,10460,"Alamogordo, NM Micro Area",10443,1351,22148,2533,34724,3039,56872,6096,123235,22017,221021,71378
310M100US10500,10500,"Albany, GA Metro Area",5312,1106,18619,1576,32958,2249,54911,3363,114274,7856,177966,22355
310M100US10540,10540,"Albany-Lebanon, OR Micro Area",10814,1432,25793,2375,42927,2793,62235,3254,108285,10031,165422,33614
310M100US10580,10580,"Albany-Schenectady-Troy, NY Metro Area",13655,729,36251,1096,59030,1315,88570,1658,167515,5122,267295,16760
310M100US10700,10700,"Albertville, AL Micro Area",10671,1194,24076,2364,39283,3423,64331,5837,146090,20713,252891,51809
310M100US10740,10740,"Albuquerque, NM Metro Area",9135,729,25788,1141,45155,1355,72351,1970,157133,6273,262103,18743
310M100US10780,10780,"Alexandria, LA Metro Area",8276,1173,21086,2254,35885,2668,58323,4292,117313,9677,181857,31644
310M100US10880,10880,"Allegan, MI Micro Area",13302,1378,33152,2809,50709,2605,74949,4615,137149,11594,215817,31794
310M100US10900,10900,"Allentown-Bethlehem-Easton, PA-NJ Metro Area",13084,701,32736,1192,54683,1495,84346,1637,168842,6575,278201,22187
310M100US11020,11020,"Altoona, PA Metro Area",11024,1171,26526,2175,43061,2316,61854,2956,127011,10602,216013,37838
310M100US11100,11100,"Amarillo, TX Metro Area",10813,1049,26867,1749,46880,2453,74795,3504,153455,8539,255038,26148
310M100US11180,11180,"Ames, IA Metro Area",7173,1571,25247,2965,45887,2969,72885,4337,148142,13513,234913,33771
310M100US11260,11260,"Anchorage, AK Metro Area",19876,1642,46569,2118,71915,2763,103026,3393,203986,12370,343575,38031
310M100US11300,11300,"Anderson, IN Metro Area",9303,1304,24502,1892,41806,2583,60955,2574,120459,10272,204831,31455
310M100US11340,11340,"Anderson, SC Metro Area",10791,1064,26402,2141,41711,2622,64359,3713,125950,10029,183857,22889
310M100US11460,11460,"Ann Arbor, MI Metro Area",9935,1178,31737,1634,57141,2331,95228,2958,202161,10615,339275,33278
310M100US11500,11500,"Anniston-Oxford, AL Metro Area",8530,1092,21813,2045,39223,2970,59219,3623,121059,13272,205018,42408
310M100US11540,11540,"Appleton, WI Metro Area",16308,1306,36962,2358,58014,2742,81626,3236,149550,11371,246654,39059
310M100US11700,11700,"Asheville, NC Metro Area",11011,947,26220,1454,42393,1858,65530,2841,147437,8966,263910,29921
310M100US11780,11780,"Ashtabula, OH Micro Area",8153,1273,22304,2237,38245,2615,58056,3236,114676,7968,171431,21376
310M100US11980,11980,"Athens, TX Micro Area",11078,1825,24960,2455,38747,3926,60467,4918,116220,13434,188663,35878
310M100US12020,12020,"Athens-Clarke County, GA Metro Area",4617,1056,18918,1664,38075,2624,63690,3251,155886,13674,282086,39067
310M100US12060,12060,"Atlanta-Sandy Springs-Marietta, GA Metro Area",11415,343,31839,579,53057,745,83689,1196,185119,4969,324644,16217
310M100US12100,12100,"Atlantic City-Hammonton, NJ Metro Area",10715,1315,29980,1860,50490,2568,82056,4085,160707,8498,253521,24099
310M100US12180,12180,"Auburn, NY Micro Area",12448,1890,29335,2740,49012,2705,74012,4407,137262,11479,214708,34331
310M100US12220,12220,"Auburn-Opelika, AL Metro Area",6772,1442,22583,3090,42251,3168,66616,4917,136815,14690,226870,45355
310M100US12260,12260,"Augusta-Richmond County, GA-SC Metro Area",9266,831,26212,1447,45386,1737,69815,2509,140253,5618,221893,14912
310M100US12300,12300,"Augusta-Waterville, ME Micro Area",12358,1400,26717,2276,44711,3744,70583,4264,127365,7406,190503,18026
310M100US12420,12420,"Austin-Round Rock-San Marcos, TX Metro Area",12976,751,34623,1012,57151,1529,89227,1751,198553,6250,352199,18297
310M100US12540,12540,"Bakersfield-Delano, CA Metro Area",10018,719,26178,1153,45387,1600,72552,2027,148044,6408,236923,20075
310M100US12580,12580,"Baltimore-Towson, MD Metro Area",13832,502,38908,844,65829,1114,102891,1678,207647,4309,339180,12844
310M100US12620,12620,"Bangor, ME Metro Area",10024,898,23571,1548,40917,2373,64095,2868,124480,8358,195163,24161
310M100US12700,12700,"Barnstable Town, MA Metro Area",12290,1402,32905,2646,56785,3199,86998,3692,179855,13193,308675,41441
310M100US12940,12940,"Baton Rouge, LA Metro Area",9642,620,26921,1229,49319,1887,79671,2206,152424,5874,241152,16237
310M100US12980,12980,"Battle Creek, MI Metro Area",9768,997,22391,1307,38529,2596,63820,3211,151326,26013,278422,94579
310M100US13020,13020,"Bay City, MI Metro Area",9811,1637,26352,1968,43339,2852,67650,4724,127108,9092,188821,20343
310M100US13140,13140,"Beaumont-Port Arthur, TX Metro Area",10126,783,25632,1187,42980,1787,67360,2640,149324,10678,265623,36035
310M100US13180,13180,"Beaver Dam, WI Micro Area",14103,1607,33535,2474,52904,2814,75053,3185,145010,12712,256478,39999
310M100US13220,13220,"Beckley, WV Micro Area",9644,1805,23340,2515,38509,3046,63308,5011,137099,21828,225286,69892
310M100US13380,13380,"Bellingham, WA Metro Area",11539,1740,30804,2372,51576,3480,78161,4202,144751,10347,228189,28844
310M100US13460,13460,"Bend, OR Metro Area",13125,2171,30623,2106,48436,3790,72960,4677,150175,17974,262275,62565
310M100US13740,13740,"Billings, MT Metro Area",11260,1193,26705,2017,46132,2551,71330,4066,152862,15685,265466,46169
310M100US13780,13780,"Binghamton, NY Metro Area",9913,1128,26499,1622,46527,1933,71900,2981,139348,7672,207699,21969
310M100US13820,13820,"Birmingham-Hoover, AL Metro Area",10471,457,26533,880,45915,1148,74524,1535,164099,6785,295080,24776
310M100US13900,13900,"Bismarck, ND Metro Area",13223,1993,35286,2809,58263,3664,86279,4897,161816,19860,275755,70126
310M100US13980,13980,"Blacksburg-Christiansburg-Radford, VA Metro Area",8297,1238,23255,2113,41345,3309,68439,4305,144415,12334,231818,26997
310M100US14020,14020,"Bloomington, IN Metro Area",6588,1058,21442,1887,39334,2549,63466,2991,136610,10996,232257,35194
310M100US14060,14060,"Bloomington-Normal, IL Metro Area",10943,1561,33205,2153,57541,3067,91300,4131,187900,17664,327350,61444
310M100US14100,14100,"Bloomsburg-Berwick, PA Micro Area",9404,1156,23385,2059,40953,2855,66659,3584,137645,9773,225061,28928
310M100US14140,14140,"Bluefield, WV-VA Micro Area",8707,1353,21181,1724,34358,2458,54652,3695,106574,12825,172961,44536
310M100US14260,14260,"Boise City-Nampa, ID Metro Area",11256,801,27887,1290,44981,1870,69349,2862,136898,8696,220064,27079
310M100US14460,14460,"Boston-Cambridge-Quincy, MA-NH Metro Area",13265,327,39237,636,69628,889,109558,1093,236374,4586,412563,13970
310M100US14500,14500,"Boulder, CO Metro Area",13678,1255,38625,2192,68783,3260,111273,4564,223137,13773,360054,42198
310M100US14540,14540,"Bowling Green, KY Metro Area",7832,1401,22239,2496,39445,3148,63809,5012,170427,39106,365999,145387
310M100US14580,14580,"Bozeman, MT Micro Area",14349,2372,33321,2906,52188,5530,77989,5633,156609,20664,277195,64714
310M100US14660,14660,"Brainerd, MN Micro Area",11497,946,26954,1845,45071,2515,69137,3841,157988,16205,300526,50639
310M100US14700,14700,"Branson, MO Micro Area",8843,1970,23362,3541,37191,3249,53509,5686,111392,13654,177772,30398
310M100US14740,14740,"Bremerton-Silverdale, WA Metro Area",15001,1369,37381,2361,59679,2493,89424,3614,175831,14295,290377,48115
310M100US14860,14860,"Bridgeport-Stamford-Norwalk, CT Metro Area",15286,950,43390,1706,77788,2377,130668,3681,351264,11761,669517,36483
310M100US15180,15180,"Brownsville-Harlingen, TX Metro Area",6977,660,18411,1210,32205,1569,53560,2851,120545,7301,208459,22488
310M100US15260,15260,"Brunswick, GA Metro Area",10759,2057,27597,2575,43781,3554,68803,6076,146503,20581,247088,66656
310M100US15380,15380,"Buffalo-Niagara Falls, NY Metro Area",10333,441,27063,643,47034,978,74290,1458,152665,6981,255122,21783
310M100US15500,15500,"Burlington, NC Metro Area",9112,1926,23879,2448,40487,3510,66202,4139,129866,10352,209513,25634
310M100US15540,15540,"Burlington-South Burlington, VT Metro Area",15477,1327,37720,2238,60730,2791,90021,3743,186544,15651,322661,52707
310M100US15940,15940,"Canton-Massillon, OH Metro Area",10045,747,25650,1141,42219,1657,66592,2490,131978,6485,210928,19176
310M100US15980,15980,"Cape Coral-Fort Myers, FL Metro Area",12301,1038,28675,1199,45564,1738,70142,2183,161802,9652,291874,30705
310M100US16020,16020,"Cape Girardeau-Jackson, MO-IL Metro Area",8791,1378,24518,2384,40062,2764,62838,3701,126023,12425,201982,31443
310M100US16180,16180,"Carson City, NV Metro Area",11143,3472,31565,5389,52537,5103,75488,6853,153070,20369,260492,51777
310M100US16220,16220,"Casper, WY Metro Area",14628,1443,30997,3074,52269,4253,83124,6159,161331,15211,264156,45833
310M100US16300,16300,"Cedar Rapids, IA Metro Area",14277,1214,34802,1653,55329,2029,82048,2850,160828,12577,267452,43324
310M100US16500,16500,"Centralia, WA Micro Area",13001,1429,27828,1976,41975,2770,62941,3954,123331,13386,192039,45790
310M100US16540,16540,"Chambersburg, PA Micro Area",14420,1366,31053,2230,49647,2967,73014,3835,130273,11832,201583,39435
310M100US16580,16580,"Champaign-Urbana, IL Metro Area",6909,1318,23613,1589,42742,2560,72519,2978,154737,8392,262082,23070
310M100US16620,16620,"Charleston, WV Metro Area",9632,875,24556,1212,41291,2112,67833,2900,153554,13727,280940,48939
310M100US16660,16660,"Charleston-Mattoon, IL Micro Area",8916,1865,25449,3001,43152,3587,66997,4742,121888,10379,185478,30437
310M100US16700,16700,"Charleston-North Charleston-Summerville, SC Metro Area",10055,862,28049,1447,49743,1675,75742,2101,154060,6964,254645,18494
310M100US16740,16740,"Charlotte-Gastonia-Rock Hill, NC-SC Metro Area",11677,598,30418,896,50825,1256,80258,1866,187438,7249,343804,24630
310M100US16820,16820,"Charlottesville, VA Metro Area",10262,1923,32520,2739,56656,3817,91455,5686,204872,16167,353813,43983
310M100US16860,16860,"Chattanooga, TN-GA Metro Area",9018,750,24715,1109,41951,1805,67825,2353,148698,10757,275215,38194
310M100US16940,16940,"Cheyenne, WY Metro Area",16250,1512,34869,3269,55183,4802,81599,4785,146836,13066,227110,41221
310M100US16980,16980,"Chicago-Joliet-Naperville, IL-IN-WI Metro Area",12240,232,33429,405,57581,545,90290,654,199951,3007,352290,9790
310M100US17020,17020,"Chico, CA Metro Area",9620,838,22710,1457,40031,2167,66407,3760,132315,8962,210525,24367
310M100US17060,17060,"Chillicothe, OH Micro Area",12067,1916,28559,2603,44368,3369,70977,5490,134179,14189,209596,47529
310M100US17140,17140,"Cincinnati-Middletown, OH-KY-IN Metro Area",11315,408,30979,654,52652,861,80964,1278,164895,3283,268500,10553
310M100US17220,17220,"Clarksburg, WV Micro Area",10112,1217,23655,2055,40919,3357,71554,5703,127380,9848,189605,25269
310M100US17300,17300,"Clarksville, TN-KY Metro Area",8968,1337,26373,1766,43851,2359,66665,3511,127594,8210,198406,16218
310M100US17340,17340,"Clearlake, CA Micro Area",11982,1878,24588,2100,37020,3587,58147,6189,123215,13688,184382,37102
310M100US17420,17420,"Cleveland, TN Metro Area",10021,1191,22377,2182,37770,3590,61990,4378,127840,27840,225557,103518
310M100US17460,17460,"Cleveland-Elyria-Mentor, OH Metro Area",9779,357,26858,552,46255,747,72881,1051,161588,3976,286410,13198
310M100US17660,17660,"Coeur d'Alene, ID Metro Area",12279,2108,30642,2479,47397,3309,68703,4021,134714,14102,224436,46450
310M100US17780,17780,"College Station-Bryan, TX Metro Area",5140,1012,18277,2011,34866,2707,61379,3386,150731,14655,270030,45974
310M100US17820,17820,"Colorado Springs, CO Metro Area",12750,987,33682,1590,55351,2066,85046,2633,178482,11119,303870,37866
310M100US17860,17860,"Columbia, MO Metro Area",9278,1558,27251,2594,47409,3289,74414,3804,155542,10971,266200,33551
310M100US17900,17900,"Columbia, SC Metro Area",10001,745,27240,1113,45515,1353,71899,2139,151434,6803,261167,21512
310M100US17940,17940,"Columbia, TN Micro Area",10889,2125,25812,2758,41330,3798,63268,3743,115707,12060,173198,22626
310M100US17980,17980,"Columbus, GA-AL Metro Area",8988,861,24079,1182,39654,2112,65737,3322,143283,10402,242035,31827
310M100US18020,18020,"Columbus, IN Metro Area",14787,1598,32610,3774,53412,4363,80220,6571,155167,17717,250357,50883
310M100US18140,18140,"Columbus, OH Metro Area",11234,478,30886,785,52666,1184,82618,1393,175188,5715,303899,18449
310M100US18180,18180,"Concord, NH Micro Area",16940,1631,40074,2757,66083,3834,93609,4075,169964,9567,261386,23743
310M100US18260,18260,"Cookeville, TN Micro Area",6503,1493,18735,1505,32430,2418,52332,3165,105474,12985,173736,45630
310M100US18300,18300,"Coos Bay, OR Micro Area",8803,1834,21840,2386,37366,4380,57934,3902,99738,10150,146260,29392
310M100US18500,18500,"Corning, NY Micro Area",11440,1031,27034,1785,43420,2377,65757,3580,128544,8846,203096,26551
310M100US18580,18580,"Corpus Christi, TX Metro Area",9508,965,26629,1492,44703,2088,71746,2723,156577,14143,281276,48298
310M100US18700,18700,"Corvallis, OR Metro Area",5720,1483,22863,2978,43491,3921,75494,6141,152637,13109,237114,42378
310M100US18880,18880,"Crestview-Fort Walton Beach-Destin, FL Metro Area",13212,1232,30908,2692,49786,3529,77397,5059,163406,14851,276292,43719
310M100US18980,18980,"Cullman, AL Micro Area",8788,1592,21868,2644,40270,4422,64580,4168,122419,15855,194564,54933
310M100US19060,19060,"Cumberland, MD-WV Metro Area",7175,892,20002,1974,34963,2209,58124,4840,121762,10581,185918,30254
310M100US19100,19100,"Dallas-Fort Worth-Arlington, TX Metro Area",13248,325,33685,444,55895,615,88545,859,189630,3856,329151,11839
310M100US19140,19140,"Dalton, GA Metro Area",9910,1340,23054,2040,35482,2600,56273,4613,115504,11969,191973,34422
310M100US19180,19180,"Danville, IL Metro Area",9647,1353,24434,2353,40491,2936,62511,3289,115502,9169,176442,25185
310M100US19260,19260,"Danville, VA Metro Area",8503,1204,21492,1988,36643,2316,57525,3600,106972,7250,165773,18082
310M100US19300,19300,"Daphne-Fairhope-Foley, AL Micro Area",13552,1608,31665,2880,52093,4850,80112,5560,159837,13406,243980,39076
310M100US19340,19340,"Davenport-Moline-Rock Island, IA-IL Metro Area",11651,842,30099,1276,47185,1410,70982,2435,143600,7146,238648,22687
310M100US19380,19380,"Dayton, OH Metro Area",9911,532,25872,846,44481,1270,70469,1670,146640,5912,246273,18218
310M100US19460,19460,"Decatur, AL Metro Area",11076,1349,26371,2083,42336,2337,68159,4712,151806,22816,266032,79735
310M100US19500,19500,"Decatur, IL Metro Area",10443,1456,26476,2006,44385,2997,69381,4326,153380,16001,263085,49729
310M100US19660,19660,"Deltona-Daytona Beach-Ormond Beach, FL Metro Area",8533,920,23822,1349,38337,1606,59030,2460,130289,9014,230794,30230
310M100US19740,19740,"Denver-Aurora-Broomfield, CO Metro Area",13864,485,36257,691,59551,919,92455,1250,196771,4947,338662,18017
310M100US19780,19780,"Des Moines-West Des Moines, IA Metro Area",14128,1141,34898,1397,58173,1944,86484,2356,168331,8136,274655,26163
310M100US19820,19820,"Detroit-Warren-Livonia, MI Metro Area",10289,231,28115,402,49037,532,78767,765,166599,2643,283016,8990
310M100US20020,20020,"Dothan, AL Metro Area",9459,672,23533,1208,40852,2039,63988,2912,139920,13728,253033,45201
310M100US20100,20100,"Dover, DE Metro Area",11520,1654,32400,2938,52798,3789,77850,4364,126167,6534,174390,17054
310M100US20180,20180,"DuBois, PA Micro Area",11031,1161,24545,2057,43045,3390,64228,3880,127376,15858,208387,44266
310M100US20220,20220,"Dubuque, IA Metro Area",14100,1559,33626,2147,52583,3078,76062,3329,145652,17353,255629,58736
310M100US20260,20260,"Duluth, MN-WI Metro Area",9980,722,26280,1118,46373,1577,70742,1654,134322,5667,213306,16481
310M100US20380,20380,"Dunn, NC Micro Area",11971,1348,25485,1801,40268,3035,63255,3793,118868,12862,191459,38032
310M100US20500,20500,"Durham-Chapel Hill, NC Metro Area",10281,824,28197,1664,48979,2418,80409,3792,186953,10153,328358,29148
310M100US20620,20620,"East Liverpool-Salem, OH Micro Area",11798,1565,26897,2516,44195,3189,64590,3125,128431,17252,230066,61707
310M100US20700,20700,"East Stroudsburg, PA Micro Area",12553,1812,31984,4312,53228,3775,77431,4743,139942,11017,205415,23581
310M100US20740,20740,"Eau Claire, WI Metro Area",11398,1397,28711,1962,48349,2305,70745,2357,136973,10192,228746,29806
310M100US20940,20940,"El Centro, CA Metro Area",8239,1039,21376,2038,38235,3788,66933,4245,140692,11909,227630,31005
310M100US21060,21060,"Elizabethtown, KY Metro Area",10878,1780,27902,2821,46591,3696,72596,5370,143327,17189,246391,51487
310M100US21140,21140,"Elkhart-Goshen, IN Metro Area",11722,1695,28847,2261,44274,2744,65606,3066,125839,10749,212573,37362
310M100US21300,21300,"Elmira, NY Metro Area",10534,1659,28158,2719,49780,3794,77106,5692,164904,24857,284052,83810
310M100US21340,21340,"El Paso, TX Metro Area",9463,613,23404,1027,39713,1485,63363,2615,138081,7964,234371,23127
310M100US21460,21460,"Enterprise-Ozark, AL Micro Area",9706,1339,24693,1751,43417,3958,69875,2648,117936,6345,169333,12127
310M100US21500,21500,"Erie, PA Metro Area",10322,698,25731,1517,42455,1702,64779,2164,135119,9324,228877,30707
310M100US21660,21660,"Eugene-Springfield, OR Metro Area",8616,684,23787,1063,40491,1550,63173,1927,129176,7602,216788,24376
310M100US21700,21700,"Eureka-Arcata-Fortuna, CA Micro Area",8696,1514,24022,2188,40910,3053,62135,3893,131971,9640,222574,28942
310M100US21780,21780,"Evansville, IN-KY Metro Area",11341,802,29176,1191,46877,1742,69894,2042,135878,7527,225436,25235
310M100US21820,21820,"Fairbanks, AK Metro Area",16078,2845,40990,5217,65587,5729,95304,7640,164584,18396,233412,46464
310M100US22020,22020,"Fargo, ND-MN Metro Area",11296,1486,30055,2122,50998,2561,77789,3925,164030,13256,280526,35837
310M100US22100,22100,"Farmington, MO Micro Area",10905,1360,21350,2865,34724,3895,58663,6132,114131,13668,180115,32212
310M100US22140,22140,"Farmington, NM Metro Area",10450,2007,31134,2702,52267,4713,77614,4298,146208,18068,246854,64147
310M100US22180,22180,"Fayetteville, NC Metro Area",9311,895,26030,1396,43404,2167,68872,3184,129095,5620,197147,14475
310M100US22220,22220,"Fayetteville-Springdale-Rogers, AR-MO Metro Area",10514,995,27535,1418,44921,1896,73006,3183,157076,9585,261538,29380
310M100US22300,22300,"Findlay, OH Micro Area",11345,1450,26139,3082,46285,4022,69833,4846,134433,13915,207229,28416
310M100US22380,22380,"Flagstaff, AZ Metro Area",9536,1962,27959,2905,46223,3250,74458,5597,151293,13785,239885,28501
310M100US22420,22420,"Flint, MI Metro Area",8817,652,24257,1054,41269,1388,64853,1917,127882,6060,207356,18570
310M100US22500,22500,"Florence, SC Metro Area",8806,854,23111,1940,40058,2288,62506,3363,137326,9896,229626,31922
310M100US22520,22520,"Florence-Muscle Shoals, AL Metro Area",8379,1205,23150,1877,38170,3192,61235,4061,116233,9546,180193,22377
310M100US22540,22540,"Fond du Lac, WI Metro Area",13472,1718,33650,2139,53221,1911,74738,2733,137857,8898,225546,24086
310M100US22580,22580,"Forest City, NC Micro Area",9016,1551,20742,2612,36557,4218,59654,4890,110284,11918,177051,36771
310M100US22660,22660,"Fort Collins-Loveland, CO Metro Area",11766,1267,33264,2124,55673,2105,83392,2867,159733,8419,251192,22660
310M100US22840,22840,"Fort Payne, AL Micro Area",9403,1243,21584,2934,36585,3673,54032,5475,135294,49295,281557,158254
310M100US22900,22900,"Fort Smith, AR-OK Metro Area",9280,767,21781,1192,36217,1766,57948,2668,124932,8133,223242,24780
310M100US23060,23060,"Fort Wayne, IN Metro Area",11343,764,29816,1137,47680,1512,70282,1920,144295,9001,251990,31010
310M100US23180,23180,"Frankfort, KY Micro Area",11831,3010,32324,3172,45401,4836,70798,4704,128633,11712,192036,26161
310M100US23420,23420,"Fresno, CA Metro Area",10536,563,25664,872,43380,1322,70117,1843,149403,6301,248094,20989
310M100US23460,23460,"Gadsden, AL Metro Area",8626,991,19855,1608,34526,3116,59122,3389,116072,8360,171636,21279
310M100US23540,23540,"Gainesville, FL Metro Area",6566,1089,22108,1634,39977,2277,68090,3375,153434,9281,256378,28618
310M100US23580,23580,"Gainesville, GA Metro Area",11892,1372,30313,2683,49090,3152,74144,4405,167561,19569,302803,60055
310M100US23660,23660,"Galesburg, IL Micro Area",9409,1145,22137,1996,40098,3304,64452,4256,116879,7440,172709,21257
310M100US23700,23700,"Gallup, NM Micro Area",5313,1292,16246,2239,29759,4491,52234,4181,102376,9616,155070,22506
310M100US23900,23900,"Gettysburg, PA Micro Area",14327,1710,33611,3087,53997,2801,78052,3834,152728,11993,253569,34709
310M100US24020,24020,"Glens Falls, NY Metro Area",11957,1563,29357,2350,50967,2645,75038,3132,142731,10174,226971,27367
310M100US24140,24140,"Goldsboro, NC Metro Area",8535,996,21147,2453,39080,3722,59882,3993,115185,8797,180666,20747
310M100US24220,24220,"Grand Forks, ND-MN Metro Area",9646,1602,27816,2248,47007,2726,73352,3202,147253,16188,257747,53850
310M100US24260,24260,"Grand Island, NE Micro Area",13217,1682,30734,2198,46707,3109,67094,4170,148542,26408,282989,96454
310M100US24300,24300,"Grand Junction, CO Metro Area",11167,1924,30800,2647,48344,3131,74590,4319,148373,11947,241619,36030
310M100US24340,24340,"Grand Rapids-Wyoming, MI Metro Area",12491,650,30126,917,49368,1411,74113,1648,152786,5902,267567,18533
310M100US24420,24420,"Grants Pass, OR Micro Area",10013,1415,22803,1952,36046,2813,56241,4796,112738,13509,185424,36276
310M100US24500,24500,"Great Falls, MT Metro Area",11590,1422,27869,2317,43596,2632,62826,3915,124799,13425,205902,37745
310M100US24540,24540,"Greeley, CO Metro Area",11148,1491,31819,2533,51228,2758,80667,5273,156010,12218,234493,27358
310M100US24580,24580,"Green Bay, WI Metro Area",14135,1080,32530,1527,52539,1896,75943,2393,148765,11788,256199,39618
310M100US24620,24620,"Greeneville, TN Micro Area",7463,1422,18812,1791,32000,3647,49963,4228,103884,13855,170743,37281
310M100US24660,24660,"Greensboro-High Point, NC Metro Area",9812,691,25127,979,42082,1479,67258,2000,142963,7503,242638,24864
310M100US24780,24780,"Greenville, NC Metro Area",7574,1306,21670,2170,38348,3507,64302,4742,150310,25087,275454,93026
310M100US24860,24860,"Greenville-Mauldin-Easley, SC Metro Area",10312,628,26165,1064,45214,1561,70603,2293,153712,7535,266026,23676
310M100US24940,24940,"Greenwood, SC Micro Area",8961,1456,19179,2721,35935,4273,63384,5931,111732,10277,154256,27156
310M100US25060,25060,"Gulfport-Biloxi, MS Metro Area",8197,1021,22816,2032,38803,2188,60897,2754,134453,9863,223876,25580
310M100US25180,25180,"Hagerstown-Martinsburg, MD-WV Metro Area",12246,1025,30172,2425,50534,2905,74876,3328,158168,24838,283209,92192
310M100US25220,25220,"Hammond, LA Micro Area",7837,1442,23251,2327,39736,3505,64815,5069,133985,16018,227899,46474
310M100US25260,25260,"Hanford-Corcoran, CA Metro Area",10467,1998,28927,2481,48892,3876,75783,4711,151400,14000,237058,31758
310M100US25420,25420,"Harrisburg-Carlisle, PA Metro Area",15065,886,35580,1231,55452,1408,81060,1695,166532,8093,284373,28933
310M100US25500,25500,"Harrisonburg, VA Metro Area",9539,1842,28153,2077,46726,2870,71380,4002,172312,58761,359387,229228
310M100US25540,25540,"Hartford-West Hartford-East Hartford, CT Metro Area",13698,631,38025,1217,65342,1366,100246,1616,207623,6924,353061,22119
310M100US25620,25620,"Hattiesburg, MS Metro Area",7293,1433,20226,1803,37585,2892,59396,4672,149881,26624,306232,99095
310M100US25740,25740,"Helena, MT Micro Area",14406,2026,36193,3242,54190,3034,76268,3845,140354,15371,232242,48314
310M100US25860,25860,"Hickory-Lenoir-Morganton, NC Metro Area",9125,749,23409,1327,38787,1692,59563,2478,128819,8423,224223,27745
310M100US25900,25900,"Hilo, HI Micro Area",9666,2246,28107,2049,46384,3070,70419,3517,142383,15353,240865,52279
310M100US25940,25940,"Hilton Head Island-Beaufort, SC Micro Area",12879,1632,32269,3153,50897,3239,77662,5849,169119,15005,297397,40439
310M100US25980,25980,"Hinesville-Fort Stewart, GA Metro Area",11406,2014,28026,3223,43653,3240,64062,5016,120339,11044,177073,23460
310M100US26020,26020,"Hobbs, NM Micro Area",10872,3522,30202,3721,50921,6094,76168,6794,135701,12231,199045,23744
310M100US26100,26100,"Holland-Grand Haven, MI Metro Area",14019,1439,32517,2171,53703,2686,80741,3380,144824,9121,222418,27906
310M100US26140,26140,"Homosassa Springs, FL Micro Area",9362,1836,23233,1561,34563,2907,54804,4492,138730,29275,271477,99176
310M100US26180,26180,"Honolulu, HI Metro Area",15664,1082,42416,1280,67297,1907,101758,2484,189846,6727,305902,21695
310M100US26300,26300,"Hot Springs, AR Metro Area",8333,1723,20955,2378,34688,3526,54187,5187,126433,16601,222405,43017
310M100US26380,26380,"Houma-Bayou Cane-Thibodaux, LA Metro Area",9943,865,25766,1747,45067,2393,73944,4005,147603,15134,240168,52814
310M100US26420,26420,"Houston-Sugar Land-Baytown, TX Metro Area",11955,360,32079,597,55297,792,88994,1055,202453,5263,360183,17215
310M100US26580,26580,"Huntington-Ashland, WV-KY-OH Metro Area",8352,613,20925,1226,37249,2071,60691,2642,131329,9458,222140,31406
310M100US26620,26620,"Huntsville, AL Metro Area",12126,851,30279,1601,52508,2344,86787,2978,180472,10017,298862,31267
310M100US26660,26660,"Huntsville, TX Micro Area",7357,2151,21609,4765,39686,7005,64499,7704,131986,20977,217741,46887
310M100US26740,26740,"Hutchinson, KS Micro Area",11684,1372,27022,3896,41954,3673,64248,4179,122011,10353,195617,26057
310M100US26820,26820,"Idaho Falls, ID Metro Area",12819,1921,29406,2557,47325,3167,72813,4354,141028,10694,218562,25914
310M100US26860,26860,"Indiana, PA Micro Area",9229,1253,25030,1693,42389,2216,66212,3626,124723,9616,190723,23284
310M100US26900,26900,"Indianapolis-Carmel, IN Metro Area",12172,568,31105,768,50675,967,79002,1602,169923,6432,300699,22088
310M100US26980,26980,"Iowa City, IA Metro Area",10411,1410,28984,3062,52590,3851,81123,3940,162003,13701,278557,37573
310M100US27060,27060,"Ithaca, NY Metro Area",5769,2307,26818,3493,51662,5494,82915,6148,183442,33553,323726,118851
310M100US27100,27100,"Jackson, MI Metro Area",10890,1159,26325,1685,42667,2601,65976,2791,127383,12621,208630,42244
310M100US27140,27140,"Jackson, MS Metro Area",9466,724,25697,1204,44317,2121,72711,3017,147823,6908,246859,19649
310M100US27180,27180,"Jackson, TN Metro Area",8535,1269,22248,2438,38326,2951,63532,3894,141602,16081,255971,49025
310M100US27260,27260,"Jacksonville, FL Metro Area",10899,772,30415,1022,50133,1314,77720,2050,174662,11310,323314,38435
310M100US27340,27340,"Jacksonville, NC Metro Area",11432,2139,28393,2712,45023,3402,61564,2787,111739,9668,173299,25471
310M100US27460,27460,"Jamestown-Dunkirk-Fredonia, NY Micro Area",9875,1038,23878,1417,40346,1894,59982,2364,112303,6453,172787,19271
310M100US27500,27500,"Janesville, WI Metro Area",11957,1130,28964,1649,47452,2272,71210,2884,126323,7387,187289,23782
310M100US27620,27620,"Jefferson City, MO Metro Area",11465,1399,33425,2559,50610,2861,72775,3736,130872,8748,187644,17128
310M100US27740,27740,"Johnson City, TN Metro Area",8574,1107,22879,1809,37191,2435,61826,4856,126272,9864,197003,27620
310M100US27780,27780,"Johnstown, PA Metro Area",10837,753,24389,1386,40162,2238,62505,2801,122826,10169,203330,31128
310M100US27860,27860,"Jonesboro, AR Metro Area",8431,942,19587,2011,35514,3921,60714,5445,144189,24513,263782,77722
310M100US27900,27900,"Joplin, MO Metro Area",11129,1075,25254,1579,41020,2097,62292,3643,140335,21045,266436,76353
310M100US27980,27980,"Kahului-Wailuku, HI Micro Area",13993,2821,38094,4006,60591,3602,91308,4771,195592,16167,331584,42935
310M100US28020,28020,"Kalamazoo-Portage, MI Metro Area",9218,838,25596,1523,44753,1652,69750,2189,152589,11881,274793,41016
310M100US28060,28060,"Kalispell, MT Micro Area",12566,1737,28923,2644,44895,3045,63548,4583,130849,21085,232493,71278
310M100US28100,28100,"Kankakee-Bradley, IL Metro Area",11564,1574,28666,2617,45693,3046,71346,5068,131757,6716,192394,16653
310M100US28140,28140,"Kansas City, MO-KS Metro Area",12554,479,32757,681,53827,876,83456,1251,173111,4571,293046,13997
310M100US28180,28180,"Kapaa, HI Micro Area",14366,2921,37600,3861,59651,5683,85548,6088,148307,16175,232831,48303
310M100US28300,28300,"Keene, NH Micro Area",15294,1949,33478,3078,54553,4167,81490,5643,159624,18436,251510,57601
310M100US28420,28420,"Kennewick-Pasco-Richland, WA Metro Area",14948,1482,35169,2475,58775,3316,87897,3921,158461,6937,234945,18789
310M100US28580,28580,"Key West, FL Micro Area",11541,2112,29488,3991,51344,4607,79312,7527,209843,41193,431269,119642
310M100US28660,28660,"Killeen-Temple-Fort Hood, TX Metro Area",11170,1358,29650,1788,46848,2327,73618,4029,135419,6202,199428,16545
310M100US28700,28700,"Kingsport-Bristol-Bristol, TN-VA Metro Area",10017,660,23126,1187,38167,1738,60338,2264,136282,15728,252224,60342
310M100US28740,28740,"Kingston, NY Metro Area",12276,1533,31197,2869,54811,3294,85868,3650,174564,11598,290273,35268
310M100US28900,28900,"Klamath Falls, OR Micro Area",8371,1753,21588,2870,36973,3630,59422,5257,107456,8654,158459,21619
310M100US28940,28940,"Knoxville, TN Metro Area",11312,660,27545,920,45074,1622,71670,2093,153473,7751,267618,23762
310M100US29020,29020,"Kokomo, IN Metro Area",9114,1724,24531,2798,40924,4261,67031,4815,121094,9364,187995,22935
310M100US29100,29100,"La Crosse, WI-MN Metro Area",11693,2006,31378,2351,50229,2808,74475,3102,152513,22992,265391,87536
310M100US29140,29140,"Lafayette, IN Metro Area",7573,1204,25891,2013,43249,2441,67116,3004,143314,12119,246078,38664
310M100US29180,29180,"Lafayette, LA Metro Area",8937,1292,23907,1982,44133,3528,76587,4420,178807,12979,312718,36178
310M100US29300,29300,"LaGrange, GA Micro Area",6557,1783,21408,3531,40514,4374,61556,3774,126351,16831,221633,59113
310M100US29340,29340,"Lake Charles, LA Metro Area",8903,1300,23884,1975,41726,3257,69173,4276,147820,12140,240435,31252
310M100US29380,29380,"Lake City, FL Micro Area",8959,2659,23195,3168,35670,4182,53057,5882,94272,9008,127883,15276
310M100US29420,29420,"Lake Havasu City-Kingman, AZ Metro Area",9042,1562,21534,2016,35910,2927,54779,3554,105541,8302,164861,20600
310M100US29460,29460,"Lakeland-Winter Haven, FL Metro Area",10450,860,24872,1255,40549,1668,63146,2187,123822,5471,194985,14989
310M100US29540,29540,"Lancaster, PA Metro Area",14373,651,33291,1226,53575,1450,77881,1888,147442,5865,232880,17920
310M100US29580,29580,"Lancaster, SC Micro Area",8217,2071,23286,3433,41294,3953,64427,6357,117697,13405,189565,42305
310M100US29620,29620,"Lansing-East Lansing, MI Metro Area",9464,744,27432,1283,46738,1574,72702,1954,143690,5633,230190,15613
310M100US29700,29700,"Laredo, TX Metro Area",8393,1102,20158,1946,35964,2760,56596,4729,113828,7780,168450,18015
310M100US29740,29740,"Las Cruces, NM Metro Area",8202,944,20139,1502,36772,2570,64146,4663,133713,11795,230717,38277
310M100US29820,29820,"Las Vegas-Paradise, NV Metro Area",11528,550,30057,843,48779,976,75252,1531,160129,6292,276470,19906
310M100US29860,29860,"Laurel, MS Micro Area",8485,1864,22169,2505,36055,3599,57645,5069,124632,11959,211114,26698
310M100US29940,29940,"Lawrence, KS Metro Area",9606,2074,29517,3066,48136,3805,73863,6086,146813,13329,232093,40154
310M100US30020,30020,"Lawton, OK Metro Area",12983,1240,28345,2316,44655,3467,68598,5168,147244,17022,256098,55548
310M100US30100,30100,"Lebanon, NH-VT Micro Area",12900,1155,31532,1729,51458,2236,79428,3081,165382,16661,285070,53289
310M100US30140,30140,"Lebanon, PA Metro Area",14009,1495,33399,2531,54647,2819,75111,3128,148596,16044,253724,56535
310M100US30300,30300,"Lewiston, ID-WA Metro Area",13457,1438,27432,2538,43106,3551,66455,4457,143287,24634,261464,82944
310M100US30340,30340,"Lewiston-Auburn, ME Metro Area",10063,1327,25114,2417,44633,3655,69643,4217,125507,7022,184900,16653
310M100US30460,30460,"Lexington-Fayette, KY Metro Area",9148,830,27201,1658,47795,1898,77529,2854,172399,15944,314024,57370
310M100US30500,30500,"Lexington Park, MD Micro Area",18753,3421,50872,6384,81976,5173,115793,6906,194582,12333,267519,25240
310M100US30620,30620,"Lima, OH Metro Area",9562,1022,24501,1943,41515,2662,64508,3655,133479,12678,224514,38940
310M100US30700,30700,"Lincoln, NE Metro Area",12227,1217,30206,1442,49752,1979,78621,2776,158286,7998,258748,23800
310M100US30740,30740,"Lincolnton, NC Micro Area",11539,2027,30777,3639,51943,5708,84908,9498,178522,28619,283300,58459
310M100US30780,30780,"Little Rock-North Little Rock-Conway, AR Metro Area",10023,823,27339,999,46594,1312,72932,1747,147064,5798,242347,17775
310M100US30860,30860,"Logan, UT-ID Metro Area",14493,1798,30076,2051,47137,3272,70185,4149,133614,9243,216345,25078
310M100US30980,30980,"Longview, TX Metro Area",10212,1127,25812,1775,43077,2100,67780,3010,139373,9391,232424,30575
310M100US31020,31020,"Longview, WA Metro Area",11617,1326,24890,2379,42361,3561,67751,4411,135263,14084,215030,29892
310M100US31100,31100,"Los Angeles-Long Beach-Santa Ana, CA Metro Area",12211,159,32613,322,57115,469,92736,671,215632,3099,393995,10005
310M100US31140,31140,"Louisville/Jefferson County, KY-IN Metro Area",10760,522,28472,852,47948,1195,74957,1495,161079,6355,280021,20330
310M100US31180,31180,"Lubbock, TX Metro Area",7902,1149,23964,1331,42974,1962,69026,3905,152415,11007,271171,32362
310M100US31260,31260,"Lufkin, TX Micro Area",9807,2000,25608,2905,39546,2411,60011,5736,147576,46792,301628,171795
310M100US31300,31300,"Lumberton, NC Micro Area",6806,1040,18116,1450,30923,2695,52062,3691,106622,9726,176240,30358
310M100US31340,31340,"Lynchburg, VA Metro Area",10662,1192,27784,1937,46974,2377,71511,3013,133226,6621,202908,18355
310M100US31420,31420,"Macon, GA Metro Area",7873,874,21029,1710,36970,2617,61265,3227,135138,11817,235122,37279
310M100US31460,31460,"Madera-Chowchilla, CA Metro Area",11873,2168,27316,2535,45911,3386,67044,4845,128302,11939,191793,32610
310M100US31540,31540,"Madison, WI Metro Area",14034,902,36086,1377,59497,1743,89295,2113,179485,7309,303825,24486
310M100US31700,31700,"Manchester-Nashua, NH Metro Area",15242,1083,39323,2100,67252,2538,102196,3205,195098,10180,316792,31549
310M100US31740,31740,"Manhattan, KS Metro Area",9295,1735,27067,1633,42344,2473,68305,4422,132875,11405,209531,30010
310M100US31820,31820,"Manitowoc, WI Micro Area",15151,1644,32054,1659,48783,2414,71866,3360,124252,8035,186297,22190
310M100US31860,31860,"Mankato-North Mankato, MN Metro Area",12761,1180,30778,1535,50113,2890,75153,3368,137000,6736,209860,19132
310M100US31900,31900,"Mansfield, OH Metro Area",9555,1196,24941,1767,40344,2137,60942,3238,129060,11846,219740,36048
310M100US31940,31940,"Marinette, WI-MI Micro Area",9241,1437,23596,2034,38969,2805,59146,2991,101765,5981,148704,15431
310M100US31980,31980,"Marion, IN Micro Area",10083,1490,23986,2297,37785,3014,58617,4439,116433,12846,187778,43184
310M100US32020,32020,"Marion, OH Micro Area",9509,1599,24663,2586,41537,3933,64463,5525,125148,13194,197135,42815
310M100US32060,32060,"Marion-Herrin, IL Micro Area",9616,2014,25139,2445,41108,3863,62936,4598,126927,16876,207897,48705
310M100US32100,32100,"Marquette, MI Micro Area",7623,1353,22762,2407,40831,2983,61830,4217,130084,10744,215714,35190
310M100US32220,32220,"Marshall, TX Micro Area",9494,2665,27912,3363,44923,4247,77209,9125,145658,21810,220528,49490
310M100US32270,32270,"Marshfield-Wisconsin Rapids, WI Micro Area",12050,1623,28087,2105,45791,2444,67197,3187,125077,12305,209730,40891
310M100US32300,32300,"Martinsville, VA Micro Area",8137,1613,20439,1556,31089,2851,49059,3899,96683,8236,153350,23640
310M100US32580,32580,"McAllen-Edinburg-Mission, TX Metro Area",7275,547,17856,995,31613,1673,54283,2810,123146,9060,212957,26332
310M100US32740,32740,"Meadville, PA Micro Area",12023,770,24441,1850,41133,2391,63923,3514,121143,9825,196699,35131
310M100US32780,32780,"Medford, OR Metro Area",9992,1037,24299,1539,39584,2293,63770,3062,125274,8303,203696,24415
310M100US32820,32820,"Memphis, TN-MS-AR Metro Area",9471,542,26125,871,45286,1130,72219,1651,161952,5541,289000,19198
310M100US32900,32900,"Merced, CA Metro Area",10876,929,24820,1517,39707,2058,64106,3013,138952,12014,237542,37827
310M100US32940,32940,"Meridian, MS Micro Area",8285,1160,20989,1957,36920,3053,64611,5784,137537,14125,220332,37098
310M100US33100,33100,"Miami-Fort Lauderdale-Pompano Beach, FL Metro Area",10007,246,26148,359,45608,492,74287,860,181569,4320,337992,14309
310M100US33140,33140,"Michigan City-La Porte, IN Metro Area",9558,1278,26731,2385,48587,4207,74337,3848,135442,12737,220468,43176
310M100US33220,33220,"Midland, MI Micro Area",13695,1599,31281,2543,51576,4153,79244,5599,174960,16908,309490,49315
310M100US33260,33260,"Midland, TX Metro Area",13162,1550,33166,3383,55341,4077,84742,4832,208995,27403,407933,85378
310M100US33340,33340,"Milwaukee-Waukesha-West Allis, WI Metro Area",11093,408,29410,697,51001,856,80723,1312,171251,5468,300480,17914
310M100US33460,33460,"Minneapolis-St. Paul-Bloomington, MN-WI Metro Area",14934,324,39297,527,63760,635,95455,803,196357,3415,341315,11571
310M100US33500,33500,"Minot, ND Micro Area",15869,1903,33369,2654,54097,3866,78076,3684,134514,8099,204223,20800
310M100US33540,33540,"Missoula, MT Metro Area",11233,1353,26172,2142,42037,3138,67268,4548,137307,11616,215088,27767
310M100US33660,33660,"Mobile, AL Metro Area",9019,755,24179,1315,42638,1851,67060,2422,141120,8224,246614,27177
310M100US33700,33700,"Modesto, CA Metro Area",10695,879,26823,1504,44787,2080,71905,2835,142123,7818,223394,21208
310M100US33740,33740,"Monroe, LA Metro Area",7058,698,19351,1694,34793,2446,62679,4101,141260,15857,246949,54531
310M100US33780,33780,"Monroe, MI Metro Area",12802,1597,35314,2553,54507,2457,78627,3085,138479,5945,196948,13440
310M100US33860,33860,"Montgomery, AL Metro Area",9387,1026,26469,1710,45916,2187,71096,2592,145840,8914,244517,24684
310M100US33980,33980,"Morehead City, NC Micro Area",10138,1968,26892,4338,44251,4017,70224,6414,159068,22417,294062,76184
310M100US34060,34060,"Morgantown, WV Metro Area",6245,1434,23197,2280,43717,3255,68398,4311,146243,13932,249108,40565
310M100US34100,34100,"Morristown, TN Metro Area",9902,870,21384,1509,35230,2715,57077,4158,123582,16842,219075,58994
310M100US34180,34180,"Moses Lake, WA Micro Area",11525,1643,24858,2669,43581,5118,66919,4359,124304,14749,201980,34354
310M100US34340,34340,"Mount Airy, NC Micro Area",7302,1597,18750,2133,32428,3764,50776,4729,105308,12330,165313,37194
310M100US34380,34380,"Mount Pleasant, MI Micro Area",7999,1206,21010,2301,38407,2917,60811,3361,119631,10173,192003,27629
310M100US34580,34580,"Mount Vernon-Anacortes, WA Metro Area",13528,1559,31735,2751,53586,4092,81942,4294,150041,10360,224475,23275
310M100US34620,34620,"Muncie, IN Metro Area",8083,1307,21449,1704,36912,1879,57644,3459,150644,30121,307637,113283
310M100US34740,34740,"Muskegon-Norton Shores, MI Metro Area",9239,936,22519,1404,37838,2304,59395,3707,125717,9713,206249,29799
310M100US34780,34780,"Muskogee, OK Micro Area",6597,1679,18720,2318,33811,3504,53654,4259,104410,10368,165494,26154
310M100US34820,34820,"Myrtle Beach-North Myrtle Beach-Conway, SC Metro Area",9867,1295,25239,1778,39374,2009,60639,3842,123903,12720,202341,41596
310M100US34860,34860,"Nacogdoches, TX Micro Area",6872,1679,21287,3929,39825,4064,64941,5199,123582,14576,182301,43279
310M100US34900,34900,"Napa, CA Metro Area",16517,2019,38123,2662,61732,4417,96600,5768,232652,28912,443046,95465
310M100US34940,34940,"Naples-Marco Island, FL Metro Area",13238,1537,31613,2101,51056,2386,81249,5414,254705,35563,565702,108433
310M100US34980,34980,"Nashville-Davidson--Murfreesboro--Franklin, TN Metro Area",12010,516,30673,917,49982,984,77977,1640,178364,6965,331748,25350
310M100US35100,35100,"New Bern, NC Micro Area",12283,2112,32409,3020,50291,3606,71106,3945,128232,10514,194855,29294
310M100US35260,35260,"New Castle, PA Micro Area",9790,1355,24825,2125,41692,2677,65065,3470,124819,12078,203727,39484
310M100US35300,35300,"New Haven-Milford, CT Metro Area",12425,706,34133,1323,59326,1712,93210,2352,189283,6327,299742,16651
310M100US35340,35340,"New Iberia, LA Micro Area",10525,1764,25809,3316,44035,4252,70883,6480,152162,35427,284379,137173
310M100US35380,35380,"New Orleans-Metairie-Kenner, LA Metro Area",8386,500,24742,832,44378,1166,73854,1862,163727,7244,288302,23232
310M100US35420,35420,"New Philadelphia-Dover, OH Micro Area",10377,1499,24870,2322,41503,3746,61866,4080,115035,6416,173049,17863
310M100US35620,35620,"New York-Northern New Jersey-Long Island, NY-NJ-PA Metro Area",11913,172,34446,328,63101,441,103431,591,244752,2463,451046,8606
310M100US35660,35660,"Niles-Benton Harbor, MI Metro Area",10399,955,24568,1400,41100,2401,68285,3154,136313,9020,224718,26720
310M100US35840,35840,"North Port-Bradenton-Sarasota, FL Metro Area",11427,740,28849,1115,45934,1486,71226,2300,155400,5864,270418,17438
310M100US35900,35900,"North Wilkesboro, NC Micro Area",7526,1842,19086,2506,31055,4369,50273,5758,109936,15549,185346,45788
310M100US35980,35980,"Norwich-New London, CT Metro Area",14651,1578,38525,2271,64783,3317,96811,3632,180175,8813,278696,24373
310M100US36020,36020,"Oak Harbor, WA Micro Area",15718,2491,37336,3597,60117,4740,87689,5267,163663,26273,275583,96421
310M100US36100,36100,"Ocala, FL Metro Area",11507,978,24336,1453,36667,1853,55739,3079,111618,6670,179609,17188
310M100US36140,36140,"Ocean City, NJ Metro Area",13195,2174,33494,3207,53175,4214,83721,5969,169414,16330,269645,39470
310M100US36220,36220,"Odessa, TX Metro Area",12651,1360,29989,2739,50320,3249,74126,3707,148836,15138,244134,51425
310M100US36260,36260,"Ogden-Clearfield, UT Metro Area",16347,1258,39305,1705,61060,1686,88327,2306,176280,11399,308044,39917
310M100US36300,36300,"Ogdensburg-Massena, NY Micro Area",9041,1543,25692,2227,43622,2928,66068,3748,126184,9436,193959,25247
310M100US36420,36420,"Oklahoma City, OK Metro Area",10800,438,27990,648,46972,969,73470,1445,155967,5636,272468,18629
310M100US36460,36460,"Olean, NY Micro Area",10191,832,22447,1689,38812,2214,61521,2980,123121,10119,214066,34299
310M100US36500,36500,"Olympia, WA Metro Area",13654,2358,38780,2582,59965,2808,83766,3282,150028,10127,231279,30715
310M100US36540,36540,"Omaha-Council Bluffs, NE-IA Metro Area",12600,571,33106,888,55149,1363,83336,1490,175146,10956,308631,38205
310M100US36660,36660,"Opelousas-Eunice, LA Micro Area",7528,1028,18868,1973,34867,3401,58817,5025,122882,16440,213697,53707
310M100US36700,36700,"Orangeburg, SC Micro Area",5007,1304,18686,2418,31508,2814,49893,4283,110384,22001,191346,80805
310M100US36740,36740,"Orlando-Kissimmee-Sanford, FL Metro Area",12021,510,28697,778,46101,1090,70700,1368,159116,6443,286453,20984
310M100US36780,36780,"Oshkosh-Neenah, WI Metro Area",12196,1337,28840,2272,47804,2871,72130,3407,161517,16186,306175,51750
310M100US36860,36860,"Ottawa-Streator, IL Micro Area",12335,1130,29263,2137,47992,2314,73547,3291,139961,9467,227219,30790
310M100US36980,36980,"Owensboro, KY Metro Area",11270,1005,25889,2008,46276,3379,70825,3544,127878,9922,197837,27194
310M100US37020,37020,"Owosso, MI Micro Area",12010,1932,29203,2670,48393,3150,72060,4782,155459,39838,293304,147004
310M100US37100,37100,"Oxnard-Thousand Oaks-Ventura, CA Metro Area",16792,997,43707,1673,74679,1713,113436,2587,220299,8158,357223,25145
310M100US37140,37140,"Paducah, KY-IL Micro Area",10105,1446,25620,2000,42088,2641,62921,3605,132549,17539,220351,56082
310M100US37260,37260,"Palatka, FL Micro Area",7036,2093,18193,2291,29542,3099,49208,4817,108289,15698,189940,44002
310M100US37340,37340,"Palm Bay-Melbourne-Titusville, FL Metro Area",11812,916,28852,1177,46708,1770,72566,2330,150875,8318,252928,25476
310M100US37380,37380,"Palm Coast, FL Metro Area",12450,1861,27938,4490,46085,6369,72013,7589,128020,12501,178642,21804
310M100US37460,37460,"Panama City-Lynn Haven-Panama City Beach, FL Metro Area",12170,1605,28908,2638,44975,3307,68049,4697,137259,16067,217389,35796
310M100US37620,37620,"Parkersburg-Marietta-Vienna, WV-OH Metro Area",10387,976,24067,1364,39329,1986,65345,2929,132320,7830,210622,22299
310M100US37700,37700,"Pascagoula, MS Metro Area",11093,1738,27925,2181,46885,2888,70043,3536,150615,14466,264662,41683
310M100US37820,37820,"Pendleton-Hermiston, OR Micro Area",10271,2090,25670,2852,42918,4049,70062,6076,130281,12618,198909,32565
310M100US37860,37860,"Pensacola-Ferry Pass-Brent, FL Metro Area",11874,1091,29798,1343,45980,2352,71179,2965,151056,11638,264609,33460
310M100US37900,37900,"Peoria, IL Metro Area",12650,650,31008,1224,49954,1535,76184,2516,147626,5929,241557,21211
310M100US37980,37980,"Philadelphia-Camden-Wilmington, PA-NJ-DE-MD Metro Area",12006,287,33793,457,58761,600,94060,799,200632,3017,341755,8805
310M100US38060,38060,"Phoenix-Mesa-Glendale, AZ Metro Area",11427,437,30685,527,50124,689,78360,1044,164329,3485,276944,9997
310M100US38220,38220,"Pine Bluff, AR Metro Area",7745,1272,20909,2210,39005,4221,62058,3898,134471,20701,251422,72796
310M100US38300,38300,"Pittsburgh, PA Metro Area",11358,294,28353,469,48643,667,76135,1090,162368,3963,276349,11548
310M100US38340,38340,"Pittsfield, MA Metro Area",11574,1432,26240,1669,44063,2952,70223,4349,171129,25639,331911,92831
310M100US38460,38460,"Plattsburgh, NY Micro Area",11673,1587,29122,2559,50964,4581,73110,4170,135597,12885,213334,38657
310M100US38540,38540,"Pocatello, ID Metro Area",10195,1654,24320,2962,41324,3148,61944,3406,111005,7379,156431,17618
310M100US38820,38820,"Port Angeles, WA Micro Area",12063,1765,30568,2880,49950,4044,73130,4168,144158,16594,257884,48543
310M100US38860,38860,"Portland-South Portland-Biddeford, ME Metro Area",12564,890,32750,1331,55794,1832,84440,2248,179459,11000,323763,37392
310M100US38900,38900,"Portland-Vancouver-Hillsboro, OR-WA Metro Area",12405,468,33029,722,55127,914,83912,1097,178028,5871,312547,20466
310M100US38940,38940,"Port St. Lucie, FL Metro Area",10417,973,26387,1385,44164,2157,68514,3004,161338,11118,309788,36279
310M100US39020,39020,"Portsmouth, OH Micro Area",7920,1139,16880,2390,29747,3068,49843,5306,116617,14010,195721,39716
310M100US39060,39060,"Pottsville, PA Micro Area",13149,1039,27769,1647,47529,2539,70183,2752,124324,7152,186786,18080
310M100US39100,39100,"Poughkeepsie-Newburgh-Middletown, NY Metro Area",13974,1060,38943,2000,67038,2162,103083,2989,199441,10098,324791,32180
310M100US39140,39140,"Prescott, AZ Metro Area",10813,1517,24587,2253,42361,4404,65285,4427,130146,14696,216377,45023
310M100US39300,39300,"Providence-New Bedford-Fall River, RI-MA Metro Area",11493,442,31038,841,54380,1324,87085,1659,178287,5981,300875,19840
310M100US39340,39340,"Provo-Orem, UT Metro Area",14827,973,36345,1973,57895,2315,82252,2898,161777,9995,269163,30059
310M100US39380,39380,"Pueblo, CO Metro Area",10062,1077,24340,1203,40810,2355,66234,3314,134953,10467,227111,31366
310M100US39460,39460,"Punta Gorda, FL Metro Area",12435,1367,27589,2351,42046,2771,64642,4934,168991,69513,376610,264603
310M100US39500,39500,"Quincy, IL-MO Micro Area",10514,1673,24854,2085,42372,3190,64071,3081,117200,8449,175458,20550
310M100US39540,39540,"Racine, WI Metro Area",14065,1352,33220,1917,53396,2521,77960,3524,149818,10270,245709,29623
310M100US39580,39580,"Raleigh-Cary, NC Metro Area",14259,875,36260,1399,59276,1833,93196,2995,184055,5765,290956,17302
310M100US39660,39660,"Rapid City, SD Metro Area",12596,1541,30812,2287,49303,3152,72926,3662,149537,17219,262867,56646
310M100US39740,39740,"Reading, PA Metro Area",13272,796,32473,1579,53015,1788,78784,2571,155660,9063,250654,25346
310M100US39820,39820,"Redding, CA Metro Area",10134,1025,24163,2066,42400,2877,65156,4112,132860,7597,206125,13582
310M100US39900,39900,"Reno-Sparks, NV Metro Area",12646,1153,31157,1629,50773,2087,78378,3657,176069,19809,324947,73931
310M100US39980,39980,"Richmond, IN Micro Area",9829,1610,22699,2261,36278,3194,56386,5172,123219,17234,214248,59971
310M100US40060,40060,"Richmond, VA Metro Area",13077,597,34700,939,55796,1229,85844,1626,174917,5992,293606,17398
310M100US40080,40080,"Richmond-Berea, KY Micro Area",6500,1142,19523,2666,36968,3109,59456,4828,130082,20093,229460,64188
310M100US40140,40140,"Riverside-San Bernardino-Ontario, CA Metro Area",12180,435,31285,689,52399,903,82068,1048,161135,3223,254244,9610
310M100US40220,40220,"Roanoke, VA Metro Area",12214,1013,31167,1591,49958,2106,74663,3203,147540,10741,240958,31861
310M100US40260,40260,"Roanoke Rapids, NC Micro Area",7673,1262,17561,2026,31378,2830,48185,3763,110540,22581,203531,83916
310M100US40340,40340,"Rochester, MN Metro Area",16009,1605,40162,2460,65390,2712,96126,3223,189079,13299,320156,37236
310M100US40380,40380,"Rochester, NY Metro Area",11235,537,29963,710,50461,1039,78777,1468,159234,7281,270298,24612
310M100US40420,40420,"Rockford, IL Metro Area",9482,1120,26102,1558,45162,2058,70573,2593,151163,11628,264279,34693
310M100US40580,40580,"Rocky Mount, NC Metro Area",9978,978,24143,1815,39403,2810,60958,3006,117331,8074,182545,22992
310M100US40660,40660,"Rome, GA Metro Area",8799,1405,22220,3072,41102,3965,63314,5652,126819,10907,192337,31288
310M100US40700,40700,"Roseburg, OR Micro Area",10940,1223,23953,2166,38461,2270,58598,3938,116832,11193,188059,35011
310M100US40740,40740,"Roswell, NM Micro Area",8899,2921,26421,2371,36826,3564,60942,7874,125460,23373,205926,77418
310M100US40780,40780,"Russellville, AR Micro Area",8451,1794,21637,2591,36342,3386,59470,4921,114624,10277,178500,24181
310M100US40900,40900,"Sacramento--Arden-Arcade--Roseville, CA Metro Area",12455,613,32689,965,55477,1187,87560,1448,175726,4376,277563,12463
310M100US40980,40980,"Saginaw-Saginaw Township North, MI Metro Area",9105,1082,25078,1612,40471,1743,63090,2852,129369,9977,206714,29011
310M100US41060,41060,"St. Cloud, MN Metro Area",12438,1409,32422,1914,52555,2024,78144,3251,142968,10098,228838,31760
310M100US41100,41100,"St. George, UT Metro Area",13096,2329,31479,2759,46415,3194,69299,4179,136827,14748,239134,44290
310M100US41140,41140,"St. Joseph, MO-KS Metro Area",10986,1221,26851,1833,44204,2124,65492,2781,116077,7356,172865,18262
310M100US41180,41180,"St. Louis, MO-IL Metro Area",11732,384,30977,599,51259,758,80535,1072,175124,4784,309726,16437
310M100US41420,41420,"Salem, OR Metro Area",11886,950,28520,1574,45740,1889,68319,2347,139074,9575,237451,31101
310M100US41500,41500,"Salinas, CA Metro Area",13711,1280,33343,1363,53638,2057,84277,3024,187334,11566,332827,36991
310M100US41540,41540,"Salisbury, MD Metro Area",8884,1678,25111,2455,45069,3895,72318,5194,169772,30870,337579,102729
310M100US41580,41580,"Salisbury, NC Micro Area",9244,1534,24138,2043,39599,2255,60465,3839,124410,11777,203935,38406
310M100US41620,41620,"Salt Lake City, UT Metro Area",14069,729,35597,1121,56831,1293,83435,1762,169154,5085,287478,18024
310M100US41660,41660,"San Angelo, TX Metro Area",10347,1039,23694,2063,43045,4767,69103,4040,149021,22602,272133,74237
310M100US41700,41700,"San Antonio-New Braunfels, TX Metro Area",11533,559,29480,884,48811,1118,76001,1549,163937,5958,282675,20960
310M100US41740,41740,"San Diego-Carlsbad-San Marcos, CA Metro Area",11999,574,34858,802,59493,1092,93714,1442,194109,3698,320379,10855
310M100US41780,41780,"Sandusky, OH Metro Area",11849,2026,29979,3209,47181,3790,69744,4315,140913,19087,239167,61252
310M100US41860,41860,"San Francisco-Oakland-Fremont, CA Metro Area",14666,476,41624,786,72997,1169,118097,1446,267821,5825,480684,19533
310M100US41940,41940,"San Jose-Sunnyvale-Santa Clara, CA Metro Area",17565,773,49192,1187,84835,1305,133741,2190,282994,7032,476760,20230
310M100US42020,42020,"San Luis Obispo-Paso Robles, CA Metro Area",10704,1404,30602,2184,53997,3096,86973,3444,172721,11116,285192,32255
310M100US42060,42060,"Santa Barbara-Santa Maria-Goleta, CA Metro Area",14137,1031,35618,1862,60352,2871,96787,4096,210951,12281,357676,35049
310M100US42100,42100,"Santa Cruz-Watsonville, CA Metro Area",12584,1360,35667,2268,62590,3610,99351,4812,205761,14925,331717,43233
310M100US42140,42140,"Santa Fe, NM Metro Area",11476,1341,29685,2648,51011,3743,83449,5477,196049,17616,352188,41530
310M100US42220,42220,"Santa Rosa-Petaluma, CA Metro Area",15066,995,36644,1508,61007,2075,94619,3878,191203,10949,305493,32565
310M100US42340,42340,"Savannah, GA Metro Area",10231,1204,28492,2099,47053,2810,73341,4113,149227,11010,242455,26519
310M100US42540,42540,"Scranton--Wilkes-Barre, PA Metro Area",11056,553,26525,922,44108,1265,69027,1859,138837,5687,228624,17339
310M100US42580,42580,"Seaford, DE Micro Area",14739,1063,33596,2156,53987,2678,80450,4154,163315,11010,281131,29558
310M100US42620,42620,"Searcy, AR Micro Area",8060,2328,23508,4013,44986,5135,73267,5483,130037,20091,208379,70108
310M100US42660,42660,"Seattle-Tacoma-Bellevue, WA Metro Area",14981,484,39362,664,64375,847,98733,1024,204064,3992,348072,12089
310M100US42680,42680,"Sebastian-Vero Beach, FL Metro Area",11394,1221,24877,1978,40364,3412,68507,5688,200789,36004,434272,124903
310M100US42700,42700,"Sebring, FL Micro Area",10084,1379,22344,2027,33866,2203,50612,4010,106656,13060,179736,34330
310M100US42860,42860,"Seneca, SC Micro Area",10351,1653,23974,2479,40957,4468,63338,4268,118464,11107,184438,19922
310M100US42940,42940,"Sevierville, TN Micro Area",10912,2217,25793,3833,42933,4403,64009,6099,129310,32772,232835,127246
310M100US43060,43060,"Shawnee, OK Micro Area",9538,1759,23064,2189,42032,3322,68517,5896,160161,36156,281842,133756
310M100US43100,43100,"Sheboygan, WI Metro Area",15313,1568,33583,2325,51113,2691,75283,3477,148925,14980,252023,51228
310M100US43140,43140,"Shelby, NC Micro Area",6961,1688,19909,2603,35087,3649,59470,5624,121469,11665,184499,27118
310M100US43300,43300,"Sherman-Denison, TX Metro Area",10936,1208,26933,2281,44537,3460,69145,4409,142003,10980,225034,24091
310M100US43320,43320,"Show Low, AZ Micro Area",6688,1654,19065,2133,31172,3566,52759,5432,119302,22442,204647,77918
310M100US43340,43340,"Shreveport-Bossier City, LA Metro Area",8985,880,24251,1332,43559,2171,71577,2705,156389,8454,268710,25248
310M100US43420,43420,"Sierra Vista-Douglas, AZ Micro Area",9264,1426,23615,2027,40345,3332,67206,5125,124357,7295,189849,19576
310M100US43580,43580,"Sioux City, IA-NE-SD Metro Area",11538,1219,27687,1966,46017,2769,70442,3657,155689,21601,285539,78470
310M100US43620,43620,"Sioux Falls, SD Metro Area",13946,1710,33023,2357,55496,3047,80600,3129,145253,7758,226970,20367
310M100US43740,43740,"Somerset, PA Micro Area",11642,956,25426,1363,39134,2698,60999,3387,124986,12345,206164,34820
310M100US43780,43780,"South Bend-Mishawaka, IN-MI Metro Area",11036,816,26486,1233,43676,1466,68093,2127,142242,6278,233933,17933
310M100US43860,43860,"Southern Pines-Pinehurst, NC Micro Area",10564,1534,25576,2844,44242,4317,68847,5666,183037,60715,386325,230679
310M100US43900,43900,"Spartanburg, SC Metro Area",9444,976,23960,1976,40938,2251,65706,3774,138232,12567,229722,34188
310M100US44060,44060,"Spokane, WA Metro Area",10750,839,28086,1050,48486,1577,73257,1664,145249,6241,238646,17909
310M100US44100,44100,"Springfield, IL Metro Area",11007,1150,29755,2120,51136,2651,81507,4397,156011,7907,244016,20404
310M100US44140,44140,"Springfield, MA Metro Area",10629,603,27759,1095,49924,1614,78868,1689,160450,7953,261059,27017
310M100US44180,44180,"Springfield, MO Metro Area",10719,885,26036,1028,41658,1564,63109,2021,128685,7043,222294,21674
310M100US44220,44220,"Springfield, OH Metro Area",9094,1020,24582,1596,41285,2089,64896,3336,124592,6958,184558,13919
310M100US44300,44300,"State College, PA Metro Area",7322,1501,26059,2199,47989,3214,75942,3419,160252,11268,267121,33487
310M100US44340,44340,"Statesboro, GA Micro Area",3511,1349,16077,3328,34257,4902,58440,4768,128568,17778,221296,42277
310M100US44380,44380,"Statesville-Mooresville, NC Micro Area",11158,2269,28615,3116,49521,4033,76352,6679,198978,38570,387051,126302
310M100US44420,44420,"Staunton-Waynesboro, VA Micro Area",11005,1505,27782,2474,45310,3827,67584,3474,121462,10111,191250,28912
310M100US44600,44600,"Steubenville-Weirton, OH-WV Metro Area",10221,991,24932,1892,41681,2214,61513,3219,129686,18078,231708,61397
310M100US44620,44620,"Stevens Point, WI Micro Area",11794,1905,31228,2810,49584,3193,70273,3796,135246,14561,225383,50653
310M100US44660,44660,"Stillwater, OK Micro Area",6876,1766,19889,3148,35719,3312,59493,4808,120264,13546,198352,40588
310M100US44700,44700,"Stockton, CA Metro Area",12476,753,30706,1377,50803,1736,78970,2933,156420,7765,249229,22891
310M100US44940,44940,"Sumter, SC Metro Area",10362,1731,26925,2336,42044,2737,58267,3258,127055,15071,211710,50710
310M100US44980,44980,"Sunbury, PA Micro Area",12117,1402,26084,1627,40405,2773,64450,4155,127263,12830,201370,37400
310M100US45060,45060,"Syracuse, NY Metro Area",11227,602,29687,1035,51382,1460,79576,1789,153548,4119,243367,13372
310M100US45180,45180,"Talladega-Sylacauga, AL Micro Area",6979,1319,16900,1930,30845,3414,51262,5370,101626,10085,152252,28020
310M100US45220,45220,"Tallahassee, FL Metro Area",7605,1010,25484,1702,45104,2141,73685,3295,160175,13004,277057,44158
310M100US45300,45300,"Tampa-St. Petersburg-Clearwater, FL Metro Area",10148,406,26334,606,44091,741,69392,1071,155135,3902,277730,12478
310M100US45460,45460,"Terre Haute, IN Metro Area",10248,1376,25465,1737,43527,2862,66976,3109,122029,6958,185700,20513
310M100US45500,45500,"Texarkana, TX-Texarkana, AR Metro Area",9207,1129,22823,2426,41564,3271,66747,4672,132367,12426,212817,34138
310M100US45540,45540,"The Villages, FL Micro Area",12337,1756,27913,3779,45256,4212,66424,4431,113776,14020,166291,30996
310M100US45640,45640,"Thomasville-Lexington, NC Micro Area",10485,2235,27134,2449,41642,3627,63382,4931,131030,15298,228440,49411
310M100US45780,45780,"Toledo, OH Metro Area",8777,698,24387,864,42148,1115,66442,1528,136621,5331,225521,17720
310M100US45820,45820,"Topeka, KS Metro Area",12028,1212,29602,1340,46963,2246,73433,3173,146672,13290,251547,47115
310M100US45860,45860,"Torrington, CT Micro Area",14843,1687,40644,2871,69472,3714,107665,5090,238299,35001,452181,125139
310M100US45900,45900,"Traverse City, MI Micro Area",12105,1156,28147,2007,46223,2289,68131,2854,153941,17068,278694,58631
310M100US45940,45940,"Trenton-Ewing, NJ Metro Area",14047,1334,42565,2539,73677,3536,114298,4759,255128,16383,447299,43812
310M100US46020,46020,"Truckee-Grass Valley, CA Micro Area",13578,1727,33040,3307,54527,4377,85259,6279,179607,19087,295744,41529
310M100US46060,46060,"Tucson, AZ Metro Area",9589,584,25730,812,44325,1221,70663,1723,153404,6868,266664,21034
310M100US46100,46100,"Tullahoma, TN Micro Area",8551,1248,21350,2970,35184,2958,58255,4937,119308,17414,198319,58288
310M100US46140,46140,"Tulsa, OK Metro Area",10619,484,27753,677,45934,961,72671,1446,159260,6099,287273,21904
310M100US46180,46180,"Tupelo, MS Micro Area",8650,1406,23082,2670,40227,3440,63203,4126,112010,8139,168521,22594
310M100US46220,46220,"Tuscaloosa, AL Metro Area",8520,882,22839,1790,40373,2344,66060,3533,139644,10621,243894,35531
310M100US46300,46300,"Twin Falls, ID Micro Area",13008,1883,27011,1751,40743,3322,61960,4703,138092,27066,263926,91465
310M100US46340,46340,"Tyler, TX Metro Area",10282,1475,26194,1783,43994,2487,69799,4250,162124,16541,299316,47150
310M100US46380,46380,"Ukiah, CA Micro Area",10911,2043,25868,2631,43458,3737,66358,4183,151418,22143,272275,79584
310M100US46540,46540,"Utica-Rome, NY Metro Area",10464,868,26807,1210,45368,1910,71744,2674,142409,7482,229227,21503
310M100US46660,46660,"Valdosta, GA Metro Area",6573,943,19026,1731,32860,2257,52064,3075,117886,11114,197628,35603
310M100US46700,46700,"Vallejo-Fairfield, CA Metro Area",15035,1255,39447,2433,64351,2409,96744,3895,185040,10936,283108,25508
310M100US47020,47020,"Victoria, TX Metro Area",12565,1300,28621,2080,45894,2919,72542,6002,140061,16339,224454,52012
310M100US47220,47220,"Vineland-Millville-Bridgeton, NJ Metro Area",13622,1507,31543,2132,52021,3664,79079,4017,147105,18124,243753,63790
310M100US47260,47260,"Virginia Beach-Norfolk-Newport News, VA-NC Metro Area",13967,561,36101,716,57606,811,86521,1246,166321,4599,268423,14253
310M100US47300,47300,"Visalia-Porterville, CA Metro Area",11252,867,25638,1177,41282,2001,66343,3424,137191,6971,220575,19315
310M100US47380,47380,"Waco, TX Metro Area",7800,875,23256,1503,40220,2061,66897,3361,153111,15914,274716,58202
310M100US47580,47580,"Warner Robins, GA Metro Area",12903,2120,31125,2957,50637,4868,76790,5609,132894,9372,181823,19341
310M100US47700,47700,"Warsaw, IN Micro Area",12345,2793,31276,3242,50353,3240,73462,4959,150202,21173,264666,64052
310M100US47900,47900,"Washington-Arlington-Alexandria, DC-VA-MD-WV Metro Area",20594,510,53967,823,87295,901,131339,1212,266444,4592,443348,15050
310M100US47940,47940,"Waterloo-Cedar Falls, IA Metro Area",11597,1233,28289,1535,45015,1767,70263,3084,147906,9631,252276,30357
310M100US48020,48020,"Watertown-Fort Atkinson, WI Micro Area",15383,2144,36232,2572,54747,3043,78987,3886,142212,12600,218214,32804
310M100US48060,48060,"Watertown-Fort Drum, NY Micro Area",11958,1454,26271,2388,45189,3323,65145,3784,118781,8701,184791,24771
310M100US48140,48140,"Wausau, WI Metro Area",14045,1210,32284,1827,51565,2303,76674,2683,154683,13432,271389,46071
310M100US48300,48300,"Wenatchee-East Wenatchee, WA Metro Area",14352,2507,34088,2876,50458,3232,72483,4639,142384,15743,231324,40960
310M100US48540,48540,"Wheeling, WV-OH Metro Area",9960,1047,24481,1705,40206,2107,63484,2915,122392,9305,199768,30679
310M100US48580,48580,"Whitewater, WI Micro Area",14112,1965,32473,2928,53022,4677,81157,5036,155227,15133,256717,49588
310M100US48620,48620,"Wichita, KS Metro Area",12733,696,30238,1173,49718,1684,75409,1827,140068,4516,227927,15131
310M100US48660,48660,"Wichita Falls, TX Metro Area",12384,1369,27827,2091,43869,2052,68273,3841,138333,10144,233165,32745
310M100US48700,48700,"Williamsport, PA Metro Area",11769,1258,27411,1763,42932,2358,64255,3109,121385,7075,191811,20152
310M100US48740,48740,"Willimantic, CT Micro Area",14339,1828,35081,3086,56588,3763,85695,5230,158803,11271,236917,24182
310M100US48900,48900,"Wilmington, NC Metro Area",9469,969,25734,1569,43694,2490,72807,3996,166352,17213,308292,59884
310M100US48980,48980,"Wilson, NC Micro Area",8076,1622,21243,2363,36436,2777,58550,4406,121019,16490,201265,54256
310M100US49020,49020,"Winchester, VA-WV Metro Area",10195,1550,28196,2765,49990,4138,83432,6464,164422,12718,254841,32581
310M100US49180,49180,"Winston-Salem, NC Metro Area",9902,623,25547,1047,42929,1664,68656,2228,155315,8319,278578,27928
310M100US49300,49300,"Wooster, OH Micro Area",13454,1160,30482,2019,46590,2742,69277,3558,130712,9033,206976,26583
310M100US49340,49340,"Worcester, MA Metro Area",13187,812,35307,1168,60672,1586,95605,2232,185527,5836,291423,15758
310M100US49420,49420,"Yakima, WA Metro Area",12581,1033,26172,1630,42421,2330,65985,3380,126659,7410,188449,16506
310M100US49620,49620,"York-Hanover, PA Metro Area",14285,1006,34867,1521,55889,1486,82187,2217,154324,5192,241866,15850
310M100US49660,49660,"Youngstown-Warren-Boardman, OH-PA Metro Area",9932,472,24638,633,40449,1075,62174,1592,121615,5012,191971,15931
310M100US49700,49700,"Yuba City, CA Metro Area",13054,1354,30147,2696,46871,2331,69500,3544,137470,12804,226951,35881
310M100US49740,49740,"Yuma, AZ Metro Area",9699,1718,25276,2194,38775,3297,58886,3477,124539,11633,201964,27287
310M100US49780,49780,"Zanesville, OH Micro Area",9662,1053,21624,1943,38511,3551,61206,4196,107409,7548,154418,18014
