GEO.id,GEO.id2,GEO.display-label,HD01_VD01,HD02_VD01,HD01_VD02,HD02_VD02,HD01_VD03,HD02_VD03,HD01_VD04,HD02_VD04,HD01_VD05,HD02_VD05,HD01_VD06,HD02_VD06,HD01_VD07,HD02_VD07,HD01_VD08,HD02_VD08,HD01_VD09,HD02_VD09,HD01_VD10,HD02_VD10
Id,Id2,Geography,Estimate; Total:,Margin of Error; Total:,Estimate; Under 18 years:,Margin of Error; Under 18 years:,Estimate; Under 18 years: - With health insurance coverage,Margin of Error; Under 18 years: - With health insurance coverage,Estimate; Under 18 years: - No health insurance coverage,Margin of Error; Under 18 years: - No health insurance coverage,Estimate; 18 to 64 years:,Margin of Error; 18 to 64 years:,Estimate; 18 to 64 years: - With health insurance coverage,Margin of Error; 18 to 64 years: - With health insurance coverage,Estimate; 18 to 64 years: - No health insurance coverage,Margin of Error; 18 to 64 years: - No health insurance coverage,Estimate; 65 years and over:,Margin of Error; 65 years and over:,Estimate; 65 years and over: - With health insurance coverage,Margin of Error; 65 years and over: - With health insurance coverage,Estimate; 65 years and over: - No health insurance coverage,Margin of Error; 65 years and over: - No health insurance coverage
0500000US01003,01003,"Baldwin County, Alabama",7999,93,2843,1,2095,709,748,710,4768,342,1393,636,3375,685,388,321,388,321,0,273
0500000US01015,01015,"Calhoun County, Alabama",3981,1,1469,2,1060,544,409,544,2370,157,727,559,1643,631,142,157,142,157,0,273
0500000US01043,01043,"Cullman County, Alabama",3497,4,1387,4,1096,223,291,223,2033,120,625,354,1408,406,77,121,77,121,0,273
0500000US01049,01049,"DeKalb County, Alabama",9622,2,4371,4,4085,409,286,409,5202,74,1619,800,3583,804,49,74,49,74,0,273
0500000US01069,01069,"Houston County, Alabama",3038,273,1064,5,688,216,376,217,1721,156,616,282,1105,273,253,156,206,152,47,75
0500000US01073,01073,"Jefferson County, Alabama",25601,57,8474,4,6370,1209,2104,1209,16907,259,3959,1248,12948,1298,220,253,220,253,0,273
0500000US01081,01081,"Lee County, Alabama",4568,104,1414,2,1350,123,64,123,3101,134,1160,482,1941,506,53,72,44,68,9,19
0500000US01083,01083,"Limestone County, Alabama",4550,110,1903,2,1770,191,133,190,2587,130,1064,532,1523,547,60,104,60,104,0,273
0500000US01089,01089,"Madison County, Alabama",15406,93,5288,4,4212,874,1076,875,9659,302,4003,1108,5656,1094,459,274,459,274,0,273
0500000US01095,01095,"Marshall County, Alabama",11288,273,4676,273,3628,779,1048,779,6612,273,1335,718,5277,718,0,273,0,273,0,273
0500000US01097,01097,"Mobile County, Alabama",10033,26,2960,5,1940,651,1020,651,6513,338,3986,1043,2527,862,560,335,560,335,0,273
0500000US01101,01101,"Montgomery County, Alabama",8165,170,2762,2,2532,302,230,302,4999,390,1624,757,3375,834,404,344,404,344,0,273
0500000US01103,01103,"Morgan County, Alabama",9184,273,3557,4,3050,637,507,638,5451,247,1604,1143,3847,1159,176,247,176,247,0,273
0500000US01117,01117,"Shelby County, Alabama",11682,273,4283,2,3728,320,555,320,6909,601,1777,587,5132,596,490,601,0,273,490,601
0500000US01125,01125,"Tuscaloosa County, Alabama",5960,85,1788,4,1136,590,652,590,3989,295,1615,640,2374,636,183,281,183,281,0,273
0500000US02020,02020,"Anchorage Municipality, Alaska",20995,610,8372,67,7465,694,907,689,11837,696,7865,1071,3972,1125,786,276,663,288,123,184
0500000US02170,02170,"Matanuska-Susitna Borough, Alaska",3171,200,1474,4,1317,203,157,202,1697,201,1367,241,330,220,0,246,0,246,0,246
0500000US04001,04001,"Apache County, Arizona",4067,254,1645,3,1326,317,319,318,1774,497,1287,552,487,419,648,542,648,542,0,305
0500000US04003,04003,"Cochise County, Arizona",41296,576,14419,4,12558,1294,1861,1294,22707,566,17251,1222,5456,1155,4170,74,4099,136,71,113
0500000US04005,04005,"Coconino County, Arizona",18324,2,6266,3,5436,652,830,652,11016,390,5423,997,5593,1191,1042,390,1042,390,0,305
0500000US04013,04013,"Maricopa County, Arizona",1125998,2226,436388,479,359812,7025,76576,6977,646373,2151,389015,10044,257358,9871,43237,387,39986,879,3251,921
0500000US04015,04015,"Mohave County, Arizona",28988,409,10668,5,9021,771,1647,771,15818,409,9754,1126,6064,1168,2502,4,2451,87,51,87
0500000US04017,04017,"Navajo County, Arizona",10632,557,4289,2,3623,854,666,854,5761,673,4586,759,1175,626,582,387,582,387,0,305
0500000US04019,04019,"Pima County, Arizona",336465,1201,116539,4,99308,3358,17231,3359,196867,1128,137378,4059,59489,4105,23059,461,22178,790,881,682
0500000US04021,04021,"Pinal County, Arizona",94616,2490,40357,90,30964,3979,9393,3969,48802,2480,35662,3537,13140,2939,5457,111,5186,344,271,324
0500000US04025,04025,"Yavapai County, Arizona",28568,551,10793,3,9461,1014,1332,1015,15598,551,10691,1292,4907,1309,2177,305,2177,305,0,305
0500000US04027,04027,"Yuma County, Arizona",116048,757,42900,8,36643,1952,6257,1952,66091,758,42762,3057,23329,3140,7057,4,6924,165,133,165
0500000US05007,05007,"Benton County, Arkansas",34579,145,14416,3,12972,764,1444,764,19596,491,12098,1885,7498,1821,567,472,513,465,54,105
0500000US05045,05045,"Faulkner County, Arkansas",4515,1,1651,4,866,533,785,534,2830,72,945,499,1885,529,34,72,34,72,0,273
0500000US05119,05119,"Pulaski County, Arkansas",21923,449,7693,3,6438,663,1255,662,13902,507,4505,1481,9397,1419,328,235,328,235,0,273
0500000US05125,05125,"Saline County, Arkansas",4049,114,1155,714,1155,714,0,273,2609,877,1520,671,1089,1059,285,267,285,267,0,273
0500000US05131,05131,"Sebastian County, Arkansas",15392,273,6558,7,6419,239,139,238,8706,136,2974,663,5732,674,128,136,94,114,34,62
0500000US05143,05143,"Washington County, Arkansas",31516,394,13290,4,11030,1010,2260,1010,17906,452,6922,1469,10984,1422,320,230,320,230,0,273
0500000US06001,06001,"Alameda County, California",338676,1645,108930,290,97811,2604,11119,2594,212088,1623,144870,4437,67218,4728,17658,127,17322,460,336,436
0500000US06007,06007,"Butte County, California",30857,357,10832,7,9398,916,1434,916,18352,357,11612,1228,6740,1225,1673,4,1673,4,0,294
0500000US06013,06013,"Contra Costa County, California",256612,467,88447,5,78304,2444,10143,2444,155378,378,107367,3982,48011,4002,12787,194,11823,701,964,679
0500000US06017,06017,"El Dorado County, California",21578,524,7886,294,7721,345,165,199,12592,529,9240,1135,3352,1066,1100,315,1100,315,0,294
0500000US06019,06019,"Fresno County, California",467042,984,172685,472,157277,2892,15408,2931,270261,843,166038,4721,104223,4824,24096,264,23121,598,975,537
0500000US06023,06023,"Humboldt County, California",13232,117,4549,5,4152,444,397,444,8206,383,4003,961,4203,964,477,369,477,369,0,294
0500000US06025,06025,"Imperial County, California",134716,1074,45372,222,39952,1641,5420,1666,77490,910,52663,2336,24827,2356,11854,538,11491,626,363,351
0500000US06029,06029,"Kern County, California",401253,2152,157135,288,134850,4020,22285,4008,228182,1641,127651,5479,100531,5488,15936,1187,15593,1173,343,265
0500000US06031,06031,"Kings County, California",70723,2180,27033,11,23474,1512,3559,1512,40435,2172,27965,2418,12470,2165,3255,145,3062,339,193,306
0500000US06033,06033,"Lake County, California",11194,2,4227,1,2932,1033,1295,1033,6306,412,4390,820,1916,837,661,412,661,412,0,294
0500000US06037,06037,"Los Angeles County, California",4680890,2058,1489462,1265,1297721,10018,191741,9833,2914431,1601,1594527,18567,1319904,18493,276997,945,261673,2085,15324,2078
0500000US06039,06039,"Madera County, California",78271,1298,30017,395,26364,1765,3653,1737,44604,1231,27183,2466,17421,2083,3650,255,3591,280,59,96
0500000US06041,06041,"Marin County, California",37562,546,11514,5,10405,675,1109,675,23915,970,13720,2142,10195,2210,2133,758,2133,758,0,294
0500000US06045,06045,"Mendocino County, California",19405,225,7551,3,7147,353,404,353,10852,424,7902,1118,2950,1077,1002,407,436,386,566,431
0500000US06047,06047,"Merced County, California",140643,397,54373,4,49455,1636,4918,1636,79559,376,50805,3450,28754,3458,6711,200,6613,232,98,142
0500000US06053,06053,"Monterey County, California",225846,881,81092,8,71825,2194,9267,2193,135149,866,76253,4309,58896,4402,9605,148,9527,156,78,70
0500000US06055,06055,"Napa County, California",43765,357,15412,3,11176,1847,4236,1846,26416,631,16486,1796,9930,1776,1937,503,1937,503,0,294
0500000US06057,06057,"Nevada County, California",8561,2,2937,4,2243,789,694,788,5419,194,2981,996,2438,963,205,195,205,195,0,294
0500000US06059,06059,"Orange County, California",1012189,3545,343177,3078,291574,6934,51603,6265,622108,1576,354224,9324,267884,9540,46904,346,44325,1259,2579,1189
0500000US06061,06061,"Placer County, California",45145,102,16357,4,15536,672,821,672,25762,103,17602,1656,8160,1665,3026,4,2810,203,216,203
0500000US06065,06065,"Riverside County, California",996749,1146,372447,226,318145,5512,54302,5494,576517,1182,334471,10006,242046,9879,47785,221,46331,712,1454,697
0500000US06067,06067,"Sacramento County, California",303534,1189,111463,279,103969,2079,7494,2114,177612,1149,121504,4791,56108,4921,14459,193,14142,301,317,246
0500000US06071,06071,"San Bernardino County, California",997447,1545,366283,574,317526,5546,48757,5560,582891,1293,353923,9519,228968,9561,48273,296,43075,1681,5198,1640
0500000US06073,06073,"San Diego County, California",975304,3889,331541,596,281144,5584,50397,5561,589221,3693,351026,9445,238195,9492,54542,615,50174,1478,4368,1323
0500000US06075,06075,"San Francisco County, California",121842,333,24150,321,20984,1357,3166,1397,87483,87,60329,4554,27154,4531,10209,61,9558,475,651,470
0500000US06077,06077,"San Joaquin County, California",264036,2702,101742,203,93947,2095,7795,2114,149163,2688,94376,3851,54787,4102,13131,95,12247,489,884,480
0500000US06079,06079,"San Luis Obispo County, California",53612,643,18076,4,15940,893,2136,893,32770,657,19466,2126,13304,2211,2766,93,2512,360,254,351
0500000US06081,06081,"San Mateo County, California",182885,379,55279,5,50996,1368,4283,1368,116353,265,79266,4179,37087,4085,11253,215,10845,456,408,402
0500000US06083,06083,"Santa Barbara County, California",180226,549,61079,4,52592,2987,8487,2987,109896,544,65155,3817,44741,3870,9251,158,9099,235,152,173
0500000US06085,06085,"Santa Clara County, California",479162,791,157719,405,146085,3211,11634,3138,295501,795,200046,5916,95455,5905,25942,241,25721,480,221,363
0500000US06087,06087,"Santa Cruz County, California",82969,2178,27732,5,26126,888,1606,887,51628,2165,34633,2980,16995,2667,3609,234,3415,243,194,150
0500000US06089,06089,"Shasta County, California",15010,2,5736,2,5474,274,262,273,8605,302,5749,732,2856,747,669,302,669,302,0,294
0500000US06095,06095,"Solano County, California",96701,1709,35384,241,33914,903,1470,878,57102,782,40199,2689,16903,2543,4215,1073,4012,1114,203,294
0500000US06097,06097,"Sonoma County, California",120664,510,43245,197,38741,1910,4504,1908,72720,475,44464,3372,28256,3436,4699,3,4471,340,228,341
0500000US06099,06099,"Stanislaus County, California",215792,500,82201,4,76045,1857,6156,1857,123588,474,77569,3838,46019,3848,10003,163,9549,415,454,376
0500000US06101,06101,"Sutter County, California",27067,414,10459,3,8570,697,1889,697,15155,659,6450,1548,8705,1702,1453,555,1453,555,0,294
0500000US06107,06107,"Tulare County, California",268633,412,106301,87,93891,2640,12410,2653,150093,351,87796,4338,62297,4314,12239,269,11817,386,422,298
0500000US06111,06111,"Ventura County, California",330842,1062,112856,220,98783,3064,14073,3015,200278,869,121223,5949,79055,6013,17708,265,16556,816,1152,719
0500000US06113,06113,"Yolo County, California",61271,67,20458,7,18815,944,1643,943,37544,7,26257,1993,11287,1993,3269,67,2863,384,406,377
0500000US06115,06115,"Yuba County, California",16623,1443,6649,1103,5965,1217,684,637,9453,728,6595,993,2858,934,521,363,521,363,0,294
0500000US08001,08001,"Adams County, Colorado",168058,954,63934,45,50857,3184,13077,3191,96867,951,54506,3530,42361,3530,7257,73,7013,273,244,291
0500000US08005,08005,"Arapahoe County, Colorado",105983,496,40714,219,33065,2046,7649,2025,61954,453,31913,2590,30041,2653,3315,56,3315,56,0,279
0500000US08013,08013,"Boulder County, Colorado",38920,870,14196,5,11770,1133,2426,1133,23150,870,13380,1780,9770,1779,1574,2,1439,161,135,160
0500000US08031,08031,"Denver County, Colorado",191127,794,66293,380,56381,2315,9912,2229,113957,677,67278,3871,46679,3944,10877,91,10351,376,526,378
0500000US08035,08035,"Douglas County, Colorado",21714,2,8672,3,8220,399,452,399,12432,329,9249,1230,3183,1211,610,329,610,329,0,279
0500000US08041,08041,"El Paso County, Colorado",91801,806,36219,133,30468,1924,5751,1903,51452,832,32575,2596,18877,2670,4130,72,4130,72,0,279
0500000US08059,08059,"Jefferson County, Colorado",75947,483,26178,314,20492,1698,5686,1677,45700,318,29934,2367,15766,2391,4069,166,4069,166,0,279
0500000US08069,08069,"Larimer County, Colorado",31424,377,11442,3,10437,899,1005,899,18676,702,12707,1358,5969,1245,1306,586,1306,586,0,279
0500000US08077,08077,"Mesa County, Colorado",19408,264,7260,2,5520,1223,1740,1223,11141,492,6264,1683,4877,1507,1007,422,1007,422,0,279
0500000US08101,08101,"Pueblo County, Colorado",65138,725,21180,3,19383,1055,1797,1054,37793,679,26219,1727,11574,1646,6165,223,6071,270,94,152
0500000US08123,08123,"Weld County, Colorado",71080,1359,28095,3,24083,1765,4012,1765,39621,1359,24218,3129,15403,2882,3364,64,3268,173,96,164
0500000US09001,09001,"Fairfield County, Connecticut",154849,518,47210,5,42923,1620,4287,1620,100279,497,57368,4171,42911,4178,7360,143,6710,396,650,410
0500000US09003,09003,"Hartford County, Connecticut",134299,676,47256,7,45226,1024,2030,1024,80430,615,62288,2864,18142,2892,6613,289,6569,249,44,76
0500000US09005,09005,"Litchfield County, Connecticut",8562,51,3226,2,2936,236,290,236,4871,223,3593,797,1278,761,465,223,465,223,0,281
0500000US09007,09007,"Middlesex County, Connecticut",7838,136,2888,2,2510,357,378,357,4742,313,3992,525,750,460,208,301,208,301,0,281
0500000US09009,09009,"New Haven County, Connecticut",128943,557,45768,70,43792,931,1976,928,78011,467,55056,2517,22955,2553,5164,233,4910,385,254,310
0500000US09011,09011,"New London County, Connecticut",21938,496,8166,3,7594,555,572,555,13267,648,9741,1124,3526,1089,505,377,415,311,90,150
0500000US09013,09013,"Tolland County, Connecticut",6004,350,2057,7,2057,7,0,281,3732,404,3198,638,534,545,215,194,215,194,0,281
0500000US09015,09015,"Windham County, Connecticut",11268,236,4404,2,4344,110,60,110,6517,429,4480,935,2037,747,347,356,347,356,0,281
0500000US10003,10003,"New Castle County, Delaware",46512,144,17019,4,14981,1097,2038,1097,27402,440,17002,2082,10400,2041,2091,433,2091,433,0,265
0500000US10005,10005,"Sussex County, Delaware",17083,73,6625,3,5863,750,762,750,10219,234,4820,1229,5399,1225,239,213,239,213,0,265
0500000US11001,11001,"District of Columbia, District of Columbia",54795,208,12258,8,11952,318,306,319,39768,208,31500,1973,8268,1974,2769,4,2492,267,277,267
0500000US12001,12001,"Alachua County, Florida",20640,178,4063,5,3879,300,184,299,15454,478,11233,1392,4221,1352,1123,434,1040,454,83,140
0500000US12005,12005,"Bay County, Florida",8156,126,2804,4,2463,407,341,407,4954,275,2793,752,2161,841,398,245,398,245,0,310
0500000US12009,12009,"Brevard County, Florida",44003,157,13471,4,11404,1556,2067,1556,25885,113,17367,1488,8518,1483,4647,111,4244,501,403,494
0500000US12011,12011,"Broward County, Florida",440229,589,111861,131,92922,3431,18939,3430,289946,512,173966,6122,115980,6015,38422,213,36744,786,1678,749
0500000US12015,12015,"Charlotte County, Florida",8943,213,2844,4,2280,544,564,544,5182,362,3074,814,2108,801,917,326,917,326,0,310
0500000US12017,12017,"Citrus County, Florida",6563,141,1926,2,1625,354,301,354,4028,316,2398,717,1630,642,609,278,609,278,0,310
0500000US12019,12019,"Clay County, Florida",14239,495,5358,5,4513,687,845,686,7803,586,5414,862,2389,841,1078,402,1078,402,0,310
0500000US12021,12021,"Collier County, Florida",83653,107,26583,3,20213,1678,6370,1678,52574,88,18975,2870,33599,2884,4496,59,4162,291,334,282
0500000US12023,12023,"Columbia County, Florida",3114,633,1472,189,1472,189,0,310,1224,477,720,490,504,477,418,355,418,355,0,310
0500000US12031,12031,"Duval County, Florida",64888,617,20220,5,16709,1400,3511,1401,41121,615,25700,2104,15421,2101,3547,57,2927,594,620,593
0500000US12033,12033,"Escambia County, Florida",11653,814,4007,3,3775,236,232,236,6720,854,3308,950,3412,982,926,236,926,236,0,310
0500000US12035,12035,"Flagler County, Florida",8327,2,2457,2,1762,542,695,542,4517,430,1988,848,2529,914,1353,429,1353,429,0,310
0500000US12053,12053,"Hernando County, Florida",17866,77,5541,7,4343,973,1198,972,9656,365,6296,902,3360,882,2669,350,2669,350,0,310
0500000US12055,12055,"Highlands County, Florida",16878,320,5482,4,5466,28,16,28,9926,526,4308,1042,5618,980,1470,412,1228,402,242,233
0500000US12057,12057,"Hillsborough County, Florida",307285,595,92632,32,79419,3010,13213,3008,189640,556,108264,5403,81376,5381,25013,171,24663,372,350,296
0500000US12061,12061,"Indian River County, Florida",15528,97,5192,1,3708,698,1484,699,9273,412,3677,1035,5596,909,1063,400,1063,400,0,310
0500000US12069,12069,"Lake County, Florida",35990,342,12571,4,11256,714,1315,714,20729,335,12312,1655,8417,1607,2690,68,2592,168,98,154
0500000US12071,12071,"Lee County, Florida",113985,135,37531,5,32887,1823,4644,1823,69800,117,28177,3868,41623,3866,6654,67,6654,67,0,310
0500000US12073,12073,"Leon County, Florida",14982,268,3293,4,3148,173,145,173,11109,489,8073,1346,3036,1471,580,425,580,425,0,310
0500000US12081,12081,"Manatee County, Florida",48154,113,17856,3,13415,1907,4441,1907,28422,423,11734,2163,16688,2046,1876,399,1595,558,281,328
0500000US12083,12083,"Marion County, Florida",35599,291,11644,5,8990,1081,2654,1081,20246,288,11154,1607,9092,1637,3709,41,3709,41,0,310
0500000US12085,12085,"Martin County, Florida",17515,187,6059,2,4898,1404,1161,1404,10758,476,5572,1030,5186,911,698,429,698,429,0,310
0500000US12086,12086,"Miami-Dade County, Florida",1618091,1878,329982,88,269106,5139,60876,5142,1046650,1815,539585,12259,507065,12145,241459,856,230902,2455,10557,2303
0500000US12087,12087,"Monroe County, Florida",14957,191,3659,4,2269,730,1390,730,9689,191,4003,1354,5686,1373,1609,310,1499,188,110,188
0500000US12091,12091,"Okaloosa County, Florida",11816,458,4160,3,3884,357,276,357,7185,638,4827,1217,2358,1287,471,447,471,447,0,310
0500000US12095,12095,"Orange County, Florida",307808,1321,88296,332,75535,2785,12761,2803,198799,645,116254,5145,82545,5247,20713,1055,19833,1156,880,571
0500000US12097,12097,"Osceola County, Florida",122454,433,37513,4,32101,1640,5412,1640,75517,275,44684,3647,30833,3670,9424,295,9217,334,207,335
0500000US12099,12099,"Palm Beach County, Florida",251136,704,71029,181,57939,2535,13090,2523,161140,602,79238,6047,81902,6055,18967,295,17794,764,1173,735
0500000US12101,12101,"Pasco County, Florida",54910,67,18627,2,15486,1502,3141,1502,32079,3,21051,2157,11028,2156,4204,67,3707,380,497,376
0500000US12103,12103,"Pinellas County, Florida",72823,400,22276,5,19650,1338,2626,1337,44808,395,24382,2646,20426,2682,5739,65,5739,65,0,310
0500000US12105,12105,"Polk County, Florida",105756,739,38276,7,30866,2472,7410,2473,61287,752,30042,2910,31245,2969,6193,69,6067,208,126,196
0500000US12107,12107,"Putnam County, Florida",6541,244,2609,3,2165,323,444,323,3717,373,1717,529,2000,683,215,262,215,262,0,310
0500000US12109,12109,"St. Johns County, Florida",10074,69,3340,8,3099,247,241,247,5847,264,4444,603,1403,539,887,259,887,259,0,310
0500000US12111,12111,"St. Lucie County, Florida",45969,223,15787,5,12511,1411,3276,1411,26853,214,12039,1830,14814,1800,3329,67,3329,67,0,310
0500000US12113,12113,"Santa Rosa County, Florida",6168,192,2257,84,2257,84,0,310,3538,296,2740,467,798,608,373,242,373,242,0,310
0500000US12115,12115,"Sarasota County, Florida",30152,68,9238,4,7975,752,1263,753,18668,392,10135,1630,8533,1575,2246,374,2004,405,242,229
0500000US12117,12117,"Seminole County, Florida",72814,150,21458,3,16561,2331,4897,2331,45825,68,28788,2618,17037,2614,5531,134,5163,359,368,335
0500000US12119,12119,"Sumter County, Florida",3343,402,1192,2,673,477,519,477,1935,442,965,397,970,490,216,205,216,205,0,310
0500000US12127,12127,"Volusia County, Florida",55212,225,17462,120,14501,1888,2961,1889,32425,141,19176,2217,13249,2192,5325,120,4944,446,381,427
0500000US13013,13013,"Barrow County, Georgia",5824,1163,2422,590,1719,830,703,767,3065,785,786,486,2279,888,337,329,337,329,0,300
0500000US13021,13021,"Bibb County, Georgia",4428,130,1362,975,0,300,1362,975,2885,1026,1729,1291,1156,442,181,199,181,199,0,300
0500000US13031,13031,"Bulloch County, Georgia",2470,44,747,3,535,227,212,227,1723,44,848,530,875,538,0,300,0,300,0,300
0500000US13045,13045,"Carroll County, Georgia",6818,83,2578,3,1969,619,609,618,4149,176,1107,601,3042,663,91,154,91,154,0,300
0500000US13051,13051,"Chatham County, Georgia",14048,435,4426,3,3731,294,695,294,9084,573,3544,1338,5540,1413,538,386,538,386,0,300
0500000US13057,13057,"Cherokee County, Georgia",20518,405,7744,5,6996,605,748,605,12367,518,5732,1362,6635,1250,407,317,407,317,0,300
0500000US13059,13059,"Clarke County, Georgia",12146,70,4270,2,2789,1490,1481,1490,7511,406,2234,1223,5277,1548,365,394,365,394,0,300
0500000US13063,13063,"Clayton County, Georgia",35362,94,13667,4,9570,1335,4097,1335,20906,527,3759,1300,17147,1440,789,517,505,521,284,298
0500000US13067,13067,"Cobb County, Georgia",84607,299,31489,3,23748,2864,7741,2864,51378,571,17921,3012,33457,2975,1740,462,1023,560,717,205
0500000US13073,13073,"Columbia County, Georgia",6143,216,2367,4,1614,769,753,770,3683,272,1822,716,1861,756,93,158,93,158,0,300
0500000US13077,13077,"Coweta County, Georgia",8486,144,2951,2,2032,713,919,713,5347,284,2293,916,3054,1001,188,228,188,228,0,300
0500000US13089,13089,"DeKalb County, Georgia",67846,209,21065,5,13350,2005,7715,2005,44933,483,10187,2172,34746,2175,1848,441,1731,400,117,187
0500000US13097,13097,"Douglas County, Georgia",11100,130,4569,4,3251,1060,1318,1060,6267,318,2274,860,3993,1006,264,280,264,280,0,300
0500000US13113,13113,"Fayette County, Georgia",6831,4,2603,3,2247,546,356,546,3932,194,2248,611,1684,582,296,194,296,194,0,300
0500000US13115,13115,"Floyd County, Georgia",8927,4,3558,5,3075,336,483,336,5369,7,2879,1117,2490,1117,0,300,0,300,0,300
0500000US13117,13117,"Forsyth County, Georgia",16616,224,6223,4,5090,1368,1133,1368,9742,404,4529,1293,5213,1273,651,310,651,310,0,300
0500000US13121,13121,"Fulton County, Georgia",72707,268,24060,7,18775,1525,5285,1525,47401,340,17856,2399,29545,2495,1246,233,1187,256,59,97
0500000US13135,13135,"Gwinnett County, Georgia",162513,582,60162,71,46219,2880,13943,2883,98998,531,32771,3705,66227,3792,3353,5,2146,355,1207,355
0500000US13139,13139,"Hall County, Georgia",46655,269,19700,90,15191,1949,4509,1946,25770,679,10791,2111,14979,2228,1185,667,1185,667,0,300
0500000US13151,13151,"Henry County, Georgia",11929,76,4699,3,3394,874,1305,874,6766,275,2989,1148,3777,1136,464,266,464,266,0,300
0500000US13153,13153,"Houston County, Georgia",8568,70,3186,4,2022,482,1164,482,5134,215,1907,772,3227,773,248,208,248,208,0,300
0500000US13215,13215,"Muscogee County, Georgia",10324,713,4137,4,3526,457,611,457,5676,751,3166,862,2510,912,511,263,511,263,0,300
0500000US13217,13217,"Newton County, Georgia",4710,2,1926,3,1262,624,664,625,2722,109,890,466,1832,500,62,109,62,109,0,300
0500000US13245,13245,"Richmond County, Georgia",7793,395,2599,2,2599,2,0,300,4844,555,2731,1126,2113,1167,350,326,350,326,0,300
0500000US13247,13247,"Rockdale County, Georgia",8154,300,3076,2,2536,606,540,606,4926,191,996,692,3930,714,152,191,152,191,0,300
0500000US13297,13297,"Walton County, Georgia",2718,2,1077,2,571,285,506,284,1641,3,462,381,1179,380,0,300,0,300,0,300
0500000US13313,13313,"Whitfield County, Georgia",31925,973,13822,4,11681,1128,2141,1128,18020,985,9803,1552,8217,1445,83,137,83,137,0,300
0500000US15001,15001,"Hawaii County, Hawaii",21242,156,8171,5,7289,940,882,939,11546,446,9936,816,1610,716,1525,465,1399,493,126,139
0500000US15003,15003,"Honolulu County, Hawaii",71088,1146,28720,3,28215,409,505,408,38524,1113,34329,1071,4195,1009,3844,129,3844,129,0,275
0500000US15007,15007,"Kauai County, Hawaii",6340,2,2380,3,2318,104,62,104,3528,223,2978,439,550,508,432,224,432,224,0,275
0500000US15009,15009,"Maui County, Hawaii",15461,235,5881,5,5635,392,246,392,8746,420,6803,733,1943,659,834,344,834,344,0,275
0500000US16001,16001,"Ada County, Idaho",27163,425,10974,4,9203,1033,1771,1033,14883,529,8880,1196,6003,1221,1306,300,1306,300,0,267
0500000US16019,16019,"Bonneville County, Idaho",12017,4,5306,3,4298,724,1008,724,6502,121,2846,841,3656,875,209,122,209,122,0,267
0500000US16027,16027,"Canyon County, Idaho",45011,505,19715,5,17004,1345,2711,1345,23909,505,12242,1791,11667,1717,1387,7,1374,25,13,24
0500000US16055,16055,"Kootenai County, Idaho",5333,4,2176,2,1968,272,208,272,2964,180,2202,444,762,399,193,180,193,180,0,267
0500000US16083,16083,"Twin Falls County, Idaho",11560,1559,4773,803,4143,944,630,559,6255,901,3126,804,3129,1084,532,288,491,291,41,72
0500000US17019,17019,"Champaign County, Illinois",10644,86,3033,2,2722,315,311,315,7384,168,5291,726,2093,746,227,154,140,122,87,132
0500000US17031,17031,"Cook County, Illinois",1246865,1000,423916,287,396047,4218,27869,4255,765425,673,433047,10671,332378,10509,57524,567,52771,1143,4753,1007
0500000US17037,17037,"DeKalb County, Illinois",10695,267,3958,2,3622,518,336,518,6390,311,4154,778,2236,843,347,311,347,311,0,267
0500000US17043,17043,"DuPage County, Illinois",121747,378,44577,4,43615,612,962,612,73277,341,46463,4223,26814,4230,3893,166,3664,259,229,214
0500000US17089,17089,"Kane County, Illinois",158648,515,61660,85,57589,1676,4071,1664,92340,505,54352,4276,37988,4370,4648,5,4345,370,303,369
0500000US17091,17091,"Kankakee County, Illinois",10171,108,4194,4,3817,439,377,438,5911,155,3646,638,2265,604,66,108,66,108,0,267
0500000US17093,17093,"Kendall County, Illinois",18080,2,7637,5,6669,757,968,757,10062,352,6633,1200,3429,1218,381,351,381,351,0,267
0500000US17097,17097,"Lake County, Illinois",139993,539,53770,70,48315,1626,5455,1627,82467,503,44646,3362,37821,3405,3756,144,3426,356,330,328
0500000US17099,17099,"LaSalle County, Illinois",9157,2,3676,1,2866,984,810,983,4866,354,3900,503,966,599,615,354,615,354,0,267
0500000US17111,17111,"McHenry County, Illinois",35478,267,14161,7,14024,222,137,222,20312,457,10955,1390,9357,1467,1005,458,1005,458,0,267
0500000US17113,17113,"McLean County, Illinois",7493,267,2786,3,2427,422,359,422,4445,279,2987,561,1458,559,262,279,262,279,0,267
0500000US17119,17119,"Madison County, Illinois",7021,205,2734,3,2585,235,149,235,3996,271,3017,598,979,531,291,185,291,185,0,267
0500000US17143,17143,"Peoria County, Illinois",7120,61,2698,2,2407,261,291,261,4299,170,2517,535,1782,558,123,141,123,141,0,267
0500000US17161,17161,"Rock Island County, Illinois",16993,147,6670,3,6515,204,155,204,9188,396,5466,905,3722,935,1135,377,1135,377,0,267
0500000US17163,17163,"St. Clair County, Illinois",8730,141,3324,3,3101,247,223,247,4982,263,3264,877,1718,817,424,232,424,232,0,267
0500000US17167,17167,"Sangamon County, Illinois",3561,267,1309,2,1309,2,0,267,2036,177,1826,304,210,217,216,176,216,176,0,267
0500000US17197,17197,"Will County, Illinois",105807,541,42366,3,40398,754,1968,754,60074,537,38150,3104,21924,3183,3367,73,3222,240,145,230
0500000US17201,17201,"Winnebago County, Illinois",31877,333,13185,288,12921,398,264,289,17406,349,10066,1658,7340,1634,1286,381,1210,379,76,129
0500000US18003,18003,"Allen County, Indiana",23184,166,9865,5,9114,571,751,572,12416,477,7364,1360,5052,1461,903,420,903,420,0,267
0500000US18019,18019,"Clark County, Indiana",5394,267,2103,2,1328,502,775,502,3280,19,657,401,2623,405,11,19,11,19,0,267
0500000US18039,18039,"Elkhart County, Indiana",27862,64,12244,4,10143,1437,2101,1437,15336,299,8344,1829,6992,1756,282,291,282,291,0,267
0500000US18053,18053,"Grant County, Indiana",2560,4,1018,4,923,211,95,211,1353,145,929,364,424,406,189,145,189,145,0,267
0500000US18057,18057,"Hamilton County, Indiana",9559,65,3967,4,3872,125,95,125,5383,195,4017,855,1366,887,209,186,209,186,0,267
0500000US18063,18063,"Hendricks County, Indiana",4272,151,1779,2,1526,249,253,249,2435,174,1724,439,711,392,58,99,58,99,0,267
0500000US18067,18067,"Howard County, Indiana",2306,2,814,174,814,174,0,267,1354,166,730,254,624,220,138,89,138,89,0,267
0500000US18081,18081,"Johnson County, Indiana",4039,469,1814,4,1761,110,53,109,2077,496,1451,512,626,441,148,171,148,171,0,267
0500000US18085,18085,"Kosciusko County, Indiana",5691,15,2449,3,2302,204,147,204,3174,128,1345,518,1829,507,68,126,68,126,0,267
0500000US18089,18089,"Lake County, Indiana",82750,156,30091,62,26540,1561,3551,1564,47450,143,32344,1937,15106,1930,5209,2,5209,2,0,267
0500000US18095,18095,"Madison County, Indiana",4070,181,1760,2,1760,2,0,267,1888,350,1272,407,616,259,422,300,422,300,0,267
0500000US18097,18097,"Marion County, Indiana",84654,232,32659,143,25445,2479,7214,2496,51188,402,23699,2646,27489,2608,807,385,610,301,197,245
0500000US18105,18105,"Monroe County, Indiana",4093,3,1093,3,1026,114,67,113,2524,385,1975,403,549,464,476,385,213,229,263,387
0500000US18127,18127,"Porter County, Indiana",13962,98,5561,4,5449,185,112,185,7421,468,4879,1047,2542,996,980,464,980,464,0,267
0500000US18141,18141,"St. Joseph County, Indiana",19401,228,8065,205,7664,331,401,265,10694,305,7199,954,3495,842,642,314,642,314,0,267
0500000US18157,18157,"Tippecanoe County, Indiana",13071,267,5006,4,4952,91,54,91,7786,167,4988,801,2798,772,279,167,195,129,84,140
0500000US18163,18163,"Vanderburgh County, Indiana",4004,2,1504,1,1462,81,42,81,2378,151,1640,570,738,544,122,151,122,151,0,267
0500000US19049,19049,"Dallas County, Iowa",4068,69,1776,1,1066,660,710,660,2240,112,1244,524,996,535,52,80,52,80,0,228
0500000US19103,19103,"Johnson County, Iowa",6109,157,2014,4,2014,4,0,228,4095,157,2487,473,1608,484,0,228,0,228,0,228
0500000US19153,19153,"Polk County, Iowa",32407,705,13722,5,11238,1194,2484,1194,18122,776,8483,1420,9639,1501,563,322,380,238,183,199
0500000US19155,19155,"Pottawattamie County, Iowa",6120,53,2603,2,1944,336,659,337,3241,175,1808,590,1433,590,276,184,276,184,0,228
0500000US19163,19163,"Scott County, Iowa",9186,108,3846,8,3769,96,77,95,5281,148,4409,496,872,477,59,104,59,104,0,228
0500000US19193,19193,"Woodbury County, Iowa",14032,121,6152,5,5838,368,314,368,7579,261,3813,1321,3766,1291,301,225,213,213,88,131
0500000US20015,20015,"Butler County, Kansas",2579,64,1030,2,675,338,355,338,1459,121,803,357,656,383,90,100,90,100,0,248
0500000US20045,20045,"Douglas County, Kansas",5759,248,1759,2,1403,463,356,463,3823,297,2101,835,1722,831,177,296,177,296,0,248
0500000US20091,20091,"Johnson County, Kansas",39158,236,15140,4,12986,1307,2154,1308,23101,465,12979,2030,10122,2068,917,399,917,399,0,248
0500000US20103,20103,"Leavenworth County, Kansas",3061,410,1706,2,1706,2,0,248,1204,400,896,217,308,309,151,103,151,103,0,248
0500000US20173,20173,"Sedgwick County, Kansas",64741,286,27850,168,24016,1559,3834,1519,34942,541,18240,2358,16702,2318,1949,510,1949,510,0,248
0500000US20177,20177,"Shawnee County, Kansas",19272,196,8027,5,6304,778,1723,778,10206,301,5303,1182,4903,1180,1039,257,1039,257,0,248
0500000US20209,20209,"Wyandotte County, Kansas",41774,4,16588,5,11411,1495,5177,1495,23895,274,9601,1531,14294,1531,1291,275,1291,275,0,248
0500000US21067,21067,"Fayette County, Kentucky",20218,238,7107,5,4886,1062,2221,1062,12855,336,4061,1050,8794,1124,256,211,256,211,0,271
0500000US21093,21093,"Hardin County, Kentucky",3158,909,1263,540,813,521,450,486,1834,461,1103,393,731,457,61,103,61,103,0,271
0500000US21111,21111,"Jefferson County, Kentucky",32704,80,11218,8,9209,1085,2009,1086,20202,298,9859,1694,10343,1673,1284,294,1145,308,139,139
0500000US21117,21117,"Kenton County, Kentucky",4237,271,1577,2,1410,272,167,272,2432,224,915,262,1517,290,228,224,228,224,0,271
0500000US21227,21227,"Warren County, Kentucky",5239,271,2049,2,1764,283,285,283,3091,120,1472,647,1619,653,99,120,49,82,50,88
0500000US22005,22005,"Ascension Parish, Louisiana",5059,281,1587,434,1587,434,0,281,3196,458,1458,742,1738,1048,276,146,276,146,0,281
0500000US22015,22015,"Bossier Parish, Louisiana",6958,211,2556,3,2556,3,0,281,4131,352,1786,663,2345,737,271,259,176,215,95,166
0500000US22017,22017,"Caddo Parish, Louisiana",6081,163,2005,3,2005,3,0,281,4000,200,2023,733,1977,746,76,102,76,102,0,281
0500000US22019,22019,"Calcasieu Parish, Louisiana",4867,126,1688,3,1303,592,385,592,2891,247,1572,584,1319,600,288,239,288,239,0,281
0500000US22033,22033,"East Baton Rouge Parish, Louisiana",15903,615,4161,3,3622,454,539,454,11095,644,5418,1084,5677,1249,647,288,498,245,149,237
0500000US22051,22051,"Jefferson Parish, Louisiana",53609,189,13427,3,11199,1005,2228,1005,35857,117,15011,1999,20846,2025,4325,149,4118,246,207,190
0500000US22055,22055,"Lafayette Parish, Louisiana",8598,83,2416,4,2301,248,115,248,5547,472,1483,789,4064,800,635,467,508,454,127,229
0500000US22063,22063,"Livingston Parish, Louisiana",3812,281,1426,3,1283,245,143,245,2097,193,862,567,1235,659,289,193,157,135,132,187
0500000US22071,22071,"Orleans Parish, Louisiana",18241,29,3425,3,3114,410,311,410,13505,29,6229,1110,7276,1114,1311,3,1311,3,0,281
0500000US22079,22079,"Rapides Parish, Louisiana",3498,32,1160,4,1160,4,0,281,2180,180,1267,521,913,502,158,167,158,167,0,281
0500000US22103,22103,"St. Tammany Parish, Louisiana",10884,287,3436,4,2620,726,816,727,6430,402,3100,884,3330,875,1018,270,1018,270,0,281
0500000US22105,22105,"Tangipahoa Parish, Louisiana",4202,112,1328,2,1268,114,60,114,2529,179,1036,459,1493,487,345,147,345,147,0,281
0500000US22109,22109,"Terrebonne Parish, Louisiana",4512,4,1368,2,1061,457,307,457,2954,226,1378,786,1576,800,190,226,190,226,0,281
0500000US23005,23005,"Cumberland County, Maine",4901,193,1732,4,1732,4,0,230,3010,190,2810,247,200,184,159,156,159,156,0,230
0500000US23031,23031,"York County, Maine",2434,75,852,338,852,338,0,230,1337,355,974,329,363,232,245,136,245,136,0,230
0500000US24003,24003,"Anne Arundel County, Maryland",31288,622,11031,87,9806,919,1225,921,19653,750,11740,1724,7913,1778,604,365,385,273,219,313
0500000US24005,24005,"Baltimore County, Maryland",33701,183,10916,3,8666,1002,2250,1002,21726,461,10124,1830,11602,1829,1059,447,782,387,277,389
0500000US24021,24021,"Frederick County, Maryland",17135,124,6170,20,5371,832,799,833,10680,239,6273,1506,4407,1507,285,205,256,206,29,52
0500000US24025,24025,"Harford County, Maryland",8652,68,3185,3,3046,235,139,235,5202,212,3930,909,1272,870,265,174,265,174,0,289
0500000US24027,24027,"Howard County, Maryland",16888,4,5845,5,4930,743,915,743,10282,349,5260,1641,5022,1539,761,349,393,263,368,352
0500000US24031,24031,"Montgomery County, Maryland",166164,406,49634,171,45204,1547,4430,1513,108621,325,60047,4083,48574,4105,7909,74,6588,579,1321,583
0500000US24033,24033,"Prince George's County, Maryland",128997,371,40414,5,35773,1448,4641,1448,85712,229,38207,3015,47505,3056,2871,287,2626,320,245,257
0500000US24043,24043,"Washington County, Maryland",5029,168,1923,126,1880,145,43,79,2824,330,2057,557,767,597,282,302,282,302,0,289
0500000US24510,24510,"Baltimore city, Maryland",25809,163,6943,4,6254,553,689,553,17980,358,6985,1654,10995,1681,886,312,886,312,0,289
0500000US25003,25003,"Berkshire County, Massachusetts",4410,155,1462,104,1343,225,119,195,2755,253,2072,604,683,569,193,194,193,194,0,285
0500000US25005,25005,"Bristol County, Massachusetts",32891,289,12828,112,12770,146,58,97,19146,424,16469,1097,2677,1027,917,371,917,371,0,285
0500000US25009,25009,"Essex County, Massachusetts",122420,950,42359,456,41984,548,375,315,74485,511,62946,2278,11539,2212,5576,64,5272,358,304,354
0500000US25013,25013,"Hampden County, Massachusetts",96581,266,36924,4,36540,362,384,362,55503,213,47928,2066,7575,2135,4154,136,4097,172,57,102
0500000US25015,25015,"Hampshire County, Massachusetts",7272,211,2255,4,1919,457,336,457,4746,252,4153,479,593,393,271,133,271,133,0,285
0500000US25017,25017,"Middlesex County, Massachusetts",97430,607,30482,6,29983,403,499,403,63290,514,56265,2406,7025,2397,3658,275,3458,347,200,210
0500000US25021,25021,"Norfolk County, Massachusetts",21527,289,7005,5,6915,160,90,159,13231,537,12428,723,803,572,1291,455,1291,455,0,285
0500000US25023,25023,"Plymouth County, Massachusetts",14758,422,5707,7,5671,69,36,68,8667,524,7343,924,1324,810,384,328,384,328,0,285
0500000US25025,25025,"Suffolk County, Massachusetts",143484,396,42126,114,41355,693,771,682,94901,321,77404,2434,17497,2417,6457,200,6266,480,191,300
0500000US25027,25027,"Worcester County, Massachusetts",74560,544,27541,5,26880,636,661,636,44162,517,37733,1914,6429,1916,2857,97,2757,183,100,162
0500000US26005,26005,"Allegan County, Michigan",7496,244,3315,3,3278,66,37,67,3987,141,2720,603,1267,555,194,141,194,141,0,244
0500000US26017,26017,"Bay County, Michigan",4923,310,2094,4,2028,124,66,125,2538,343,1922,448,616,363,291,165,291,165,0,244
0500000US26021,26021,"Berrien County, Michigan",7050,71,2719,2,2668,79,51,79,4041,194,1888,659,2153,619,290,179,290,179,0,244
0500000US26025,26025,"Calhoun County, Michigan",6171,66,2596,3,2596,3,0,244,3279,149,2472,381,807,311,296,134,296,134,0,244
0500000US26045,26045,"Eaton County, Michigan",5154,244,2015,2,2015,2,0,244,2902,245,2323,418,579,385,237,245,237,245,0,244
0500000US26049,26049,"Genesee County, Michigan",12511,445,4782,498,4562,522,220,266,6931,401,5738,650,1193,511,798,352,798,352,0,244
0500000US26065,26065,"Ingham County, Michigan",20409,133,7459,3,7140,226,319,226,11872,268,9759,688,2113,699,1078,241,1078,241,0,244
0500000US26073,26073,"Isabella County, Michigan",2216,65,786,3,733,60,53,60,1412,67,1171,191,241,180,18,23,18,23,0,244
0500000US26075,26075,"Jackson County, Michigan",4668,159,1947,4,1818,203,129,203,2501,230,1523,498,978,401,220,170,149,155,71,110
0500000US26077,26077,"Kalamazoo County, Michigan",9938,148,3835,3,3835,3,0,244,5906,209,5052,549,854,498,197,130,197,130,0,244
0500000US26081,26081,"Kent County, Michigan",58751,71,24790,3,23687,817,1103,817,32374,665,21135,1962,11239,1993,1587,659,1518,662,69,123
0500000US26087,26087,"Lapeer County, Michigan",3621,64,1486,7,1202,329,284,329,2092,95,711,306,1381,310,43,69,43,69,0,244
0500000US26091,26091,"Lenawee County, Michigan",7303,220,2888,2,2888,2,0,244,3778,338,1982,684,1796,577,637,278,637,278,0,244
0500000US26099,26099,"Macomb County, Michigan",19159,93,7237,59,6792,683,445,681,10428,294,7595,982,2833,957,1494,299,1494,299,0,244
0500000US26115,26115,"Monroe County, Michigan",4666,80,1837,80,1616,245,221,239,2577,250,898,498,1679,582,252,249,252,249,0,244
0500000US26125,26125,"Oakland County, Michigan",41950,167,15834,3,13685,1308,2149,1308,24241,123,15270,1292,8971,1304,1875,113,1796,173,79,128
0500000US26139,26139,"Ottawa County, Michigan",22906,244,9416,4,8361,848,1055,848,12773,402,9341,1003,3432,913,717,402,673,377,44,74
0500000US26145,26145,"Saginaw County, Michigan",15233,218,5920,3,5242,617,678,617,8071,658,4787,900,3284,728,1242,658,1242,658,0,244
0500000US26147,26147,"St. Clair County, Michigan",4692,244,1932,2,1879,93,53,93,2508,132,1706,320,802,341,252,132,252,132,0,244
0500000US26159,26159,"Van Buren County, Michigan",7666,132,3364,4,2656,410,708,411,4229,171,2020,517,2209,560,73,93,73,93,0,244
0500000US26161,26161,"Washtenaw County, Michigan",13761,101,4304,5,4155,180,149,179,8732,333,6750,951,1982,867,725,317,725,317,0,244
0500000US26163,26163,"Wayne County, Michigan",95068,157,36068,4,32857,1810,3211,1809,54185,140,29842,2763,24343,2787,4815,98,4599,317,216,307
0500000US27003,27003,"Anoka County, Minnesota",11907,152,5176,73,4329,613,847,598,6439,204,3734,1000,2705,952,292,148,259,144,33,52
0500000US27037,27037,"Dakota County, Minnesota",24148,2,10004,5,7172,1056,2832,1056,13662,348,9994,1125,3668,1149,482,347,482,347,0,211
0500000US27053,27053,"Hennepin County, Minnesota",77942,202,29361,108,24810,1101,4551,1095,47497,380,26261,2667,21236,2626,1084,353,1084,353,0,211
0500000US27109,27109,"Olmsted County, Minnesota",5933,130,2448,4,1730,820,718,819,3392,173,1954,560,1438,615,93,125,93,125,0,211
0500000US27123,27123,"Ramsey County, Minnesota",36534,167,14032,3,10977,1266,3055,1267,20980,393,12546,1626,8434,1732,1522,379,1522,379,0,211
0500000US27139,27139,"Scott County, Minnesota",5837,211,2491,4,1450,596,1041,596,3306,74,1133,682,2173,693,40,74,40,74,0,211
0500000US27145,27145,"Stearns County, Minnesota",4231,4,1794,3,1317,481,477,481,2345,110,1303,493,1042,515,92,110,92,110,0,211
0500000US27163,27163,"Washington County, Minnesota",8119,158,3509,3,3193,268,316,268,4451,210,3645,543,806,577,159,129,159,129,0,211
0500000US28033,28033,"DeSoto County, Mississippi",8151,4,3196,4,2060,853,1136,853,4882,110,2729,1085,2153,1075,73,110,73,110,0,287
0500000US28035,28035,"Forrest County, Mississippi",2580,147,814,3,651,173,163,173,1766,147,885,536,881,562,0,287,0,287,0,287
0500000US28047,28047,"Harrison County, Mississippi",9150,521,2955,5,2165,680,790,680,5843,530,1702,733,4141,843,352,185,352,185,0,287
0500000US28059,28059,"Jackson County, Mississippi",6468,2,2292,2,1819,400,473,400,4089,159,2226,717,1863,702,87,159,87,159,0,287
0500000US28121,28121,"Rankin County, Mississippi",3784,67,1331,4,546,387,785,386,2234,205,795,513,1439,531,219,201,219,201,0,287
0500000US29021,29021,"Buchanan County, Missouri",4643,75,1799,4,1715,148,84,148,2679,200,1765,500,914,514,165,190,165,190,0,259
0500000US29037,29037,"Cass County, Missouri",4037,259,1682,4,1561,188,121,188,2225,155,1370,275,855,245,130,154,130,154,0,259
0500000US29047,29047,"Clay County, Missouri",13065,196,5234,92,5018,293,216,284,6954,313,5371,599,1583,568,877,267,812,321,65,109
0500000US29077,29077,"Greene County, Missouri",8042,170,2942,2,2794,230,148,230,4798,249,2824,711,1974,734,302,179,302,179,0,259
0500000US29095,29095,"Jackson County, Missouri",56515,215,21412,100,18182,1364,3230,1360,32684,128,15335,2014,17349,2016,2419,2,2175,284,244,284
0500000US29097,29097,"Jasper County, Missouri",8103,259,3534,2,2340,1292,1194,1292,4442,220,2522,853,1920,796,127,220,127,220,0,259
0500000US29099,29099,"Jefferson County, Missouri",3462,1,1353,2,1105,398,248,398,1999,125,1299,365,700,366,110,125,110,125,0,259
0500000US29165,29165,"Platte County, Missouri",4420,131,1689,4,1689,4,0,259,2605,163,1925,547,680,540,126,101,91,86,35,58
0500000US29183,29183,"St. Charles County, Missouri",10063,65,3875,4,3721,272,154,271,5839,226,3876,824,1963,836,349,216,349,216,0,259
0500000US29189,29189,"St. Louis County, Missouri",25011,175,8727,7,8327,272,400,271,15142,470,10488,1165,4654,1056,1142,447,1142,447,0,259
0500000US29510,29510,"St. Louis city, Missouri",11207,4,3253,2,1267,893,1986,894,7264,210,3760,1000,3504,964,690,209,690,209,0,259
0500000US30031,30031,"Gallatin County, Montana",2925,383,908,278,554,431,354,412,1888,146,1370,461,518,413,129,83,129,83,0,237
0500000US30063,30063,"Missoula County, Montana",2905,2,742,458,585,449,157,289,2041,492,1665,701,376,299,122,127,122,127,0,237
0500000US30111,30111,"Yellowstone County, Montana",6803,138,2842,16,1846,684,996,685,3455,289,2072,646,1383,553,506,266,506,266,0,237
0500000US31055,31055,"Douglas County, Nebraska",57805,340,23482,229,18879,1667,4603,1686,32936,241,15743,1671,17193,1627,1387,5,1218,157,169,157
0500000US31109,31109,"Lancaster County, Nebraska",16361,277,6413,4,5455,793,958,793,9293,430,5168,1024,4125,1011,655,327,655,327,0,228
0500000US31153,31153,"Sarpy County, Nebraska",11423,305,4917,3,4917,3,0,228,6203,405,5183,890,1020,753,303,213,303,213,0,228
0500000US32003,32003,"Clark County, Nevada",566696,915,206099,222,157179,5126,48920,5138,337806,878,187910,7499,149896,7522,22791,33,19111,1655,3680,1656
0500000US32031,32031,"Washoe County, Nevada",93974,303,35577,7,26670,2233,8907,2233,54963,303,28399,2925,26564,2921,3434,3,3061,316,373,316
0500000US33009,33009,"Grafton County, New Hampshire",1712,257,465,7,249,135,216,135,1247,7,1157,114,90,114,0,257,0,257,0,257
0500000US33011,33011,"Hillsborough County, New Hampshire",21111,182,8152,62,7125,990,1027,987,11843,350,7594,1304,4249,1281,1116,286,1116,286,0,257
0500000US33015,33015,"Rockingham County, New Hampshire",6072,42,2248,4,1952,280,296,280,3327,383,2904,392,423,404,497,379,497,379,0,257
0500000US34001,34001,"Atlantic County, New Jersey",46201,347,15857,4,15271,533,586,534,28345,347,19449,1802,8896,1764,1999,60,1601,452,398,450
0500000US34003,34003,"Bergen County, New Jersey",145325,677,41029,5,36101,1639,4928,1639,95046,211,62762,3629,32284,3605,9250,644,8257,929,993,707
0500000US34005,34005,"Burlington County, New Jersey",26179,653,9286,194,8784,436,502,402,15326,746,12742,938,2584,769,1567,403,1538,412,29,50
0500000US34007,34007,"Camden County, New Jersey",73102,204,25717,5,23519,1023,2198,1023,44051,203,26737,2072,17314,2056,3334,4,3334,4,0,281
0500000US34009,34009,"Cape May County, New Jersey",5995,267,2126,4,899,633,1227,633,3549,309,1153,769,2396,806,320,169,320,169,0,281
0500000US34011,34011,"Cumberland County, New Jersey",39990,742,14679,104,12730,876,1949,885,23470,842,11186,1851,12284,1977,1841,402,1841,402,0,281
0500000US34013,34013,"Essex County, New Jersey",157142,1560,44937,1489,39271,1965,5666,1469,103063,583,54982,3549,48081,3553,9142,97,8463,383,679,387
0500000US34015,34015,"Gloucester County, New Jersey",13844,4,5211,4,5126,108,85,108,8369,283,5431,1265,2938,1245,264,284,264,284,0,281
0500000US34017,34017,"Hudson County, New Jersey",268472,393,67291,5,60452,1803,6839,1803,176444,291,102073,5091,74371,5082,24737,167,22070,1073,2667,1082
0500000US34019,34019,"Hunterdon County, New Jersey",5920,522,1975,5,1863,164,112,164,3662,543,3407,496,255,220,283,134,283,134,0,281
0500000US34021,34021,"Mercer County, New Jersey",54907,394,16588,3,14380,920,2208,921,36304,377,21756,2161,14548,2160,2015,66,1953,129,62,109
0500000US34023,34023,"Middlesex County, New Jersey",148951,394,45940,5,40170,1689,5770,1688,95338,359,57384,2943,37954,2920,7673,127,6617,516,1056,507
0500000US34025,34025,"Monmouth County, New Jersey",61138,157,19739,5,17745,927,1994,926,38678,145,24140,2387,14538,2360,2721,62,2618,161,103,154
0500000US34027,34027,"Morris County, New Jersey",56612,188,15915,5,13621,1547,2294,1547,38036,156,22504,2861,15532,2876,2661,129,2481,286,180,263
0500000US34029,34029,"Ocean County, New Jersey",47741,346,16573,173,16142,429,431,387,28293,302,17043,2258,11250,2308,2875,281,2656,253,219,253
0500000US34031,34031,"Passaic County, New Jersey",185749,287,56888,4,51671,1465,5217,1464,117939,162,66706,3920,51233,3955,10922,236,10037,672,885,645
0500000US34033,34033,"Salem County, New Jersey",4507,72,1766,2,1766,2,0,281,2461,260,1779,434,682,368,280,256,280,256,0,281
0500000US34035,34035,"Somerset County, New Jersey",42123,358,12876,350,12199,630,677,580,27325,461,15623,2154,11702,1998,1922,463,1749,432,173,268
0500000US34037,34037,"Sussex County, New Jersey",9667,62,3297,2,3297,2,0,281,5818,257,4333,863,1485,886,552,252,552,252,0,281
0500000US34039,34039,"Union County, New Jersey",146824,326,41235,3,36120,1756,5115,1757,96636,249,55140,3105,41496,3130,8953,228,8110,410,843,405
0500000US34041,34041,"Warren County, New Jersey",7730,2,2703,4,2703,4,0,281,4333,521,3284,619,1049,589,694,521,694,521,0,281
0500000US35001,35001,"Bernalillo County, New Mexico",318155,672,98710,356,86332,2718,12378,2714,193984,444,137510,4966,56474,4978,25461,252,24675,579,786,519
0500000US35005,35005,"Chaves County, New Mexico",32385,1877,11705,1238,10622,1550,1083,920,18205,1136,11792,1599,6413,1509,2475,540,2181,540,294,348
0500000US35013,35013,"Doña Ana County, New Mexico",136181,1229,45125,3,42333,1300,2792,1300,79749,1198,48625,3368,31124,3331,11307,296,10672,517,635,451
0500000US35031,35031,"McKinley County, New Mexico",9511,169,3403,4,2756,492,647,491,4927,374,3296,970,1631,908,1181,345,1096,361,85,143
0500000US35043,35043,"Sandoval County, New Mexico",46430,277,15799,4,14505,793,1294,792,27255,277,21135,1611,6120,1607,3376,2,3292,87,84,87
0500000US35045,35045,"San Juan County, New Mexico",24482,296,9314,148,7344,1214,1970,1195,13891,367,6354,1248,7537,1306,1277,285,1277,285,0,285
0500000US35049,35049,"Santa Fe County, New Mexico",71756,892,21074,4,19417,576,1657,576,43544,833,28587,1698,14957,1654,7138,353,7033,367,105,119
0500000US35061,35061,"Valencia County, New Mexico",43971,1335,14430,575,13950,703,480,425,25407,930,16398,1804,9009,1707,4134,358,4009,378,125,156
0500000US36001,36001,"Albany County, New York",14792,348,4697,343,4244,717,453,620,9732,219,8608,732,1124,746,363,224,363,224,0,275
0500000US36005,36005,"Bronx County, New York",734103,1178,221191,291,212029,1836,9162,1835,456448,1036,331079,7129,125369,7070,56464,885,54718,1150,1746,714
0500000US36007,36007,"Broome County, New York",6818,144,2471,3,2426,82,45,82,4051,236,3571,466,480,363,296,189,296,189,0,275
0500000US36013,36013,"Chautauqua County, New York",8236,119,3267,3,2927,506,340,506,4728,205,3844,755,884,727,241,164,241,164,0,275
0500000US36027,36027,"Dutchess County, New York",29728,516,9878,148,8830,690,1048,654,18624,674,12477,1547,6147,1331,1226,496,1226,496,0,275
0500000US36029,36029,"Erie County, New York",40790,474,15824,4,15513,373,311,373,23363,495,19120,1231,4243,1219,1603,363,1603,363,0,275
0500000US36047,36047,"Kings County, New York",495706,968,136695,531,126985,2314,9710,2242,319479,708,219079,6112,100400,6093,39532,400,38472,692,1060,562
0500000US36055,36055,"Monroe County, New York",54032,168,20305,67,19193,696,1112,688,31112,152,26044,1490,5068,1467,2615,4,2615,4,0,275
0500000US36059,36059,"Nassau County, New York",195744,431,57324,282,49083,2331,8241,2354,127826,279,76364,4972,51462,4951,10594,127,10181,458,413,429
0500000US36061,36061,"New York County, New York",402933,934,88727,5,85199,1492,3528,1493,265408,808,197952,5892,67456,5789,48798,345,47802,764,996,696
0500000US36065,36065,"Oneida County, New York",8856,666,3873,291,3873,291,0,275,4571,592,4412,597,159,150,412,161,412,161,0,275
0500000US36067,36067,"Onondaga County, New York",18754,179,7285,10,7090,244,195,243,10631,395,7796,1169,2835,1076,838,353,838,353,0,275
0500000US36069,36069,"Ontario County, New York",3711,2,1413,2,931,388,482,389,2034,111,885,623,1149,605,264,111,264,111,0,275
0500000US36071,36071,"Orange County, New York",65972,663,24120,5,22708,742,1412,742,38894,661,26732,2364,12162,2349,2958,64,2958,64,0,275
0500000US36079,36079,"Putnam County, New York",11353,374,3185,368,3028,434,157,237,7653,222,3990,1510,3663,1509,515,214,515,214,0,275
0500000US36081,36081,"Queens County, New York",614438,660,154970,6,146173,1733,8797,1733,414635,533,261857,7475,152778,7475,44833,389,43637,888,1196,690
0500000US36085,36085,"Richmond County, New York",80639,586,26520,113,25736,547,784,530,50123,549,38936,2601,11187,2537,3996,111,3996,111,0,275
0500000US36087,36087,"Rockland County, New York",48974,62,14749,4,13838,665,911,665,31761,77,18128,2086,13633,2089,2464,83,2464,83,0,275
0500000US36091,36091,"Saratoga County, New York",5179,199,1871,3,1679,310,192,310,3228,231,2533,453,695,483,80,103,80,103,0,275
0500000US36093,36093,"Schenectady County, New York",8869,67,3578,4,3413,223,165,223,5038,242,3894,567,1144,498,253,222,253,222,0,275
0500000US36103,36103,"Suffolk County, New York",247275,375,77542,305,70822,2145,6720,2136,158260,199,99787,4563,58473,4539,11473,90,10698,535,775,536
0500000US36105,36105,"Sullivan County, New York",10431,163,3557,4,3264,397,293,397,6134,358,3574,965,2560,846,740,355,510,240,230,240
0500000US36111,36111,"Ulster County, New York",14875,473,5041,140,4901,214,140,134,9374,506,6808,893,2566,764,460,280,460,280,0,275
0500000US36119,36119,"Westchester County, New York",206852,474,61577,170,56479,1805,5098,1785,134558,378,73262,3776,61296,3701,10717,228,10295,394,422,364
0500000US37001,37001,"Alamance County, North Carolina",16685,4,6966,3,5879,733,1087,733,9384,325,2478,1100,6906,1159,335,324,335,324,0,289
0500000US37021,37021,"Buncombe County, North Carolina",14099,322,5377,34,4429,777,948,778,8337,478,3213,1133,5124,1153,385,336,269,243,116,192
0500000US37023,37023,"Burke County, North Carolina",4642,4,1762,4,1359,437,403,437,2742,204,1058,692,1684,702,138,204,138,204,0,289
0500000US37025,37025,"Cabarrus County, North Carolina",16914,10,7104,10,5801,846,1303,847,9438,344,3359,1334,6079,1379,372,344,195,240,177,274
0500000US37035,37035,"Catawba County, North Carolina",12979,160,5245,2,4789,399,456,399,7433,374,3204,732,4229,798,301,303,271,296,30,59
0500000US37045,37045,"Cleveland County, North Carolina",2794,289,1105,2,1001,177,104,178,1578,115,384,274,1194,303,111,115,111,115,0,289
0500000US37049,37049,"Craven County, North Carolina",5287,493,2313,2,2218,172,95,172,2734,534,1614,699,1120,773,240,230,176,208,64,114
0500000US37051,37051,"Cumberland County, North Carolina",27082,1021,11531,5,10897,521,634,522,14405,1126,10799,1394,3606,1294,1146,428,917,382,229,292
0500000US37057,37057,"Davidson County, North Carolina",10437,2,4301,3,3689,596,612,596,6042,167,2071,918,3971,915,94,166,94,166,0,289
0500000US37063,37063,"Durham County, North Carolina",35715,193,12614,4,10008,1232,2606,1232,22729,312,8167,1679,14562,1611,372,249,167,139,205,249
0500000US37067,37067,"Forsyth County, North Carolina",41889,114,17414,5,12952,1958,4462,1958,23563,374,7829,1949,15734,1959,912,362,912,362,0,289
0500000US37071,37071,"Gaston County, North Carolina",12349,289,4666,4,2964,1007,1702,1007,7591,148,3061,947,4530,954,92,148,92,148,0,289
0500000US37081,37081,"Guilford County, North Carolina",35109,2,13140,5,9878,1339,3262,1339,21332,486,7854,1313,13478,1486,637,484,637,484,0,289
0500000US37085,37085,"Harnett County, North Carolina",12424,83,5399,4,4503,608,896,608,6727,318,3100,809,3627,749,298,297,234,272,64,121
0500000US37089,37089,"Henderson County, North Carolina",10523,289,4082,5,3591,573,491,573,5996,415,984,692,5012,811,445,416,445,416,0,289
0500000US37097,37097,"Iredell County, North Carolina",10823,118,4212,92,3649,443,563,443,6125,156,3816,1085,2309,1070,486,150,208,186,278,270
0500000US37101,37101,"Johnston County, North Carolina",21930,140,9071,3,7432,945,1639,945,12377,345,5245,1569,7132,1533,482,318,256,348,226,247
0500000US37109,37109,"Lincoln County, North Carolina",5280,2,1969,1,1695,269,274,269,3122,234,1415,801,1707,828,189,234,189,234,0,289
0500000US37119,37119,"Mecklenburg County, North Carolina",112677,183,39665,4,32157,2056,7508,2057,70413,183,29507,2921,40906,2930,2599,2,2458,168,141,168
0500000US37125,37125,"Moore County, North Carolina",5251,123,2190,4,2031,260,159,260,2885,291,1185,613,1700,647,176,225,176,225,0,289
0500000US37127,37127,"Nash County, North Carolina",5931,108,2396,2,1691,486,705,486,3448,193,933,387,2515,416,87,158,87,158,0,289
0500000US37129,37129,"New Hanover County, North Carolina",10703,92,3613,3,2835,506,778,505,6719,203,2449,918,4270,1017,371,184,371,184,0,289
0500000US37133,37133,"Onslow County, North Carolina",13786,919,6213,3,5863,500,350,500,7191,939,4943,756,2248,1149,382,235,382,235,0,289
0500000US37135,37135,"Orange County, North Carolina",10904,200,3820,2,3124,626,696,627,6938,268,2070,693,4868,721,146,197,146,197,0,289
0500000US37147,37147,"Pitt County, North Carolina",9284,4,3465,7,2570,395,895,396,5602,135,1954,710,3648,617,217,135,41,50,176,147
0500000US37151,37151,"Randolph County, North Carolina",14735,289,6187,3,5550,530,637,531,8548,3,3626,1158,4922,1158,0,289,0,289,0,289
0500000US37155,37155,"Robeson County, North Carolina",10761,176,4297,2,4076,412,221,411,6335,247,1432,981,4903,967,129,168,129,168,0,289
0500000US37157,37157,"Rockingham County, North Carolina",5208,4,2124,5,1830,303,294,303,2920,265,790,498,2130,490,164,264,0,289,164,264
0500000US37159,37159,"Rowan County, North Carolina",10585,126,4460,5,3404,847,1056,848,5992,208,1885,902,4107,864,133,175,133,175,0,289
0500000US37161,37161,"Rutherford County, North Carolina",2435,2,958,4,855,119,103,120,1477,4,649,451,828,452,0,289,0,289,0,289
0500000US37179,37179,"Union County, North Carolina",21098,156,8613,2,7161,909,1452,909,12324,228,5083,990,7241,989,161,172,161,172,0,289
0500000US37183,37183,"Wake County, North Carolina",88654,225,33139,5,26877,2407,6262,2407,53574,640,18094,2112,35480,2014,1941,565,1536,406,405,570
0500000US37191,37191,"Wayne County, North Carolina",11964,224,4875,4,4514,326,361,326,7072,224,2197,737,4875,742,17,30,17,30,0,289
0500000US37195,37195,"Wilson County, North Carolina",7750,1,3078,4,2487,289,591,289,4629,77,602,311,4027,335,43,77,43,77,0,289
0500000US39003,39003,"Allen County, Ohio",2231,222,970,4,857,147,113,147,1144,247,853,267,291,234,117,134,117,134,0,269
0500000US39017,39017,"Butler County, Ohio",14297,514,5913,3,5078,976,835,976,8019,594,4242,1100,3777,1043,365,336,365,336,0,269
0500000US39023,39023,"Clark County, Ohio",3843,2,1557,3,451,478,1106,478,2286,3,609,323,1677,323,0,269,0,269,0,269
0500000US39035,39035,"Cuyahoga County, Ohio",61095,216,22006,5,21130,647,876,647,36038,153,26795,1909,9243,1877,3051,128,2844,302,207,303
0500000US39045,39045,"Fairfield County, Ohio",2549,43,1078,2,549,348,529,348,1471,43,417,467,1054,468,0,269,0,269,0,269
0500000US39049,39049,"Franklin County, Ohio",55978,109,20779,4,16340,1221,4439,1221,33911,468,14728,2179,19183,2210,1288,436,1288,436,0,269
0500000US39061,39061,"Hamilton County, Ohio",20451,218,7171,162,6382,633,789,622,12356,321,5682,1538,6674,1551,924,284,924,284,0,269
0500000US39085,39085,"Lake County, Ohio",7884,269,3374,3,2240,526,1134,526,4317,120,1838,676,2479,699,193,120,193,120,0,269
0500000US39093,39093,"Lorain County, Ohio",25254,137,9865,5,9311,462,554,463,13753,137,9397,1148,4356,1139,1636,3,1636,3,0,269
0500000US39095,39095,"Lucas County, Ohio",26560,281,11106,7,9984,679,1122,679,14298,360,9385,1139,4913,1189,1156,282,1156,282,0,269
0500000US39099,39099,"Mahoning County, Ohio",9699,746,3667,36,3667,36,0,269,4952,869,4391,881,561,361,1080,407,1080,407,0,269
0500000US39103,39103,"Medina County, Ohio",2745,52,1240,1,1108,264,132,264,1115,251,798,468,317,296,390,241,390,241,0,269
0500000US39109,39109,"Miami County, Ohio",1394,269,592,2,501,101,91,101,802,2,625,131,177,131,0,269,0,269,0,269
0500000US39113,39113,"Montgomery County, Ohio",12250,91,4510,5,3587,724,923,724,7223,224,4488,749,2735,736,517,216,445,216,72,109
0500000US39151,39151,"Stark County, Ohio",6036,269,2301,3,2162,207,139,207,3337,139,2247,467,1090,450,398,140,398,140,0,269
0500000US39153,39153,"Summit County, Ohio",8764,269,3275,3,2912,427,363,427,4830,405,4079,612,751,475,659,405,659,405,0,269
0500000US39165,39165,"Warren County, Ohio",4607,128,2065,2,2065,2,0,269,2397,212,2020,315,377,249,145,173,145,173,0,269
0500000US39173,39173,"Wood County, Ohio",5654,61,2137,2,1938,199,199,199,3399,208,2588,702,811,550,118,195,118,195,0,269
0500000US40017,40017,"Canadian County, Oklahoma",7568,310,3334,7,3031,232,303,232,4125,323,2230,506,1895,529,109,108,109,108,0,253
0500000US40027,40027,"Cleveland County, Oklahoma",17880,213,6666,3,6159,318,507,318,10498,369,6232,1384,4266,1430,716,291,716,291,0,253
0500000US40031,40031,"Comanche County, Oklahoma",12445,607,5234,64,4526,662,708,663,7001,642,5942,684,1059,534,210,222,210,222,0,253
0500000US40037,40037,"Creek County, Oklahoma",2198,2,940,4,438,318,502,318,1258,4,322,296,936,296,0,253,0,253,0,253
0500000US40101,40101,"Muskogee County, Oklahoma",3496,142,1588,4,1303,348,285,348,1908,142,977,549,931,535,0,253,0,253,0,253
0500000US40109,40109,"Oklahoma County, Oklahoma",108616,503,43887,4,37280,1680,6607,1679,61781,498,24529,2605,37252,2587,2948,53,2521,402,427,399
0500000US40125,40125,"Pottawatomie County, Oklahoma",2909,2,1222,4,821,384,401,383,1640,88,1039,307,601,283,47,87,47,87,0,253
0500000US40131,40131,"Rogers County, Oklahoma",3239,2,1405,2,1021,306,384,306,1834,3,1238,392,596,392,0,253,0,253,0,253
0500000US40143,40143,"Tulsa County, Oklahoma",66789,283,26462,5,22207,1268,4255,1268,38851,282,14921,1970,23930,1975,1476,3,1279,219,197,219
0500000US41005,41005,"Clackamas County, Oregon",29339,96,12014,6,9848,1050,2166,1050,16496,532,8834,1762,7662,1712,829,526,829,526,0,277
0500000US41017,41017,"Deschutes County, Oregon",11677,146,4657,146,3840,730,817,725,6795,209,2612,1065,4183,1093,225,209,225,209,0,277
0500000US41019,41019,"Douglas County, Oregon",5011,207,2004,2,1927,131,77,131,2913,238,2323,468,590,430,94,109,94,109,0,277
0500000US41029,41029,"Jackson County, Oregon",21749,106,8873,5,6316,1615,2557,1616,11797,403,6339,1276,5458,1164,1079,389,1079,389,0,277
0500000US41033,41033,"Josephine County, Oregon",5248,2,2108,2,2108,2,0,277,2609,228,1436,565,1173,480,531,228,531,228,0,277
0500000US41035,41035,"Klamath County, Oregon",7198,250,2991,113,2045,520,946,540,3778,196,2090,471,1688,433,429,131,324,157,105,99
0500000US41039,41039,"Lane County, Oregon",26326,80,9838,5,8130,1127,1708,1127,15669,506,8804,1373,6865,1330,819,502,819,502,0,277
0500000US41043,41043,"Linn County, Oregon",9209,2,3973,4,3313,510,660,510,4800,297,2590,712,2210,721,436,297,436,297,0,277
0500000US41047,41047,"Marion County, Oregon",75820,585,32584,128,27388,1545,5196,1552,41326,527,21768,1928,19558,1848,1910,4,1623,327,287,328
0500000US41051,41051,"Multnomah County, Oregon",80258,343,30477,3,25662,2002,4815,2001,48048,336,26404,2535,21644,2573,1733,69,1432,306,301,293
0500000US41053,41053,"Polk County, Oregon",9084,171,3807,2,3694,204,113,205,4869,610,3565,790,1304,704,408,460,408,460,0,277
0500000US41059,41059,"Umatilla County, Oregon",17754,192,7478,2,6016,740,1462,740,9859,395,4057,1043,5802,998,417,356,174,219,243,315
0500000US41067,41067,"Washington County, Oregon",82948,697,33486,3,29147,1768,4339,1769,47647,790,23663,3153,23984,3121,1815,398,1586,379,229,273
0500000US41071,41071,"Yamhill County, Oregon",13858,340,5763,3,4558,718,1205,718,7969,382,3783,1039,4186,1016,126,202,126,202,0,277
0500000US42001,42001,"Adams County, Pennsylvania",5896,394,2539,4,1539,942,1000,942,3303,404,1979,553,1324,400,54,79,44,63,10,18
0500000US42003,42003,"Allegheny County, Pennsylvania",18853,439,5943,74,5715,296,228,283,12310,507,10743,940,1567,869,600,271,600,271,0,246
0500000US42011,42011,"Berks County, Pennsylvania",66594,375,26991,84,25360,760,1631,753,37365,294,25843,1876,11522,1857,2238,215,2238,215,0,246
0500000US42017,42017,"Bucks County, Pennsylvania",26651,233,9450,87,8698,711,752,704,16301,592,11489,1680,4812,1751,900,541,900,541,0,246
0500000US42021,42021,"Cambria County, Pennsylvania",1687,174,582,4,582,4,0,246,882,232,623,354,259,307,223,172,223,172,0,246
0500000US42029,42029,"Chester County, Pennsylvania",32264,496,11617,7,9045,1202,2572,1202,19884,498,8603,1974,11281,2091,763,341,713,349,50,79
0500000US42041,42041,"Cumberland County, Pennsylvania",6216,237,2312,2,2302,21,10,21,3792,301,2708,767,1084,739,112,139,112,139,0,246
0500000US42043,42043,"Dauphin County, Pennsylvania",18623,254,7244,2,6792,311,452,311,10755,348,8347,784,2408,849,624,258,624,258,0,246
0500000US42045,42045,"Delaware County, Pennsylvania",16229,233,5478,182,5163,442,315,370,10172,314,6269,1303,3903,1295,579,298,579,298,0,246
0500000US42049,42049,"Erie County, Pennsylvania",9347,138,4093,38,3785,282,308,280,4792,187,3264,604,1528,603,462,146,432,144,30,53
0500000US42055,42055,"Franklin County, Pennsylvania",6440,66,2721,4,2367,397,354,397,3646,116,1872,520,1774,532,73,97,73,97,0,246
0500000US42069,42069,"Lackawanna County, Pennsylvania",10417,241,4308,2,3763,594,545,593,5883,340,3550,767,2333,738,226,281,226,281,0,246
0500000US42071,42071,"Lancaster County, Pennsylvania",44873,157,17259,62,16051,712,1208,687,25368,398,17947,1748,7421,1644,2246,410,2197,414,49,81
0500000US42075,42075,"Lebanon County, Pennsylvania",12374,89,4970,3,4869,186,101,186,7193,255,5543,795,1650,771,211,242,211,242,0,246
0500000US42077,42077,"Lehigh County, Pennsylvania",65361,328,25328,5,23573,1020,1755,1020,37549,305,27057,1850,10492,1802,2484,102,2484,102,0,246
0500000US42079,42079,"Luzerne County, Pennsylvania",21030,269,8602,8,7251,1083,1351,1084,11543,487,7100,1043,4443,966,885,353,762,352,123,210
0500000US42089,42089,"Monroe County, Pennsylvania",22135,280,8073,4,7526,385,547,384,13002,568,10792,1159,2210,940,1060,486,1060,486,0,246
0500000US42091,42091,"Montgomery County, Pennsylvania",34043,226,11547,5,9999,676,1548,676,21452,410,12614,1556,8838,1484,1044,365,1044,365,0,246
0500000US42095,42095,"Northampton County, Pennsylvania",31068,126,11294,5,10686,698,608,698,18416,362,14206,1417,4210,1361,1358,343,1358,343,0,246
0500000US42101,42101,"Philadelphia County, Pennsylvania",186355,1497,63729,52,61374,1452,2355,1448,113631,1490,82283,3265,31348,3620,8995,169,8725,414,270,390
0500000US42107,42107,"Schuylkill County, Pennsylvania",3385,373,1406,4,1406,4,0,246,1898,384,751,392,1147,511,81,88,81,88,0,246
0500000US42125,42125,"Washington County, Pennsylvania",2416,246,849,2,750,163,99,163,1391,170,441,211,950,255,176,170,176,170,0,246
0500000US42129,42129,"Westmoreland County, Pennsylvania",3292,63,1187,2,1187,2,0,246,1849,159,1452,338,397,282,256,177,256,177,0,246
0500000US42133,42133,"York County, Pennsylvania",23980,285,9692,66,9325,340,367,316,13645,349,9531,1173,4114,1178,643,239,643,239,0,246
0500000US44003,44003,"Kent County, Rhode Island",5386,110,2123,2,2123,2,0,291,2544,432,2455,528,89,121,719,440,719,440,0,291
0500000US44005,44005,"Newport County, Rhode Island",3503,73,1237,4,908,270,329,270,2187,126,1074,613,1113,614,79,102,79,102,0,291
0500000US44007,44007,"Providence County, Rhode Island",117450,257,41333,37,37533,1317,3800,1316,71435,240,39139,2845,32296,2854,4682,63,4440,396,242,391
0500000US45003,45003,"Aiken County, South Carolina",7847,47,2830,4,2580,389,250,388,4820,256,2413,729,2407,828,197,252,104,202,93,161
0500000US45007,45007,"Anderson County, South Carolina",5374,139,1992,4,1810,251,182,250,3332,162,1004,414,2328,407,50,90,50,90,0,296
0500000US45013,45013,"Beaufort County, South Carolina",17869,766,6677,2,5387,893,1290,893,10648,789,3762,1224,6886,1349,544,294,478,304,66,112
0500000US45015,45015,"Berkeley County, South Carolina",10204,384,3757,7,3049,532,708,532,6212,451,2592,976,3620,1140,235,235,235,235,0,296
0500000US45019,45019,"Charleston County, South Carolina",18699,257,5698,209,4471,753,1227,734,12347,262,4510,1654,7837,1698,654,217,409,331,245,232
0500000US45035,45035,"Dorchester County, South Carolina",5979,191,2384,4,1799,421,585,421,3324,230,1837,628,1487,670,271,151,271,151,0,296
0500000US45045,45045,"Greenville County, South Carolina",36624,169,12626,92,10516,971,2110,961,23178,447,8933,1603,14245,1571,820,395,820,395,0,296
0500000US45047,45047,"Greenwood County, South Carolina",3718,76,1483,2,872,279,611,279,2235,76,231,299,2004,348,0,296,0,296,0,296
0500000US45051,45051,"Horry County, South Carolina",16637,181,5478,4,3900,676,1578,677,10534,328,1883,775,8651,851,625,318,539,298,86,143
0500000US45057,45057,"Lancaster County, South Carolina",3398,4,1310,4,1292,34,18,33,1780,290,1129,514,651,382,308,290,308,290,0,296
0500000US45063,45063,"Lexington County, South Carolina",14326,358,5187,2,4779,446,408,446,8746,608,2199,947,6547,1092,393,505,393,505,0,296
0500000US45075,45075,"Orangeburg County, South Carolina",1814,2,1081,290,804,272,277,137,565,288,117,141,448,275,168,128,168,128,0,296
0500000US45077,45077,"Pickens County, South Carolina",3785,3,1323,4,926,413,397,413,2174,237,847,359,1327,404,288,237,288,237,0,296
0500000US45079,45079,"Richland County, South Carolina",17409,429,5506,50,5292,293,214,289,11698,471,6520,1328,5178,1336,205,203,205,203,0,296
0500000US45083,45083,"Spartanburg County, South Carolina",16595,244,6465,4,4305,1152,2160,1152,9935,287,2827,1025,7108,982,195,207,195,207,0,296
0500000US45091,45091,"York County, South Carolina",10182,2,3821,4,2696,798,1125,798,6044,212,2921,1500,3123,1595,317,212,317,212,0,296
0500000US46103,46103,"Pennington County, South Dakota",3800,258,1814,38,1814,38,0,223,1790,298,1310,332,480,272,196,185,196,185,0,223
0500000US47011,47011,"Bradley County, Tennessee",4592,52,1651,2,1460,222,191,222,2782,240,1179,404,1603,432,159,234,159,234,0,287
0500000US47037,47037,"Davidson County, Tennessee",61259,114,21505,8,17983,1493,3522,1493,37984,625,11075,2264,26909,2224,1770,618,838,538,932,761
0500000US47065,47065,"Hamilton County, Tennessee",15005,88,5147,5,4945,277,202,277,9110,256,4694,1457,4416,1452,748,258,748,258,0,287
0500000US47093,47093,"Knox County, Tennessee",15081,256,5224,256,4718,509,506,445,9247,262,4160,1269,5087,1266,610,262,610,262,0,287
0500000US47125,47125,"Montgomery County, Tennessee",13592,206,5536,5,5320,199,216,200,7671,310,5031,806,2640,794,385,222,385,222,0,287
0500000US47141,47141,"Putnam County, Tennessee",3864,2,1548,2,1195,362,353,362,2218,164,1196,458,1022,496,98,164,98,164,0,287
0500000US47149,47149,"Rutherford County, Tennessee",17614,106,6853,4,4415,1235,2438,1235,10710,135,4183,1417,6527,1415,51,82,51,82,0,287
0500000US47155,47155,"Sevier County, Tennessee",4797,4,1598,1,1179,290,419,291,3199,4,1286,833,1913,833,0,287,0,287,0,287
0500000US47157,47157,"Shelby County, Tennessee",51844,241,18713,140,15382,1334,3331,1333,31852,737,11860,2289,19992,2242,1279,657,1279,657,0,287
0500000US47165,47165,"Sumner County, Tennessee",6371,19,2482,2,1805,483,677,482,3768,136,1200,710,2568,736,121,134,121,134,0,287
0500000US47187,47187,"Williamson County, Tennessee",8221,107,3222,3,2738,402,484,402,4684,295,3489,675,1195,657,315,274,315,274,0,287
0500000US47189,47189,"Wilson County, Tennessee",3667,164,1511,2,1511,2,0,287,1811,248,1043,385,768,440,345,146,283,144,62,99
0500000US48005,48005,"Angelina County, Texas",16841,404,6829,154,5804,963,1025,950,9197,564,4836,1067,4361,987,815,488,815,488,0,294
0500000US48021,48021,"Bastrop County, Texas",23394,3466,9680,2129,7569,1786,2111,1458,12694,2064,5241,1469,7453,2365,1020,534,1020,534,0,294
0500000US48027,48027,"Bell County, Texas",62107,1481,25528,272,21709,1714,3819,1834,33958,1460,21748,2073,12210,2166,2621,82,2621,82,0,294
0500000US48029,48029,"Bexar County, Texas",1000293,3620,321950,291,280879,6009,41071,6000,603142,2087,389834,9710,213308,9824,75201,2131,72749,2453,2452,1116
0500000US48039,48039,"Brazoria County, Texas",85138,687,31880,8,25303,2116,6577,2115,49429,697,26551,2646,22878,2772,3829,95,3362,368,467,359
0500000US48041,48041,"Brazos County, Texas",44686,609,14383,106,12923,786,1460,780,28929,670,17850,2013,11079,1900,1374,351,1374,351,0,294
0500000US48061,48061,"Cameron County, Texas",357687,1206,126659,72,105022,3879,21637,3878,201225,1013,89042,4994,112183,5057,29803,515,27607,905,2196,871
0500000US48085,48085,"Collin County, Texas",116619,388,43583,4,38051,2092,5532,2093,69693,388,37701,2958,31992,2980,3343,4,3090,284,253,284
0500000US48091,48091,"Comal County, Texas",26948,500,9329,3,7765,1198,1564,1198,15755,334,9931,1348,5824,1422,1864,303,1591,321,273,242
0500000US48099,48099,"Coryell County, Texas",9585,1418,4557,4,4448,228,109,228,4562,1434,4076,1080,486,585,466,318,466,318,0,294
0500000US48113,48113,"Dallas County, Texas",908790,1488,338287,287,254723,6547,83564,6528,542591,1455,218922,7645,323669,7778,27912,254,24699,1293,3213,1250
0500000US48121,48121,"Denton County, Texas",120835,662,45319,4,39027,1661,6292,1660,72526,693,43365,3068,29161,2992,2990,85,2659,344,331,333
0500000US48135,48135,"Ector County, Texas",72206,309,26253,4,19824,2043,6429,2043,42179,306,21662,2060,20517,2043,3774,48,3407,361,367,357
0500000US48139,48139,"Ellis County, Texas",35510,141,14244,5,12478,983,1766,982,19832,415,8219,1823,11613,1803,1434,396,1434,396,0,294
0500000US48141,48141,"El Paso County, Texas",655220,2601,212297,6,175861,4545,36436,4545,382117,2508,199897,7213,182220,7813,60806,629,58142,1097,2664,892
0500000US48157,48157,"Fort Bend County, Texas",139064,888,50166,229,38939,2865,11227,2831,82630,806,47137,2841,35493,2739,6268,169,5823,407,445,358
0500000US48167,48167,"Galveston County, Texas",66010,3,22860,4,18598,1682,4262,1682,39343,3,22203,2150,17140,2150,3807,294,3807,294,0,294
0500000US48181,48181,"Grayson County, Texas",13867,294,5539,2,4196,959,1343,959,7493,173,2003,850,5490,804,835,173,609,221,226,208
0500000US48183,48183,"Gregg County, Texas",20168,294,8139,3,4645,1223,3494,1223,11560,332,3566,1231,7994,1282,469,332,416,329,53,91
0500000US48187,48187,"Guadalupe County, Texas",47168,260,16704,3,13095,1266,3609,1266,27382,250,18546,1583,8836,1586,3082,64,2944,225,138,211
0500000US48201,48201,"Harris County, Texas",1679654,1107,593086,261,444358,9236,148728,9228,1023214,1101,457414,14229,565800,14276,63354,374,54973,1674,8381,1655
0500000US48203,48203,"Harrison County, Texas",7350,2,3185,4,2422,770,763,770,3886,336,1353,987,2533,1003,279,335,279,335,0,294
0500000US48209,48209,"Hays County, Texas",55683,376,18900,3,16947,719,1953,719,34806,462,22415,1905,12391,1847,1977,339,1905,362,72,125
0500000US48213,48213,"Henderson County, Texas",8608,294,3460,4,2301,736,1159,736,4951,244,2414,1002,2537,1010,197,243,197,243,0,294
0500000US48215,48215,"Hidalgo County, Texas",704525,937,257279,3,215104,4395,42175,4396,398028,685,175761,7605,222267,7687,49218,656,45696,1345,3522,1248
0500000US48231,48231,"Hunt County, Texas",11778,242,4730,203,3499,793,1231,765,6601,277,3002,853,3599,895,447,269,447,269,0,294
0500000US48245,48245,"Jefferson County, Texas",39440,1024,14506,5,10802,1532,3704,1532,23152,1026,9470,1631,13682,1902,1782,66,1317,501,465,494
0500000US48251,48251,"Johnson County, Texas",26917,344,10751,2,8578,942,2173,942,14884,584,6957,1543,7927,1458,1282,475,966,478,316,317
0500000US48257,48257,"Kaufman County, Texas",17731,75,7494,2,5847,1145,1647,1146,9770,408,5895,1046,3875,952,467,387,380,378,87,151
0500000US48291,48291,"Liberty County, Texas",12253,545,5050,2,4165,589,885,589,7092,563,3270,1057,3822,1018,111,203,111,203,0,294
0500000US48303,48303,"Lubbock County, Texas",88413,890,31090,4,26541,1886,4549,1887,52736,726,32750,2705,19986,2756,4587,291,4479,300,108,137
0500000US48309,48309,"McLennan County, Texas",55906,219,20938,212,18425,1183,2513,1164,32474,3,16093,1799,16381,1799,2494,73,2494,73,0,294
0500000US48329,48329,"Midland County, Texas",51003,1376,18930,7,15234,1876,3696,1876,29668,1376,16515,2315,13153,2163,2405,294,1876,453,529,453
0500000US48339,48339,"Montgomery County, Texas",95511,468,36974,7,26822,2517,10152,2517,55560,468,24952,2499,30608,2519,2977,294,2586,469,391,469
0500000US48355,48355,"Nueces County, Texas",205833,878,63425,5,57308,2181,6117,2181,123445,795,82588,4492,40857,4628,18963,378,18721,466,242,285
0500000US48361,48361,"Orange County, Texas",4867,4,1858,2,1858,2,0,294,2674,278,1926,414,748,406,335,278,335,278,0,294
0500000US48367,48367,"Parker County, Texas",11910,382,4783,2,4532,232,251,232,6348,472,2894,989,3454,1035,779,279,779,279,0,294
0500000US48375,48375,"Potter County, Texas",42685,331,16322,8,13155,1823,3167,1823,24852,430,9520,1738,15332,1701,1511,341,1385,443,126,198
0500000US48381,48381,"Randall County, Texas",19471,649,7431,201,5127,1256,2304,1253,11621,672,7124,1171,4497,1234,419,275,419,275,0,294
0500000US48397,48397,"Rockwall County, Texas",12684,2,5221,5,4076,669,1145,669,7234,145,3911,1111,3323,1124,229,145,191,140,38,60
0500000US48409,48409,"San Patricio County, Texas",34858,492,11821,5,10936,528,885,528,20106,158,11768,1500,8338,1475,2931,387,2931,387,0,294
0500000US48423,48423,"Smith County, Texas",36393,179,14762,3,9211,1689,5551,1689,20451,594,8103,1938,12348,2021,1180,566,944,541,236,328
0500000US48439,48439,"Tarrant County, Texas",484880,946,186629,5,148013,4426,38616,4425,282952,871,135056,6876,147896,6772,15299,312,13755,740,1544,705
0500000US48441,48441,"Taylor County, Texas",28800,438,10740,158,8750,1202,1990,1192,16820,409,8942,1779,7878,1818,1240,208,1240,208,0,294
0500000US48451,48451,"Tom Green County, Texas",37461,2131,12908,2,10960,910,1948,910,21216,2161,11960,1951,9256,1989,3337,508,3258,501,79,99
0500000US48453,48453,"Travis County, Texas",345159,925,115520,619,94231,3038,21289,3046,217667,479,116130,6198,101537,6213,11972,252,10826,694,1146,660
0500000US48469,48469,"Victoria County, Texas",37935,396,13050,4,11735,702,1315,702,22062,296,12937,1391,9125,1474,2823,217,2823,217,0,294
0500000US48471,48471,"Walker County, Texas",6675,1014,2861,7,2089,465,772,465,3451,984,1864,742,1587,803,363,323,219,277,144,237
0500000US48479,48479,"Webb County, Texas",239556,1284,85814,5,67992,3377,17822,3377,135090,1283,65371,4952,69719,5274,18652,2,17185,725,1467,725
0500000US48485,48485,"Wichita County, Texas",20212,772,7826,4,5432,858,2394,858,11271,768,4852,907,6419,1110,1115,275,1115,275,0,294
0500000US48491,48491,"Williamson County, Texas",99088,423,37849,5,31628,1812,6221,1812,57841,423,35914,2970,21927,2915,3398,2,3398,2,0,294
0500000US49005,49005,"Cache County, Utah",11340,30,4885,4,4123,614,762,614,6181,149,4493,879,1688,877,274,145,205,145,69,114
0500000US49011,49011,"Davis County, Utah",25548,538,10642,70,7668,1384,2974,1386,13768,533,9156,1174,4612,1233,1138,242,1138,242,0,267
0500000US49035,49035,"Salt Lake County, Utah",175854,575,69263,7,51210,2794,18053,2794,101246,567,51043,4073,50203,4135,5345,96,4849,421,496,406
0500000US49049,49049,"Utah County, Utah",55586,473,22682,353,17218,1595,5464,1579,31922,666,16966,2360,14956,2474,982,625,712,597,270,410
0500000US49053,49053,"Washington County, Utah",13458,210,5676,2,3662,1039,2014,1039,7591,275,3294,909,4297,889,191,176,191,176,0,267
0500000US49057,49057,"Weber County, Utah",38870,156,15892,8,11826,1769,4066,1769,21640,156,13297,1403,8343,1409,1338,267,1287,86,51,86
0500000US51003,51003,"Albemarle County, Virginia",5282,226,1723,2,1655,119,68,120,3254,416,2867,494,387,313,305,363,305,363,0,287
0500000US51013,51013,"Arlington County, Virginia",31370,422,7382,5,6030,849,1352,849,22549,531,11214,1810,11335,1808,1439,289,1439,289,0,287
0500000US51041,51041,"Chesterfield County, Virginia",22774,200,8304,5,6554,879,1750,879,13894,316,5108,1188,8786,1263,576,283,576,283,0,287
0500000US51059,51059,"Fairfax County, Virginia",168076,623,49778,5,41000,2550,8778,2549,111740,623,61451,4465,50289,4472,6558,5,5490,465,1068,464
0500000US51061,51061,"Fauquier County, Virginia",4199,486,1686,150,1169,480,517,496,2468,364,1208,501,1260,544,45,76,45,76,0,287
0500000US51087,51087,"Henrico County, Virginia",15118,62,5067,3,3503,1101,1564,1101,9103,222,2977,1292,6126,1233,948,211,876,213,72,114
0500000US51095,51095,"James City County, Virginia",3050,2,1054,2,1054,2,0,287,1820,187,778,640,1042,643,176,187,176,187,0,287
0500000US51107,51107,"Loudoun County, Virginia",38860,285,13222,106,10898,1539,2324,1529,24883,435,17172,2115,7711,2111,755,337,691,338,64,104
0500000US51153,51153,"Prince William County, Virginia",80526,1137,29476,3,24143,1750,5333,1750,49488,1186,25469,2943,24019,3083,1562,477,1390,499,172,181
0500000US51165,51165,"Rockingham County, Virginia",4047,287,1701,1,997,654,704,654,2099,263,789,387,1310,461,247,263,247,263,0,287
0500000US51177,51177,"Spotsylvania County, Virginia",9327,2,3552,2,2702,1042,850,1042,5647,161,3755,1225,1892,1229,128,161,128,161,0,287
0500000US51179,51179,"Stafford County, Virginia",10970,804,4672,5,4561,151,111,152,6075,802,4985,926,1090,682,223,116,179,105,44,75
0500000US51510,51510,"Alexandria city, Virginia",22404,380,5717,3,4631,994,1086,994,16520,403,7093,1782,9427,1797,167,211,167,211,0,287
0500000US51550,51550,"Chesapeake city, Virginia",9079,447,3632,4,3408,316,224,316,5143,498,4077,643,1066,700,304,193,304,193,0,287
0500000US51700,51700,"Newport News city, Virginia",11493,1044,4513,84,4264,354,249,348,6892,1071,5361,1171,1531,800,88,148,88,148,0,287
0500000US51710,51710,"Norfolk city, Virginia",14880,884,4274,5,3827,389,447,389,10138,924,5717,1765,4421,1553,468,178,468,178,0,287
0500000US51760,51760,"Richmond city, Virginia",12569,229,3308,3,2513,622,795,622,9020,322,2421,883,6599,941,241,217,241,217,0,287
0500000US51810,51810,"Virginia Beach city, Virginia",27193,733,10269,3,9750,375,519,375,15833,881,10549,1743,5284,1900,1091,377,1001,401,90,135
0500000US53005,53005,"Benton County, Washington",32831,399,14201,5,12173,1144,2028,1144,17751,474,8303,1626,9448,1621,879,272,879,272,0,277
0500000US53007,53007,"Chelan County, Washington",18693,247,7692,3,6024,1034,1668,1034,10884,299,6366,1350,4518,1306,117,171,117,171,0,277
0500000US53011,53011,"Clark County, Washington",32384,194,13708,5,13238,373,470,372,17564,374,10799,1623,6765,1565,1112,317,895,395,217,324
0500000US53015,53015,"Cowlitz County, Washington",8007,23,3646,3,3562,144,84,144,4136,239,2125,496,2011,550,225,239,225,239,0,277
0500000US53021,53021,"Franklin County, Washington",40369,293,17452,32,15820,919,1632,921,21991,500,12434,1909,9557,1829,926,415,797,390,129,146
0500000US53025,53025,"Grant County, Washington",33805,847,14665,5,12500,1047,2165,1046,18342,953,7947,1376,10395,1580,798,369,731,373,67,116
0500000US53027,53027,"Grays Harbor County, Washington",5694,266,2697,2,2417,241,280,240,2960,273,1231,666,1729,714,37,70,37,70,0,277
0500000US53033,53033,"King County, Washington",171733,954,59814,8,54604,2285,5210,2285,107620,641,63457,4287,44163,4114,4299,489,4204,482,95,119
0500000US53035,53035,"Kitsap County, Washington",13999,1093,5831,4,5141,461,690,461,7492,1182,6479,732,1013,859,676,403,676,403,0,277
0500000US53041,53041,"Lewis County, Washington",6511,51,2913,33,2913,33,0,277,3319,101,1766,539,1553,535,279,103,279,103,0,277
0500000US53053,53053,"Pierce County, Washington",70810,821,29485,5,27795,918,1690,917,39508,871,22307,2098,17201,2153,1817,342,1743,370,74,123
0500000US53057,53057,"Skagit County, Washington",19716,277,8468,3,8047,397,421,397,10854,305,6193,1019,4661,1049,394,305,394,305,0,277
0500000US53061,53061,"Snohomish County, Washington",63834,496,25450,4,24351,678,1099,678,37049,780,17294,2548,19755,2216,1335,674,1335,674,0,277
0500000US53063,53063,"Spokane County, Washington",20528,666,8110,102,8055,119,55,71,11553,748,7978,1087,3575,1165,865,386,865,386,0,277
0500000US53067,53067,"Thurston County, Washington",17625,292,7112,4,6840,290,272,289,10045,517,6599,1429,3446,1389,468,354,468,354,0,277
0500000US53073,53073,"Whatcom County, Washington",15784,277,6134,3,5667,523,467,524,8895,322,6136,1033,2759,1037,755,322,654,328,101,159
0500000US53077,53077,"Yakima County, Washington",109317,857,46246,3,37579,2549,8667,2550,59292,832,23306,2720,35986,2694,3779,163,3504,292,275,248
0500000US54003,54003,"Berkeley County, West Virginia",3722,390,1691,2,1691,2,0,269,1889,416,1174,335,715,360,142,137,53,77,89,132
0500000US54039,54039,"Kanawha County, West Virginia",1976,4,675,4,675,4,0,269,1153,175,789,202,364,213,148,176,148,176,0,269
0500000US55009,55009,"Brown County, Wisconsin",17881,213,7990,3,7553,399,437,399,9608,284,5823,1052,3785,1054,283,197,149,130,134,155
0500000US55025,55025,"Dane County, Wisconsin",29008,177,10794,5,9293,1040,1501,1040,17544,414,10475,2056,7069,1948,670,392,525,326,145,207
0500000US55039,55039,"Fond du Lac County, Wisconsin",4390,218,1777,2,1356,384,421,384,2461,113,1330,686,1131,725,152,113,152,113,0,218
0500000US55055,55055,"Jefferson County, Wisconsin",5554,2,2276,4,2052,231,224,231,3161,148,1748,376,1413,374,117,148,117,148,0,218
0500000US55059,55059,"Kenosha County, Wisconsin",19438,226,8304,5,6581,920,1723,920,10344,353,5611,1539,4733,1548,790,240,790,240,0,218
0500000US55073,55073,"Marathon County, Wisconsin",3045,218,1336,2,1336,2,0,218,1550,178,1099,338,451,319,159,178,159,178,0,218
0500000US55079,55079,"Milwaukee County, Wisconsin",125817,277,49069,87,44057,1298,5012,1302,72608,261,42571,2392,30037,2389,4140,112,4047,156,93,108
0500000US55087,55087,"Outagamie County, Wisconsin",6434,2,2733,7,2206,640,527,640,3352,228,1904,680,1448,707,349,229,349,229,0,218
0500000US55097,55097,"Portage County, Wisconsin",1856,62,771,2,534,296,237,296,1085,62,624,222,461,233,0,218,0,218,0,218
0500000US55101,55101,"Racine County, Wisconsin",21699,476,9123,172,8642,490,481,484,11444,505,8044,1021,3400,1045,1132,228,1132,228,0,218
0500000US55105,55105,"Rock County, Wisconsin",12121,58,5334,58,5017,335,317,335,6787,5,3993,755,2794,756,0,218,0,218,0,218
0500000US55117,55117,"Sheboygan County, Wisconsin",6081,147,2765,4,2442,303,323,303,3221,169,1301,366,1920,364,95,95,95,95,0,218
0500000US55127,55127,"Walworth County, Wisconsin",10500,80,4411,4,3630,538,781,538,6058,85,3174,738,2884,744,31,37,16,27,15,23
0500000US55131,55131,"Washington County, Wisconsin",3426,218,1558,2,1152,524,406,524,1641,215,972,620,669,643,227,215,227,215,0,218
0500000US55133,55133,"Waukesha County, Wisconsin",16036,141,6623,3,6511,186,112,186,9188,280,7016,1043,2172,1005,225,252,225,252,0,218
0500000US55139,55139,"Winnebago County, Wisconsin",5435,244,1530,771,1364,755,166,226,3860,889,1436,809,2424,1213,45,85,45,85,0,218
0500000US56021,56021,"Laramie County, Wyoming",11719,298,4344,3,4233,185,111,184,6457,527,4727,936,1730,873,918,401,918,401,0,269
0500000US56025,56025,"Natrona County, Wyoming",5228,64,1943,22,1873,114,70,112,2902,228,2162,560,740,520,383,216,383,216,0,269
