GEO.id,GEO.id2,GEO.display-label,VD01,VD02,VD03,VD04,VD05,VD06,VD07,VD08,VD09,VD10,VD11,VD12,VD13,VD14,VD15,VD16,VD17,VD18,VD19,VD20,VD21,VD22,VD23,VD24,VD25,VD26,VD27,VD28,VD29,VD30,VD31,VD32,VD33,VD34,VD35,VD36,VD37,VD38,VD39,VD40,VD41,VD42,VD43,VD44,VD45,VD46,VD47,VD48,VD49,VD50,VD51,VD52,VD53,VD54,VD55,VD56,VD57,VD58,VD59,VD60,VD61,VD62,VD63,VD64,VD65,VD66,VD67,VD68,VD69,VD70,VD71,VD72,VD73,VD74,VD75,VD76,VD77,VD78,VD79
Id,Id2,Geography,Total:,Male:,Male: - Under 1 year,Male: - 1 year,Male: - 2 years,Male: - 3 years,Male: - 4 years,Male: - 5 years,Male: - 6 years,Male: - 7 years,Male: - 8 years,Male: - 9 years,Male: - 10 years,Male: - 11 years,Male: - 12 years,Male: - 13 years,Male: - 14 years,Male: - 15 years,Male: - 16 years,Male: - 17 years,Male: - 18 years,Male: - 19 years,Male: - 20 years,Male: - 21 years,Male: - 22 to 24 years,Male: - 25 to 29 years,Male: - 30 to 34 years,Male: - 35 to 39 years,Male: - 40 to 44 years,Male: - 45 to 49 years,Male: - 50 to 54 years,Male: - 55 to 59 years,Male: - 60 and 61 years,Male: - 62 to 64 years,Male: - 65 and 66 years,Male: - 67 to 69 years,Male: - 70 to 74 years,Male: - 75 to 79 years,Male: - 80 to 84 years,Male: - 85 years and over,Female:,Female: - Under 1 year,Female: - 1 year,Female: - 2 years,Female: - 3 years,Female: - 4 years,Female: - 5 years,Female: - 6 years,Female: - 7 years,Female: - 8 years,Female: - 9 years,Female: - 10 years,Female: - 11 years,Female: - 12 years,Female: - 13 years,Female: - 14 years,Female: - 15 years,Female: - 16 years,Female: - 17 years,Female: - 18 years,Female: - 19 years,Female: - 20 years,Female: - 21 years,Female: - 22 to 24 years,Female: - 25 to 29 years,Female: - 30 to 34 years,Female: - 35 to 39 years,Female: - 40 to 44 years,Female: - 45 to 49 years,Female: - 50 to 54 years,Female: - 55 to 59 years,Female: - 60 and 61 years,Female: - 62 to 64 years,Female: - 65 and 66 years,Female: - 67 to 69 years,Female: - 70 to 74 years,Female: - 75 to 79 years,Female: - 80 to 84 years,Female: - 85 years and over
1400000US21111000200,21111000200,"Census Tract 2, Jefferson County, Kentucky",3390,1720,42,29,22,15,50,19,33,37,57,15,27,15,10,28,46,31,25,44,16,0,18,43,95,130,116,185,117,151,91,51,25,22,18,11,38,30,5,13,1670,24,20,59,40,44,54,5,7,18,41,52,26,40,19,0,15,4,57,11,11,23,15,103,130,103,92,151,115,63,60,23,35,20,32,64,40,35,19
1400000US21111000300,21111000300,"Census Tract 3, Jefferson County, Kentucky",3148,1496,24,31,24,6,35,26,16,13,29,40,44,22,35,35,29,34,23,55,55,24,36,16,28,74,114,107,108,142,53,70,36,26,14,17,18,16,13,8,1652,24,12,0,31,40,42,28,63,19,38,9,41,50,16,27,0,17,8,9,27,6,17,71,116,122,94,176,119,102,66,55,21,11,28,49,27,54,17
1400000US21111000400,21111000400,"Census Tract 4, Jefferson County, Kentucky",5090,2398,33,25,32,28,52,33,73,26,26,36,56,24,43,72,44,52,52,51,53,26,43,26,65,130,142,151,241,177,139,115,15,69,42,61,55,49,34,7,2692,37,24,35,18,43,14,73,29,63,39,31,64,28,35,34,65,23,56,34,32,40,15,102,119,160,164,281,257,157,105,68,80,50,52,129,74,37,25
1400000US21111000600,21111000600,"Census Tract 6, Jefferson County, Kentucky",1818,866,8,20,22,9,17,24,21,14,16,19,23,23,21,35,14,29,18,14,15,5,23,0,43,40,35,73,51,46,26,23,23,18,11,8,49,14,8,8,952,6,16,6,21,23,0,4,12,6,27,47,13,25,19,19,29,9,14,16,26,0,0,29,46,40,99,64,93,48,38,27,11,14,14,35,12,22,22
1400000US21111000700,21111000700,"Census Tract 7, Jefferson County, Kentucky",3026,1370,28,11,15,20,24,22,42,38,17,32,19,42,12,26,12,30,8,19,12,38,38,6,38,79,77,88,155,78,86,11,55,44,12,25,53,34,15,9,1656,58,10,0,24,27,5,31,41,34,14,38,4,34,30,22,26,21,32,13,25,23,16,100,96,92,136,141,82,91,72,14,73,46,62,56,32,16,19
1400000US21111000800,21111000800,"Census Tract 8, Jefferson County, Kentucky",2405,1046,43,0,0,18,17,15,25,25,18,44,23,12,25,26,16,0,6,14,0,23,0,32,47,48,63,91,67,62,81,51,0,52,6,12,59,0,25,0,1359,31,0,12,15,7,4,14,32,0,35,25,17,5,13,16,37,21,25,29,20,24,17,52,65,60,111,104,91,98,86,30,32,37,31,54,31,31,47
1400000US21111000900,21111000900,"Census Tract 9, Jefferson County, Kentucky",2260,985,12,11,5,25,9,13,27,22,17,17,15,16,18,5,21,0,12,6,17,17,13,7,46,47,27,84,94,82,35,23,7,50,38,40,20,25,24,38,1275,19,12,23,32,7,21,0,6,29,32,10,8,23,11,32,29,35,21,0,42,12,5,67,65,87,82,98,81,48,75,38,26,36,20,63,37,30,13
1400000US21111001000,21111001000,"Census Tract 10, Jefferson County, Kentucky",2978,1335,30,27,27,6,30,46,21,17,32,32,24,27,38,33,56,33,16,30,31,38,10,10,22,68,44,64,130,84,73,44,19,27,19,19,45,6,30,27,1643,24,9,20,20,42,22,50,36,62,9,41,29,19,20,13,25,22,42,25,27,25,27,37,123,85,119,131,107,101,57,13,48,13,39,58,33,37,33
1400000US21111001100,21111001100,"Census Tract 11, Jefferson County, Kentucky",3673,1679,25,17,30,20,24,31,27,15,41,31,45,44,26,36,30,25,30,49,38,11,45,29,25,64,96,105,132,106,81,91,12,39,22,35,75,55,33,39,1994,16,21,9,34,19,17,37,11,32,42,31,32,14,51,23,19,30,41,15,33,40,8,42,85,116,127,172,140,106,51,32,97,32,52,120,93,105,49
1400000US21111001200,21111001200,"Census Tract 12, Jefferson County, Kentucky",3136,1401,21,10,21,14,37,16,57,10,12,24,34,45,0,72,7,19,20,13,16,26,20,16,55,60,95,110,100,66,70,50,42,17,24,28,72,48,32,22,1735,16,7,14,0,45,18,14,47,12,61,27,12,20,31,19,14,32,42,27,16,13,21,46,93,93,127,135,119,102,92,24,35,32,13,147,104,18,47
1400000US21111001400,21111001400,"Census Tract 14, Jefferson County, Kentucky",1452,580,15,8,0,13,9,7,13,13,32,14,20,20,7,28,20,0,17,12,26,7,20,0,16,32,40,46,43,35,21,28,0,0,9,0,0,0,9,0,872,16,7,9,23,21,0,38,13,12,5,15,34,5,5,10,16,0,26,8,22,0,0,55,107,40,57,77,41,38,42,25,11,4,31,16,9,23,11
1400000US21111001500,21111001500,"Census Tract 15, Jefferson County, Kentucky",3042,1394,35,22,41,5,56,34,32,19,32,11,38,14,24,24,13,39,29,23,0,20,40,32,26,73,60,90,90,89,79,40,0,46,49,35,45,35,38,16,1648,22,34,28,34,10,19,24,21,30,25,30,35,8,37,45,27,36,5,35,29,7,0,61,73,117,104,132,158,84,69,11,51,26,55,64,58,13,31
1400000US21111001600,21111001600,"Census Tract 16, Jefferson County, Kentucky",3095,1474,19,24,29,28,33,0,10,46,14,53,21,11,45,26,21,19,8,10,46,5,23,21,50,99,79,92,130,131,93,61,37,31,15,45,34,33,14,18,1621,17,21,4,18,6,12,13,27,33,20,82,33,7,21,30,29,17,52,9,37,24,29,42,100,97,121,107,141,81,77,19,76,35,54,51,32,29,18
1400000US21111001700,21111001700,"Census Tract 17, Jefferson County, Kentucky",2612,1232,14,26,20,28,24,0,36,19,24,42,37,29,11,32,19,31,6,11,32,34,28,0,37,90,60,77,100,89,61,58,0,28,20,25,38,33,13,0,1380,29,0,0,29,21,10,26,29,11,30,22,22,49,12,43,19,19,22,0,6,31,0,9,86,84,120,73,91,79,80,22,27,26,39,98,68,27,21
1400000US21111001800,21111001800,"Census Tract 18, Jefferson County, Kentucky",1798,836,17,7,16,13,16,33,15,27,17,17,17,7,26,5,30,23,17,14,0,10,0,26,10,21,79,20,88,57,50,35,0,10,21,11,24,36,0,21,962,44,13,12,0,6,14,19,23,18,33,22,0,12,0,13,14,7,9,14,25,0,30,46,62,60,57,119,50,47,28,14,11,14,27,9,52,18,20
1400000US21111002100,21111002100,"Census Tract 21, Jefferson County, Kentucky",3041,1452,35,17,38,46,26,27,27,35,35,37,41,28,33,13,13,7,22,21,26,5,32,38,74,96,69,82,168,112,64,77,31,19,5,12,12,13,5,11,1589,46,0,21,9,17,36,14,23,25,28,53,18,35,56,44,21,30,59,34,17,30,6,51,132,96,119,112,119,89,67,16,21,9,55,26,25,12,18
1400000US21111002300,21111002300,"Census Tract 23, Jefferson County, Kentucky",2619,1228,10,0,33,27,66,25,39,36,16,31,34,33,23,19,17,6,15,46,28,6,4,29,69,103,59,86,91,81,49,51,0,17,5,29,14,7,8,16,1391,15,19,32,6,10,9,25,24,35,17,11,19,55,18,49,26,25,30,17,12,11,36,85,72,96,77,176,81,78,33,17,25,28,35,27,37,15,8
1400000US21111002400,21111002400,"Census Tract 24, Jefferson County, Kentucky",5405,2411,63,54,25,46,41,50,27,64,76,31,64,57,48,36,57,75,37,39,49,22,45,28,48,127,136,206,183,176,110,122,5,51,37,30,45,61,26,14,2994,62,47,39,26,42,34,36,73,96,64,58,25,72,85,29,47,52,38,58,38,62,36,80,243,189,231,253,191,101,66,41,58,19,85,70,85,87,76
1400000US21111002700,21111002700,"Census Tract 27, Jefferson County, Kentucky",3424,1612,63,29,28,28,22,29,27,24,29,32,38,47,20,19,52,6,27,26,26,24,31,15,54,87,124,99,146,119,55,50,8,48,8,42,46,39,32,13,1812,5,21,45,38,17,22,19,20,29,77,9,80,46,14,39,21,39,20,14,37,9,42,55,136,102,76,141,116,89,75,11,46,14,31,73,65,66,53
1400000US21111002800,21111002800,"Census Tract 28, Jefferson County, Kentucky",1948,854,24,16,31,11,0,9,6,28,12,17,15,21,8,17,32,21,18,25,9,17,17,0,30,48,33,81,62,43,71,53,15,25,9,6,8,6,10,0,1094,0,10,20,17,30,18,0,9,19,24,19,7,20,13,0,34,0,26,27,8,8,24,15,65,56,91,175,127,42,55,12,32,8,39,18,10,16,0
1400000US21111003000,21111003000,"Census Tract 30, Jefferson County, Kentucky",3410,1357,52,51,60,36,77,79,86,35,27,19,12,41,31,24,8,23,0,17,17,17,20,40,36,93,55,139,146,22,24,31,12,0,7,0,6,0,8,6,2053,39,75,19,61,43,40,75,15,31,56,54,27,46,27,36,31,47,14,3,64,46,55,141,191,137,135,119,146,37,49,9,35,18,15,56,20,17,24
1400000US21111003500,21111003500,"Census Tract 35, Jefferson County, Kentucky",1937,894,20,39,49,21,49,21,8,35,21,35,40,22,0,21,26,13,9,8,47,8,14,0,26,55,32,85,62,37,27,18,0,11,0,0,9,5,0,21,1043,23,16,23,32,19,24,0,16,6,16,12,45,38,13,21,24,23,13,27,30,45,61,50,80,56,82,79,45,50,11,12,10,9,0,13,11,0,8
1400000US21111003600,21111003600,"Census Tract 36, Jefferson County, Kentucky",5207,2534,47,11,71,42,35,69,17,27,48,16,77,45,11,43,9,56,58,50,20,26,51,66,66,174,149,248,251,160,155,130,33,37,34,25,81,54,17,25,2673,27,17,47,26,42,23,19,62,25,63,47,23,9,59,29,34,46,44,46,10,39,24,92,227,128,293,233,166,147,109,35,48,31,43,128,119,53,60
1400000US21111003700,21111003700,"Census Tract 37, Jefferson County, Kentucky",2057,1010,5,16,0,12,15,44,0,14,14,10,17,0,13,5,17,23,4,10,13,5,0,33,87,52,65,77,85,103,75,57,5,50,11,16,39,4,14,0,1047,12,30,22,21,6,30,16,22,16,13,10,15,25,18,21,10,5,24,4,19,9,11,38,104,67,83,43,67,49,51,23,7,18,35,56,0,17,30
1400000US21111003800,21111003800,"Census Tract 38, Jefferson County, Kentucky",4119,2121,20,26,27,42,22,25,31,6,33,38,0,18,50,35,56,14,31,32,9,38,43,22,61,153,169,246,150,172,163,87,23,40,34,63,45,40,47,10,1998,16,41,27,12,24,14,13,23,26,56,25,29,33,36,19,26,29,17,34,6,23,21,70,122,145,190,118,133,116,90,21,55,29,48,99,104,39,69
1400000US21111003900,21111003900,"Census Tract 39, Jefferson County, Kentucky",4220,1972,35,39,36,24,51,34,53,66,47,38,49,13,35,4,31,17,12,27,0,18,39,0,58,162,196,157,184,146,98,57,18,51,22,22,55,42,31,5,2248,23,52,21,22,10,31,35,24,49,34,42,28,40,29,34,30,40,18,51,9,35,39,78,185,186,193,155,156,114,76,25,62,43,26,72,79,65,37
1400000US21111004000,21111004000,"Census Tract 40, Jefferson County, Kentucky",1828,875,9,14,9,0,9,15,7,3,19,29,13,8,8,29,21,38,12,17,9,17,7,0,44,61,81,66,102,40,42,13,14,40,14,20,23,10,0,12,953,17,17,15,8,0,13,4,21,5,24,15,4,12,28,15,13,6,6,24,17,22,15,15,38,87,64,116,74,56,15,19,14,11,41,17,34,25,26
1400000US21111004100,21111004100,"Census Tract 41, Jefferson County, Kentucky",2757,1379,9,17,17,17,25,6,30,0,24,20,29,18,33,0,13,0,31,13,30,9,13,14,92,120,113,151,97,124,77,70,0,30,28,14,30,33,17,15,1378,27,9,11,17,33,15,18,15,28,29,23,30,12,23,5,8,11,14,16,9,8,14,79,149,89,128,88,86,71,45,26,55,17,23,44,52,42,9
1400000US21111004301,21111004301,"Census Tract 43.01, Jefferson County, Kentucky",4338,1896,30,50,39,60,46,73,58,66,13,29,68,44,60,51,28,55,34,36,12,25,37,26,51,102,121,147,150,81,68,87,22,7,14,11,40,18,37,0,2442,19,106,25,66,31,44,81,24,46,27,54,19,25,11,59,15,28,29,23,24,49,64,106,229,183,232,152,162,98,84,14,61,13,41,61,57,64,16
1400000US21111004302,21111004302,"Census Tract 43.02, Jefferson County, Kentucky",3555,1452,72,46,59,71,31,53,40,73,42,60,39,25,26,24,23,23,27,43,17,22,12,21,8,77,74,86,67,81,67,30,19,33,0,0,12,16,19,14,2103,43,55,69,70,25,76,46,20,37,54,63,22,27,40,24,31,32,8,31,79,44,77,145,188,103,155,128,122,49,65,20,15,24,28,36,24,17,11
1400000US21111004400,21111004400,"Census Tract 44, Jefferson County, Kentucky",4330,2056,30,35,12,17,11,65,16,22,56,0,9,7,39,14,15,46,23,22,31,14,9,46,79,188,168,159,163,166,160,117,34,30,50,36,36,77,20,34,2274,39,7,59,40,7,20,14,33,24,26,11,22,35,31,15,5,18,21,27,0,20,36,89,172,175,127,208,178,139,75,78,41,52,76,78,96,96,84
1400000US21111004500,21111004500,"Census Tract 45, Jefferson County, Kentucky",3299,1642,15,26,10,58,15,0,19,37,5,11,36,29,10,6,28,71,25,22,50,7,18,30,51,70,102,180,131,104,90,102,0,58,33,26,58,65,18,26,1657,6,22,7,0,18,25,4,24,4,22,13,46,17,31,17,23,14,10,5,28,37,20,42,79,106,135,144,151,51,93,29,56,39,49,84,64,45,97
1400000US21111004600,21111004600,"Census Tract 46, Jefferson County, Kentucky",3694,1815,25,39,17,11,28,8,42,29,4,17,17,28,12,25,4,19,21,35,16,44,0,26,71,123,159,135,202,141,105,68,30,28,17,41,92,41,56,39,1879,13,16,26,9,15,30,16,4,13,19,21,19,12,27,36,25,6,19,26,7,7,46,54,113,127,148,193,171,74,74,49,41,46,45,118,94,67,53
1400000US21111004900,21111004900,"Census Tract 49, Jefferson County, Kentucky",2553,1513,7,0,0,9,0,0,0,7,10,0,0,6,10,6,6,28,8,45,18,78,25,31,123,175,171,168,140,81,94,35,41,31,7,33,25,60,28,7,1040,10,9,9,0,15,0,0,5,7,0,19,0,0,0,13,7,5,11,6,3,4,8,33,87,67,88,68,77,55,36,28,16,18,58,75,96,26,81
1400000US21111005000,21111005000,"Census Tract 50, Jefferson County, Kentucky",1885,694,10,0,0,24,0,16,0,0,0,0,16,0,16,7,0,5,7,0,28,0,31,20,52,56,42,54,84,37,47,12,6,4,19,20,15,28,0,38,1191,8,8,22,10,7,0,3,0,6,6,0,30,7,0,0,7,7,0,14,17,48,58,71,70,47,24,62,67,37,26,24,16,30,10,69,43,109,228
1400000US21111005100,21111005100,"Census Tract 51, Jefferson County, Kentucky",3323,1661,6,21,48,8,8,20,12,13,7,15,0,15,28,16,0,7,0,7,19,7,32,17,97,145,64,209,181,164,83,84,15,46,13,20,81,75,37,41,1662,15,0,11,0,17,0,6,21,16,28,13,0,11,18,38,0,0,20,11,8,6,26,95,83,101,73,140,76,76,53,23,83,21,47,94,99,125,208
1400000US21111005200,21111005200,"Census Tract 52, Jefferson County, Kentucky",3428,1823,6,8,0,16,14,0,11,0,8,18,0,16,11,31,20,12,7,34,0,41,66,100,153,224,229,150,216,108,145,65,17,19,11,16,0,10,19,22,1605,24,12,8,8,22,7,18,12,6,0,0,0,10,0,0,33,12,11,30,46,32,66,246,236,125,98,163,142,63,46,0,23,15,20,18,28,8,17
1400000US21111005300,21111005300,"Census Tract 53, Jefferson County, Kentucky",2279,1077,14,0,9,0,0,0,0,8,0,0,9,11,0,6,5,0,0,15,111,243,134,99,119,96,51,43,51,10,12,7,0,5,15,4,0,0,0,0,1202,5,12,17,0,4,4,4,5,4,9,10,9,5,0,0,0,0,0,131,350,148,64,136,98,15,24,29,27,29,17,13,0,8,0,4,11,4,6
1400000US21111005600,21111005600,"Census Tract 56, Jefferson County, Kentucky",4611,2406,31,65,49,36,38,29,37,69,19,59,60,4,12,11,51,57,23,16,77,18,80,34,107,173,234,216,263,157,115,54,12,59,6,30,63,16,20,6,2205,59,29,47,15,44,24,19,15,53,19,27,24,70,57,33,8,28,7,8,26,48,34,112,189,183,171,185,166,95,99,16,66,26,34,75,29,13,52
1400000US21111005900,21111005900,"Census Tract 59, Jefferson County, Kentucky",5071,2436,31,48,83,67,52,56,45,40,63,32,31,29,34,45,42,46,35,21,35,23,23,45,55,193,173,213,166,160,144,129,37,74,15,60,52,25,14,0,2635,92,58,19,63,31,44,21,30,31,42,59,24,15,47,8,21,16,6,9,63,54,101,149,279,257,215,125,95,151,107,15,62,75,68,90,0,62,31
1400000US21111006200,21111006200,"Census Tract 62, Jefferson County, Kentucky",2418,1140,30,33,22,49,38,26,44,22,33,27,23,33,13,13,13,5,31,13,16,10,12,9,19,37,87,76,128,96,31,31,6,13,11,24,35,12,19,0,1278,42,28,46,27,38,70,0,35,28,0,24,13,16,13,11,26,20,13,14,33,30,20,90,101,83,112,62,57,43,26,10,54,0,12,40,27,14,0
1400000US21111006300,21111006300,"Census Tract 63, Jefferson County, Kentucky",2207,1042,16,6,5,11,25,25,9,9,8,25,9,9,15,0,49,19,28,63,0,0,17,6,32,95,63,129,72,103,75,25,0,22,0,0,39,26,7,0,1165,13,16,5,0,5,7,12,18,15,15,13,34,23,7,22,29,0,9,0,15,0,6,52,93,99,116,115,79,76,37,30,0,8,39,34,55,18,50
1400000US21111006400,21111006400,"Census Tract 64, Jefferson County, Kentucky",1862,1007,9,0,13,12,6,29,25,0,4,0,4,0,0,0,14,14,10,0,19,14,9,18,96,143,115,82,77,52,68,61,16,14,8,6,30,23,0,16,855,9,17,0,5,23,0,0,0,8,9,0,0,0,13,8,11,0,19,5,27,0,5,63,126,98,82,53,64,30,57,12,8,5,30,10,32,12,14
1400000US21111006500,21111006500,"Census Tract 65, Jefferson County, Kentucky",3423,1701,50,39,57,23,29,12,5,30,40,57,33,24,22,28,55,54,26,26,25,16,43,13,82,112,85,155,130,134,67,61,28,13,21,36,43,6,0,21,1722,28,14,23,31,21,28,31,6,33,26,0,27,44,7,20,27,13,43,22,34,39,50,73,122,130,171,125,117,72,86,9,48,31,19,46,61,31,14
1400000US21111006600,21111006600,"Census Tract 66, Jefferson County, Kentucky",2379,1147,12,29,5,0,21,5,17,10,18,8,0,10,5,0,0,7,0,0,36,38,26,14,51,92,151,124,147,115,81,15,6,32,14,7,35,11,0,5,1232,24,23,23,8,27,18,13,0,6,4,17,40,58,10,27,8,0,37,6,22,56,7,77,175,84,91,110,72,73,26,12,7,8,24,8,19,12,0
1400000US21111006800,21111006800,"Census Tract 68, Jefferson County, Kentucky",2299,1139,9,0,10,10,29,13,0,41,27,12,17,24,19,27,8,21,5,10,4,0,22,21,34,116,123,132,70,89,29,36,11,29,10,28,32,36,7,28,1160,10,7,29,15,42,14,25,25,8,0,20,15,30,0,24,9,8,9,7,9,8,9,43,74,112,87,111,61,76,28,24,33,13,48,31,26,27,43
1400000US21111006900,21111006900,"Census Tract 69, Jefferson County, Kentucky",2323,1076,24,21,12,0,7,6,0,19,8,20,13,0,0,13,10,7,10,0,16,16,14,27,27,117,76,97,92,98,103,50,15,31,10,46,21,28,10,12,1247,16,13,17,8,0,9,0,13,7,10,7,16,7,15,36,5,0,0,12,3,38,14,42,102,99,66,133,95,65,44,33,31,24,6,71,105,42,43
1400000US21111007000,21111007000,"Census Tract 70, Jefferson County, Kentucky",2139,1032,33,0,20,8,7,0,35,14,13,5,33,8,10,0,0,22,14,11,16,12,26,0,38,87,81,86,97,84,80,38,26,27,10,11,28,34,6,12,1107,26,0,16,5,13,12,0,17,12,6,7,16,0,0,14,23,21,28,15,29,0,12,30,75,42,109,112,98,72,54,30,27,5,17,72,34,16,42
1400000US21111007100,21111007100,"Census Tract 71, Jefferson County, Kentucky",4665,2275,46,39,29,41,42,19,15,29,36,37,19,14,49,10,21,0,12,20,24,55,62,46,202,235,158,188,191,173,165,69,7,32,9,16,81,62,15,7,2390,23,28,8,27,0,28,60,23,32,20,34,28,31,8,13,9,9,35,22,51,22,34,163,236,179,168,180,167,117,48,22,79,51,52,131,119,74,59
1400000US21111007400,21111007400,"Census Tract 74, Jefferson County, Kentucky",2001,966,5,0,21,9,6,12,8,10,11,14,4,18,15,11,10,5,9,0,16,11,23,9,46,147,105,65,70,68,74,54,3,8,8,6,20,38,11,16,1035,18,4,15,9,10,3,4,8,9,10,11,4,5,9,0,8,11,5,10,0,10,12,45,126,69,105,91,80,77,29,5,13,11,24,53,43,46,43
1400000US21111007501,21111007501,"Census Tract 75.01, Jefferson County, Kentucky",5148,2497,30,29,18,36,34,46,24,34,43,36,38,21,35,40,27,35,47,34,36,11,20,13,28,38,63,151,205,249,285,171,76,89,32,80,134,109,64,36,2651,19,28,31,34,22,47,22,40,26,27,47,18,44,44,28,40,29,45,23,19,16,10,21,44,82,180,214,263,312,193,51,82,39,111,142,124,72,62
1400000US21111007502,21111007502,"Census Tract 75.02, Jefferson County, Kentucky",5051,2407,7,25,15,27,19,32,25,37,35,23,62,46,15,40,14,23,31,47,32,21,30,2,51,32,83,127,195,248,209,246,41,96,64,97,94,99,73,44,2644,15,20,29,27,68,11,16,29,49,31,12,33,45,54,39,41,21,30,16,3,11,21,18,59,84,201,177,255,254,220,65,81,64,103,132,146,69,95
1400000US21111007601,21111007601,"Census Tract 76.01, Jefferson County, Kentucky",1952,891,6,7,0,0,11,0,0,10,19,0,10,0,6,10,12,10,21,13,0,15,6,18,86,91,58,70,122,75,70,30,33,23,16,0,16,6,16,5,1061,5,0,5,5,0,0,9,0,9,10,13,23,28,24,18,6,6,0,23,5,8,6,26,115,98,90,69,120,71,51,14,32,13,25,61,30,26,17
1400000US21111007602,21111007602,"Census Tract 76.02, Jefferson County, Kentucky",3620,1669,19,36,18,42,6,13,24,29,12,23,11,12,9,12,6,18,6,0,10,17,26,37,103,245,152,182,136,148,91,30,5,46,17,0,52,35,30,11,1951,12,28,20,26,34,5,22,0,5,13,13,16,0,10,9,25,15,7,12,15,52,40,157,236,171,144,189,139,123,70,33,15,8,34,85,98,25,45
1400000US21111007603,21111007603,"Census Tract 76.03, Jefferson County, Kentucky",2459,1219,12,12,8,13,5,11,16,0,6,0,11,14,5,17,21,5,20,13,22,25,35,14,101,148,154,78,72,88,54,84,12,15,18,42,34,11,11,12,1240,6,0,5,22,14,0,6,9,6,11,4,0,13,0,12,11,10,14,4,6,21,30,147,143,102,72,108,104,106,76,19,28,19,12,38,37,18,7
1400000US21111007700,21111007700,"Census Tract 77, Jefferson County, Kentucky",3661,1612,22,39,31,36,18,24,18,25,34,29,23,33,25,18,9,10,31,8,6,25,17,15,47,94,113,106,152,128,88,92,16,25,8,44,63,47,41,52,2049,51,20,28,24,23,30,16,29,23,22,30,20,22,29,40,3,39,18,11,12,4,5,56,113,137,152,154,136,117,97,18,27,28,79,75,140,84,137
1400000US21111007800,21111007800,"Census Tract 78, Jefferson County, Kentucky",3268,1451,8,21,6,0,0,23,14,12,30,19,22,8,13,10,27,26,8,23,18,13,0,13,59,162,154,119,146,114,100,65,19,33,16,25,35,52,24,14,1817,9,12,6,0,21,0,0,21,6,6,43,23,12,21,20,16,27,18,19,5,8,6,61,163,141,139,136,149,100,90,35,56,10,52,88,104,68,126
1400000US21111007900,21111007900,"Census Tract 79, Jefferson County, Kentucky",1826,877,17,0,34,11,17,25,0,5,0,0,5,10,16,16,0,37,7,6,6,13,5,18,27,135,98,56,60,86,55,32,19,18,0,0,19,4,20,0,949,12,7,35,13,16,0,12,0,5,0,12,3,20,10,0,6,6,0,10,15,7,8,51,127,106,92,53,71,116,29,7,5,6,11,13,29,23,13
1400000US21111008100,21111008100,"Census Tract 81, Jefferson County, Kentucky",3234,1581,36,8,13,31,19,8,22,8,26,21,26,9,10,16,6,13,26,10,9,21,8,21,111,178,139,180,157,89,91,58,20,49,30,14,50,21,6,21,1653,31,0,16,11,5,15,17,16,12,6,13,14,14,5,14,25,19,9,7,20,15,29,72,159,150,112,145,126,113,40,48,52,13,40,51,42,69,108
1400000US21111008200,21111008200,"Census Tract 82, Jefferson County, Kentucky",4207,2095,10,18,5,16,13,32,0,7,12,0,0,19,19,20,12,22,18,9,26,31,0,37,144,334,228,180,172,157,188,135,41,20,31,29,34,41,8,27,2112,7,23,0,17,7,6,11,10,9,3,7,7,28,0,13,0,0,23,13,44,6,39,190,311,197,120,159,134,176,113,28,56,34,33,70,53,54,111
1400000US21111008300,21111008300,"Census Tract 83, Jefferson County, Kentucky",2855,1334,16,14,25,4,3,22,15,13,9,7,3,21,10,9,10,25,0,24,8,14,27,18,79,130,100,110,126,137,96,70,15,26,14,30,34,42,0,28,1521,0,10,3,35,0,6,16,19,14,13,0,2,23,5,16,14,18,3,0,5,12,44,97,132,85,86,130,129,123,76,46,5,23,28,57,79,87,80
1400000US21111008400,21111008400,"Census Tract 84, Jefferson County, Kentucky",3000,1466,23,24,11,0,12,8,15,6,0,20,9,34,12,12,14,5,14,22,24,8,16,45,38,127,208,202,87,145,101,63,27,11,9,28,21,10,28,27,1534,20,17,21,30,15,0,12,20,8,14,9,4,2,4,23,6,32,16,16,18,0,0,33,168,151,190,72,165,119,68,21,5,12,35,46,26,70,66
1400000US21111008500,21111008500,"Census Tract 85, Jefferson County, Kentucky",2087,982,12,0,13,3,0,9,5,4,22,0,18,0,27,9,0,5,8,6,0,16,0,14,71,159,98,128,69,89,58,36,13,16,0,9,31,9,19,6,1105,11,4,4,7,0,0,10,6,0,7,13,14,0,15,43,12,13,0,8,0,36,17,130,105,107,97,65,72,67,43,12,20,6,25,52,28,41,15
1400000US21111008700,21111008700,"Census Tract 87, Jefferson County, Kentucky",4217,2127,13,7,13,29,30,16,13,27,17,16,31,24,8,27,34,37,29,11,25,23,16,20,122,225,122,156,153,182,187,142,45,40,15,39,95,76,44,18,2090,10,22,0,16,20,16,18,15,31,18,22,23,47,17,8,23,14,27,14,0,12,22,91,132,93,125,203,212,206,158,38,47,34,64,102,82,59,49
1400000US21111008800,21111008800,"Census Tract 88, Jefferson County, Kentucky",3173,1523,2,3,21,10,17,6,21,11,20,7,11,12,27,27,10,13,11,26,0,23,40,17,47,143,136,95,156,145,128,111,22,33,16,29,37,38,30,22,1650,33,11,17,11,2,9,19,28,10,0,20,0,16,9,24,12,14,24,18,25,8,31,39,130,106,94,170,146,152,104,16,27,15,39,50,79,67,75
1400000US21111008900,21111008900,"Census Tract 89, Jefferson County, Kentucky",4031,1866,16,5,8,10,10,18,20,1,13,20,37,21,32,16,47,37,45,12,49,44,69,73,59,111,143,172,120,187,141,95,18,33,14,32,53,53,25,7,2165,17,18,5,17,8,29,9,28,14,8,2,8,20,16,25,26,0,27,94,144,75,45,92,100,122,108,188,187,183,132,15,34,30,50,80,93,36,80
1400000US21111009000,21111009000,"Census Tract 90, Jefferson County, Kentucky",6552,3108,33,33,69,67,51,20,38,59,20,57,28,65,54,43,45,18,7,36,26,28,35,56,122,302,162,279,265,222,189,142,39,67,12,72,148,87,68,44,3444,37,67,53,9,39,62,52,7,22,75,38,39,33,39,15,33,23,80,56,0,12,76,136,256,279,260,245,225,224,143,108,69,22,133,130,157,114,76
1400000US21111009103,21111009103,"Census Tract 91.03, Jefferson County, Kentucky",1746,804,0,0,5,31,6,18,15,37,16,16,14,8,47,0,0,22,16,8,24,11,7,0,12,118,19,83,91,25,41,16,6,13,0,10,38,22,9,0,942,16,0,7,9,16,0,11,48,27,16,0,48,15,0,22,16,10,9,13,0,0,0,26,92,44,93,59,62,63,64,8,12,9,25,26,47,19,10
1400000US21111009104,21111009104,"Census Tract 91.04, Jefferson County, Kentucky",7763,3714,94,38,62,33,92,26,55,7,57,45,63,69,36,78,59,60,59,48,23,77,43,53,224,312,321,246,310,275,252,144,82,95,37,115,60,8,32,24,4049,87,22,52,59,96,29,42,29,95,91,31,45,39,58,72,26,54,58,68,69,82,83,180,266,298,274,332,315,295,205,46,88,40,120,114,108,39,42
1400000US21111009300,21111009300,"Census Tract 93, Jefferson County, Kentucky",5156,2361,24,24,11,26,44,28,40,36,10,13,52,56,35,9,35,47,64,39,25,48,35,13,63,131,150,151,257,185,140,72,28,67,12,67,130,107,24,63,2795,45,17,22,20,14,12,6,25,4,4,46,20,50,43,58,28,65,17,32,29,26,22,55,125,162,253,181,174,173,122,36,47,18,130,186,119,194,215
1400000US21111009400,21111009400,"Census Tract 94, Jefferson County, Kentucky",6722,3260,36,74,20,19,56,41,29,23,20,46,35,47,73,68,72,44,43,62,46,40,55,10,126,197,180,248,295,287,257,120,42,113,55,82,114,93,58,34,3462,48,36,34,17,35,41,40,27,31,34,40,56,37,45,58,74,29,30,34,26,51,30,110,161,211,253,300,321,231,146,103,69,61,95,170,173,145,60
1400000US21111009600,21111009600,"Census Tract 96, Jefferson County, Kentucky",4401,2025,25,34,13,30,9,11,6,18,9,12,48,47,16,2,80,30,24,31,33,19,13,11,65,62,105,98,189,184,179,110,26,65,52,66,108,83,64,48,2376,16,17,10,9,10,16,19,29,2,19,13,45,21,32,22,37,38,24,11,12,40,15,48,89,92,149,201,230,205,130,70,95,49,101,137,165,107,51
1400000US21111009700,21111009700,"Census Tract 97, Jefferson County, Kentucky",3145,1411,33,6,30,23,15,11,13,6,15,32,3,24,30,13,29,20,20,9,23,12,14,18,27,120,113,106,113,105,92,49,12,32,9,32,54,39,43,66,1734,9,13,26,20,12,7,25,22,23,16,14,15,13,15,5,9,22,25,12,12,14,28,32,113,125,105,156,140,87,77,19,44,21,50,79,108,70,151
1400000US21111009800,21111009800,"Census Tract 98, Jefferson County, Kentucky",2692,1153,27,15,17,11,1,4,13,2,14,9,16,9,17,10,20,15,4,22,13,2,2,18,37,98,107,116,87,79,86,48,13,33,17,26,47,41,33,24,1539,20,6,8,16,27,26,8,7,9,20,20,11,16,23,13,23,18,5,0,13,9,27,36,98,129,100,130,120,87,70,7,52,24,51,81,94,52,83
1400000US21111009900,21111009900,"Census Tract 99, Jefferson County, Kentucky",2762,1246,18,22,26,10,22,14,0,11,11,8,26,10,17,5,21,11,14,22,4,15,9,6,31,114,97,99,109,90,71,49,14,38,12,19,73,53,40,35,1516,15,15,17,10,18,10,15,16,20,7,10,5,10,3,15,8,2,5,7,9,15,9,36,114,113,83,121,109,97,79,35,33,32,65,69,115,79,95
1400000US21111010001,21111010001,"Census Tract 100.01, Jefferson County, Kentucky",4829,2242,15,26,24,26,29,33,26,22,39,11,39,27,29,45,33,37,28,18,40,11,12,11,34,81,110,177,149,210,178,128,39,89,34,73,138,117,82,22,2587,8,26,32,39,22,20,42,29,29,46,24,29,19,17,36,17,34,36,15,22,23,5,33,105,129,165,233,216,196,158,71,81,62,77,172,178,85,56
1400000US21111010004,21111010004,"Census Tract 100.04, Jefferson County, Kentucky",4617,2029,12,20,56,37,19,11,17,0,49,33,0,26,22,11,6,8,0,34,12,0,44,27,176,351,199,152,107,148,118,72,6,41,6,12,71,13,50,63,2588,29,26,43,10,37,27,38,14,6,0,7,23,38,22,62,28,12,36,0,25,17,43,215,327,184,154,179,155,145,99,43,18,24,61,91,113,82,155
1400000US21111010005,21111010005,"Census Tract 100.05, Jefferson County, Kentucky",4317,2064,23,28,38,13,39,37,39,26,39,35,18,27,39,29,40,41,18,43,29,19,22,13,45,156,185,205,182,149,144,86,30,25,20,39,53,61,23,6,2253,35,25,39,29,15,20,25,27,26,26,44,26,23,31,30,21,30,20,5,14,9,22,53,183,182,217,206,167,148,108,51,38,30,63,78,79,60,48
1400000US21111010006,21111010006,"Census Tract 100.06, Jefferson County, Kentucky",3678,1740,25,20,19,18,21,25,27,10,29,11,32,13,18,26,19,38,26,27,17,26,39,21,67,102,121,137,134,113,127,98,42,27,24,43,93,57,26,22,1938,18,21,20,12,16,27,11,26,38,19,44,7,24,15,16,15,17,35,26,25,14,23,49,112,115,125,138,167,158,121,33,60,50,43,123,109,56,10
1400000US21111010007,21111010007,"Census Tract 100.07, Jefferson County, Kentucky",4359,2047,25,17,27,16,40,37,20,66,19,27,26,43,38,20,28,31,35,57,21,18,3,29,36,58,94,149,129,197,186,127,50,50,23,56,93,80,44,32,2312,24,15,13,12,30,35,38,23,27,34,37,29,25,30,15,30,21,42,5,26,34,7,31,63,100,140,184,242,186,186,44,43,43,74,119,96,63,146
1400000US21111010008,21111010008,"Census Tract 100.08, Jefferson County, Kentucky",4129,1938,22,22,29,13,24,51,18,41,29,28,24,33,39,17,26,31,39,35,28,20,19,22,66,117,96,173,184,138,139,82,34,46,34,52,61,50,26,30,2191,38,26,23,40,40,24,11,38,17,26,31,38,18,23,24,32,28,25,13,13,27,37,54,132,131,177,167,174,156,140,50,56,30,46,102,76,55,53
1400000US21111010101,21111010101,"Census Tract 101.01, Jefferson County, Kentucky",6305,3117,38,44,58,17,56,34,34,54,18,11,19,11,27,42,10,15,59,29,24,25,20,50,201,403,359,267,311,198,195,121,34,62,35,59,57,59,47,14,3188,30,48,32,38,49,61,16,45,56,34,63,11,6,0,10,18,23,37,44,26,62,43,162,366,310,254,310,197,206,151,27,62,31,64,97,98,69,32
1400000US21111010102,21111010102,"Census Tract 101.02, Jefferson County, Kentucky",4196,1970,23,6,29,5,65,43,16,52,28,12,39,41,14,19,34,44,24,36,37,10,0,7,11,50,103,150,193,161,192,125,36,54,73,39,62,66,47,24,2226,15,34,25,32,15,41,41,21,45,4,16,23,45,46,17,8,21,42,20,33,0,23,22,50,124,185,176,191,203,135,63,42,44,52,105,83,78,106
1400000US21111010303,21111010303,"Census Tract 103.03, Jefferson County, Kentucky",5015,2451,39,17,41,9,43,56,55,77,39,34,52,12,16,40,48,37,36,40,33,10,16,12,16,51,95,189,218,225,289,198,82,88,59,46,63,46,18,6,2564,22,41,32,28,29,29,62,45,26,33,64,41,33,22,26,43,56,48,18,29,13,12,27,46,123,234,237,261,291,176,71,68,40,58,76,74,14,16
1400000US21111010306,21111010306,"Census Tract 103.06, Jefferson County, Kentucky",7476,3659,45,116,58,78,61,71,48,49,66,107,54,77,74,73,53,59,80,34,8,27,58,26,47,106,280,389,400,334,328,216,40,29,44,45,53,26,0,0,3817,66,55,79,83,86,75,63,72,92,63,80,44,69,96,29,57,22,58,48,20,0,44,53,166,345,386,368,362,312,186,27,57,50,54,50,37,28,35
1400000US21111010307,21111010307,"Census Tract 103.07, Jefferson County, Kentucky",1549,790,10,0,6,17,0,9,9,0,10,10,18,20,11,14,5,11,15,0,12,8,0,0,43,19,30,59,58,122,116,63,14,28,0,16,15,7,0,15,759,15,14,8,7,0,9,16,0,15,10,16,16,13,16,27,13,16,12,14,0,0,0,12,20,42,57,117,78,87,46,0,26,14,0,15,8,0,0
1400000US21111010308,21111010308,"Census Tract 103.08, Jefferson County, Kentucky",8581,4130,29,41,43,69,64,69,53,75,79,77,76,65,91,86,63,39,85,66,62,34,20,13,68,121,209,346,353,419,412,231,77,127,72,88,117,101,55,35,4451,55,70,47,54,73,85,67,59,75,71,73,72,80,81,78,66,104,59,63,33,68,11,45,112,235,371,428,457,369,202,108,111,52,88,130,127,81,91
1400000US21111010309,21111010309,"Census Tract 103.09, Jefferson County, Kentucky",3874,1891,39,38,28,12,44,36,46,31,29,31,24,27,30,41,16,29,28,14,21,2,7,11,41,77,147,207,193,154,120,102,34,36,19,37,74,39,23,4,1983,21,44,42,45,31,32,24,33,44,35,12,38,21,35,16,25,37,19,12,19,9,13,33,82,164,221,168,138,147,76,64,50,35,40,68,56,27,7
1400000US21111010310,21111010310,"Census Tract 103.10, Jefferson County, Kentucky",5850,2952,86,62,38,44,67,88,45,25,51,36,61,35,42,35,33,24,31,46,53,13,10,22,102,282,378,308,241,212,207,127,12,30,13,29,29,19,12,4,2898,62,56,63,27,43,30,37,55,44,36,43,37,30,39,51,23,43,40,4,12,44,10,105,294,313,321,259,243,212,133,39,17,16,18,48,31,17,3
1400000US21111010311,21111010311,"Census Tract 103.11, Jefferson County, Kentucky",5414,2660,41,62,58,45,37,45,47,33,41,42,43,36,27,42,43,52,18,38,34,38,25,44,142,322,317,261,198,165,159,74,16,52,16,8,24,13,2,0,2754,85,52,32,48,54,47,42,11,34,31,30,40,40,38,24,13,30,52,14,25,28,37,160,325,317,304,212,202,170,104,25,24,30,12,50,9,1,2
1400000US21111010402,21111010402,"Census Tract 104.02, Jefferson County, Kentucky",5271,2629,76,13,53,17,42,28,32,55,55,16,33,20,37,92,36,35,62,64,26,64,14,9,57,111,141,333,171,209,213,166,46,71,73,46,44,52,9,8,2642,8,32,42,16,78,39,45,30,47,54,41,47,1,16,52,13,31,40,11,3,2,2,69,165,167,293,245,229,221,176,38,66,28,54,114,45,61,21
1400000US21111010403,21111010403,"Census Tract 104.03, Jefferson County, Kentucky",3085,1505,19,18,14,32,17,13,19,9,31,18,24,28,20,37,14,25,35,30,25,4,9,17,11,52,87,98,129,147,122,117,29,40,38,33,61,53,20,10,1580,11,27,15,21,18,6,18,14,21,9,24,30,18,18,11,19,21,7,6,10,0,2,15,88,88,124,132,157,136,124,29,66,49,41,97,64,29,15
1400000US21111010404,21111010404,"Census Tract 104.04, Jefferson County, Kentucky",10267,4775,60,31,84,54,95,81,94,68,74,75,56,88,66,80,87,46,121,99,62,49,53,56,112,272,261,397,455,417,380,281,45,74,46,75,129,78,90,84,5492,68,48,48,25,78,77,105,42,83,81,97,73,90,108,68,95,63,82,47,37,81,29,130,229,379,464,489,434,428,347,67,90,34,118,223,177,148,210
1400000US21111010500,21111010500,"Census Tract 105, Jefferson County, Kentucky",3442,1538,15,25,12,17,15,30,14,9,14,8,22,33,6,22,9,11,24,11,14,7,32,15,29,106,111,95,117,101,102,94,21,53,20,28,115,95,78,8,1904,12,17,16,25,33,14,21,15,18,25,12,10,23,7,50,19,17,9,13,0,34,16,46,116,129,102,151,122,113,104,54,45,34,72,121,117,103,69
1400000US21111010600,21111010600,"Census Tract 106, Jefferson County, Kentucky",6381,3055,30,44,28,42,20,39,30,33,29,42,44,28,24,18,28,24,17,30,30,25,38,33,249,465,330,270,244,185,147,79,69,52,13,19,81,67,26,83,3326,36,9,32,18,62,26,16,32,35,28,15,34,17,2,33,10,31,56,30,22,34,46,254,399,248,219,280,219,168,98,49,72,22,34,157,181,164,138
1400000US21111010701,21111010701,"Census Tract 107.01, Jefferson County, Kentucky",4336,2002,41,6,21,8,17,29,23,28,37,17,5,0,38,16,39,15,33,28,17,0,0,0,33,69,108,169,90,128,191,206,89,73,111,57,101,95,49,15,2334,24,16,0,9,32,20,0,5,7,0,18,30,9,50,23,22,9,9,32,0,31,16,66,123,102,105,151,180,249,209,65,80,53,114,150,179,83,63
1400000US21111010702,21111010702,"Census Tract 107.02, Jefferson County, Kentucky",5461,2737,16,18,44,14,35,15,21,24,48,17,48,37,48,31,57,58,42,45,31,52,18,38,138,246,177,232,205,231,183,134,69,44,41,69,80,89,23,19,2724,20,25,27,5,41,23,12,31,31,9,58,17,36,83,32,38,28,28,14,31,17,32,179,200,144,203,243,217,219,142,55,65,61,65,101,115,38,39
1400000US21111010705,21111010705,"Census Tract 107.05, Jefferson County, Kentucky",6108,2996,70,27,53,29,43,53,27,65,35,8,36,24,44,23,18,46,42,61,52,13,27,14,164,242,226,206,245,228,250,220,43,61,62,20,106,56,41,16,3112,22,44,27,21,26,23,40,54,41,43,31,26,52,58,31,23,27,23,19,38,18,22,162,191,251,205,288,256,300,235,56,73,52,90,80,86,44,34
1400000US21111010706,21111010706,"Census Tract 107.06, Jefferson County, Kentucky",3157,1496,14,15,8,7,29,33,38,21,6,6,21,12,0,27,19,40,13,14,0,13,11,14,54,77,83,75,141,111,137,105,59,56,31,49,105,45,7,0,1661,18,13,5,25,21,27,14,21,11,26,27,16,42,4,12,26,23,13,23,15,5,15,51,57,78,78,164,145,142,160,44,38,25,67,77,67,47,19
1400000US21111010800,21111010800,"Census Tract 108, Jefferson County, Kentucky",3847,1707,28,14,11,13,16,28,8,12,20,20,25,33,18,9,7,9,19,15,20,18,4,13,83,133,137,110,154,136,85,80,39,36,8,47,105,67,44,83,2140,21,17,20,12,6,23,29,19,32,17,13,14,18,32,8,20,24,14,24,16,24,23,49,120,113,133,129,145,139,130,22,22,33,59,171,112,154,183
1400000US21111010901,21111010901,"Census Tract 109.01, Jefferson County, Kentucky",4531,2112,18,31,32,51,8,0,37,19,45,16,32,18,24,6,14,49,19,37,37,8,14,0,92,183,168,130,220,154,89,66,19,59,50,76,73,111,70,37,2419,37,20,9,29,0,17,11,21,44,37,0,27,37,24,44,17,8,21,4,49,7,44,23,169,153,162,203,156,157,112,39,79,83,69,189,177,66,75
1400000US21111010902,21111010902,"Census Tract 109.02, Jefferson County, Kentucky",4187,2045,77,23,18,14,37,17,22,15,47,16,31,24,15,30,42,25,49,23,22,12,24,10,73,134,139,251,165,138,99,52,17,51,43,44,71,90,68,17,2142,11,27,31,12,17,20,17,27,31,7,2,20,47,6,18,31,9,8,35,21,15,19,86,127,157,211,176,139,113,92,35,52,69,102,98,167,65,22
1400000US21111011002,21111011002,"Census Tract 110.02, Jefferson County, Kentucky",5156,2408,37,56,81,39,32,42,30,47,40,29,48,26,40,37,51,41,26,26,48,16,84,85,111,240,184,177,224,124,112,69,23,20,12,30,32,30,16,43,2748,53,63,67,49,36,74,24,15,33,27,31,41,17,34,55,14,14,31,51,26,26,38,189,302,210,229,157,161,108,106,16,24,28,53,56,96,71,123
1400000US21111011003,21111011003,"Census Tract 110.03, Jefferson County, Kentucky",6072,2868,25,59,29,19,86,10,34,46,46,51,9,45,57,19,55,32,80,50,31,26,32,30,83,236,274,214,201,213,122,127,36,56,60,17,172,80,88,18,3204,39,22,39,37,53,30,15,16,64,0,42,26,64,17,65,10,18,18,24,25,25,35,144,252,202,288,236,213,217,150,78,98,45,96,173,142,101,85
1400000US21111011004,21111011004,"Census Tract 110.04, Jefferson County, Kentucky",6234,2822,26,66,29,54,36,29,24,31,35,28,30,34,23,27,42,20,48,37,39,24,47,25,139,188,193,143,261,225,195,153,39,72,43,104,104,115,60,34,3412,19,6,31,16,18,26,28,23,19,29,7,52,33,32,39,61,38,19,49,10,74,35,124,202,157,268,246,221,219,201,45,68,70,133,171,197,196,230
1400000US21111011005,21111011005,"Census Tract 110.05, Jefferson County, Kentucky",2916,1414,8,29,20,39,24,23,14,31,20,9,23,22,15,16,19,41,6,8,20,4,24,10,66,134,142,163,102,127,61,58,5,21,16,28,17,35,14,0,1502,0,32,34,19,5,4,12,44,24,19,36,31,13,18,23,5,6,9,9,13,0,23,48,173,124,141,122,113,123,61,0,41,17,27,48,22,54,9
1400000US21111011101,21111011101,"Census Tract 111.01, Jefferson County, Kentucky",8619,4142,73,27,73,78,58,52,66,15,113,69,88,47,47,88,79,76,37,32,44,43,39,5,208,332,344,361,401,333,270,175,27,110,30,76,88,88,43,7,4477,84,78,36,71,48,49,53,61,93,16,34,49,44,63,66,74,66,66,25,66,76,49,117,286,354,372,418,387,358,220,65,82,26,60,185,160,24,96
1400000US21111011102,21111011102,"Census Tract 111.02, Jefferson County, Kentucky",4858,2313,46,50,29,25,15,27,34,1,33,39,30,41,23,18,37,27,28,25,21,21,12,25,81,145,157,217,163,175,142,112,70,75,47,63,108,81,48,22,2545,20,28,33,21,41,32,23,20,27,16,23,40,28,44,34,25,25,22,35,16,14,21,63,138,163,189,212,203,181,156,35,97,50,73,139,96,73,89
1400000US21111011105,21111011105,"Census Tract 111.05, Jefferson County, Kentucky",6186,2890,57,27,44,20,39,14,40,38,24,83,43,43,42,53,35,48,23,71,21,9,25,32,88,171,230,203,220,276,230,109,79,34,49,74,146,76,74,0,3296,39,24,5,50,57,51,57,67,24,15,24,33,23,64,37,23,13,15,77,33,33,8,70,208,226,226,339,307,224,205,72,78,50,96,178,121,51,73
1400000US21111011106,21111011106,"Census Tract 111.06, Jefferson County, Kentucky",7432,3482,53,61,63,45,43,47,16,54,14,46,56,35,71,76,70,77,44,58,31,40,43,44,145,282,274,215,332,309,216,160,57,82,48,52,113,59,32,19,3950,45,65,78,53,44,83,41,28,60,44,48,33,34,38,73,40,29,107,60,15,41,28,152,266,296,345,288,321,243,188,66,120,43,88,150,78,95,124
1400000US21111011109,21111011109,"Census Tract 111.09, Jefferson County, Kentucky",2315,1092,13,0,9,14,13,0,0,27,6,14,9,17,8,25,14,25,31,11,16,10,21,20,29,61,56,68,90,137,76,99,28,10,8,17,70,10,30,0,1223,15,0,19,17,0,18,7,11,26,8,14,31,26,7,38,27,7,18,8,22,60,4,72,30,53,98,102,88,149,73,16,49,8,24,43,23,12,0
1400000US21111011110,21111011110,"Census Tract 111.10, Jefferson County, Kentucky",5585,2716,37,51,47,56,37,49,16,45,29,62,73,82,56,35,17,37,23,45,43,23,33,20,44,167,228,270,267,189,186,146,25,41,19,25,104,50,20,19,2869,29,12,48,49,76,40,37,26,59,38,45,42,21,65,40,44,34,46,45,28,7,7,49,205,250,277,305,264,149,150,33,46,9,103,86,85,20,0
1400000US21111011200,21111011200,"Census Tract 112, Jefferson County, Kentucky",5039,2359,41,72,44,33,19,6,25,16,30,76,23,8,34,14,32,12,25,19,57,27,25,31,118,239,158,236,211,144,142,56,30,56,32,33,91,104,11,29,2680,36,15,11,30,16,49,15,34,33,11,33,31,25,11,35,5,22,43,37,51,41,19,163,222,167,250,172,176,168,116,54,62,71,45,150,121,78,62
1400000US21111011301,21111011301,"Census Tract 113.01, Jefferson County, Kentucky",2485,1199,15,7,4,24,17,20,12,30,22,10,15,6,37,13,5,13,31,11,22,20,20,36,32,47,56,81,132,131,84,39,32,23,24,23,60,17,23,5,1286,0,22,11,18,9,14,17,27,16,13,13,0,7,18,14,20,23,29,4,25,19,29,22,76,44,95,173,125,66,29,11,56,25,43,78,50,41,4
1400000US21111011302,21111011302,"Census Tract 113.02, Jefferson County, Kentucky",7278,3199,48,52,38,71,66,40,61,60,85,105,113,82,68,65,73,57,111,71,86,46,62,83,89,164,166,268,178,186,139,117,37,84,35,48,74,42,11,18,4079,122,69,51,36,12,71,87,67,95,90,68,67,93,100,60,97,65,64,77,57,117,96,47,295,231,366,332,276,214,186,58,103,25,81,109,53,17,25
1400000US21111011403,21111011403,"Census Tract 114.03, Jefferson County, Kentucky",1918,916,6,6,13,30,7,9,7,9,2,8,17,9,9,14,10,15,17,6,9,7,16,6,34,52,70,76,87,64,40,73,10,14,18,26,58,22,19,21,1002,19,1,18,9,20,6,2,15,9,13,19,9,17,5,11,14,18,7,7,17,6,8,33,57,64,89,62,66,51,33,17,42,32,32,64,66,30,14
1400000US21111011404,21111011404,"Census Tract 114.04, Jefferson County, Kentucky",3516,1717,23,32,38,26,47,20,25,41,23,17,2,19,23,16,23,8,38,14,40,37,37,40,102,177,96,136,105,174,95,57,19,40,4,37,35,26,25,0,1799,19,30,18,48,15,44,32,10,21,6,22,12,4,18,27,29,24,28,12,30,57,77,119,190,89,178,95,101,113,30,26,48,23,34,70,57,39,4
1400000US21111011405,21111011405,"Census Tract 114.05, Jefferson County, Kentucky",5448,2617,24,35,40,49,47,27,47,45,85,32,52,103,33,44,13,80,6,68,40,11,73,39,113,141,208,202,186,196,118,145,29,82,41,27,59,43,20,14,2831,68,41,24,31,36,79,63,27,76,80,17,27,32,58,19,21,11,26,27,21,24,35,133,221,226,236,226,203,157,109,62,99,0,64,79,66,39,68
1400000US21111011406,21111011406,"Census Tract 114.06, Jefferson County, Kentucky",3485,1622,10,8,26,21,49,39,11,17,25,22,36,5,33,11,20,20,34,7,28,14,40,9,78,135,124,96,146,114,136,72,53,31,14,33,63,42,0,0,1863,36,17,26,15,26,0,33,35,25,16,8,19,15,53,37,28,19,26,9,21,41,34,108,126,107,178,122,152,123,125,14,40,40,63,21,61,15,29
1400000US21111011504,21111011504,"Census Tract 115.04, Jefferson County, Kentucky",6435,3146,31,33,48,75,89,24,37,8,71,44,79,61,72,27,61,38,29,66,20,56,32,10,126,219,238,333,276,219,205,180,21,57,16,72,73,39,27,34,3289,60,19,90,33,41,28,20,57,54,48,45,31,34,62,39,43,41,44,19,34,20,31,117,233,268,313,291,237,216,131,35,98,45,61,117,71,80,83
1400000US21111011505,21111011505,"Census Tract 115.05, Jefferson County, Kentucky",5249,2574,35,30,7,61,38,23,23,61,23,46,96,3,23,19,28,19,22,50,21,30,36,22,103,210,180,223,179,181,186,191,27,91,83,54,82,32,25,11,2675,43,35,37,18,24,35,21,47,47,35,29,6,19,23,64,28,39,18,37,34,15,29,100,187,198,199,226,221,181,201,41,108,45,101,76,53,18,37
1400000US21111011506,21111011506,"Census Tract 115.06, Jefferson County, Kentucky",4990,2472,34,47,54,40,18,45,42,46,37,47,51,40,17,39,22,32,33,73,45,25,31,27,103,165,172,237,172,207,192,156,29,47,17,30,52,38,10,0,2518,27,33,25,28,72,76,6,39,22,54,21,33,38,19,42,51,27,36,28,0,68,0,138,181,204,185,225,214,222,154,31,49,34,23,50,47,16,0
1400000US21111011508,21111011508,"Census Tract 115.08, Jefferson County, Kentucky",3334,1586,27,12,11,9,32,9,18,34,16,16,15,19,32,22,13,19,17,9,22,12,7,16,41,100,111,116,163,117,112,113,38,49,28,29,90,58,12,22,1748,26,18,14,10,16,25,26,11,17,12,27,28,38,23,19,21,22,33,9,22,15,8,50,93,101,144,164,110,122,120,25,87,37,48,92,43,31,41
1400000US21111011509,21111011509,"Census Tract 115.09, Jefferson County, Kentucky",3827,1868,26,45,63,27,8,25,37,17,31,15,47,54,11,17,19,23,9,19,32,26,52,27,101,282,153,161,123,95,109,41,25,38,27,15,26,21,15,6,1959,42,46,34,25,6,17,43,0,38,14,5,32,29,13,44,26,53,10,43,17,13,28,154,199,190,102,217,115,104,67,30,46,6,31,58,34,24,4
1400000US21111011510,21111011510,"Census Tract 115.10, Jefferson County, Kentucky",7731,3747,50,38,36,61,67,62,33,83,51,55,67,68,64,37,32,50,38,72,67,42,46,26,175,293,293,326,293,327,276,166,81,57,43,85,73,114,0,0,3984,68,26,23,93,58,53,59,46,45,98,75,43,37,56,68,60,40,57,39,40,38,17,167,313,271,371,372,318,281,174,51,113,38,64,154,95,41,22
1400000US21111011511,21111011511,"Census Tract 115.11, Jefferson County, Kentucky",6439,3183,95,119,48,43,84,62,99,65,40,62,47,49,36,43,39,43,23,21,23,30,15,33,83,230,363,390,334,234,149,129,30,52,25,17,17,0,11,0,3256,53,26,62,72,73,63,73,26,43,80,48,76,31,33,39,70,56,39,24,0,26,26,106,311,362,347,350,248,167,116,31,33,20,50,32,14,15,15
1400000US21111011512,21111011512,"Census Tract 115.12, Jefferson County, Kentucky",3992,1976,70,43,21,31,11,24,37,60,22,62,8,27,8,29,29,13,9,42,36,29,43,29,58,87,159,221,196,213,85,96,11,32,21,23,23,44,6,18,2016,27,22,44,21,30,28,38,30,44,22,18,26,49,8,34,26,42,47,8,44,45,9,63,107,162,299,119,181,135,59,50,36,0,56,20,56,11,0
1400000US21111011601,21111011601,"Census Tract 116.01, Jefferson County, Kentucky",3009,1517,16,19,30,17,12,16,34,36,35,18,43,26,21,31,34,9,18,19,9,20,0,11,36,39,79,140,188,112,184,152,17,23,7,25,7,21,13,0,1492,12,10,12,29,26,43,6,28,5,9,34,37,19,36,27,25,27,20,7,11,19,0,28,91,75,132,188,147,170,92,17,45,8,10,16,13,0,18
1400000US21111011602,21111011602,"Census Tract 116.02, Jefferson County, Kentucky",4940,2426,39,20,23,8,36,18,36,23,39,12,49,26,77,28,21,0,42,10,30,39,22,9,39,64,98,205,196,299,268,212,38,111,71,34,100,39,30,15,2514,28,16,56,34,15,18,38,25,43,43,31,7,20,49,9,65,38,27,44,8,19,47,58,51,109,216,209,272,274,191,80,93,12,87,87,69,5,21
1400000US21111011703,21111011703,"Census Tract 117.03, Jefferson County, Kentucky",3511,1734,7,13,20,47,42,15,19,53,27,19,18,8,16,34,9,54,0,18,15,13,40,7,48,73,146,148,202,142,118,62,21,81,50,47,55,22,0,25,1777,22,18,5,40,10,30,48,0,8,30,35,18,0,59,8,10,36,20,17,23,9,0,26,134,124,185,161,157,128,62,63,71,40,46,41,42,13,38
1400000US21111011704,21111011704,"Census Tract 117.04, Jefferson County, Kentucky",6531,3353,62,47,72,60,58,89,75,71,71,108,63,34,25,57,40,23,31,62,52,29,18,0,175,314,388,286,276,231,184,125,36,63,13,23,52,26,14,0,3178,67,73,63,7,49,76,37,70,22,76,17,56,62,99,9,42,47,38,14,20,35,70,122,291,339,333,294,203,173,139,9,53,25,42,42,16,7,41
1400000US21111011705,21111011705,"Census Tract 117.05, Jefferson County, Kentucky",6911,3581,26,31,58,79,75,42,42,88,51,57,91,34,21,49,44,73,31,45,28,124,64,33,164,316,355,370,227,265,189,203,25,71,28,59,58,44,0,21,3330,41,72,51,63,33,61,36,17,32,71,36,65,71,76,54,46,50,22,36,34,42,20,186,321,266,230,286,251,208,215,24,61,22,91,99,8,11,22
1400000US21111011706,21111011706,"Census Tract 117.06, Jefferson County, Kentucky",3485,1678,17,19,25,0,11,4,25,11,7,17,26,18,13,10,67,15,43,21,22,30,8,12,59,81,90,117,149,138,126,102,39,69,38,40,102,62,16,29,1807,12,0,27,9,12,9,10,29,23,18,33,22,43,8,18,5,25,14,25,17,6,16,30,62,101,160,99,210,71,140,47,64,42,64,102,108,68,58
1400000US21111011707,21111011707,"Census Tract 117.07, Jefferson County, Kentucky",3472,1772,52,27,23,47,7,15,48,36,32,19,16,36,19,38,36,0,42,22,34,16,13,37,60,149,157,234,108,126,114,88,21,15,32,11,37,0,5,0,1700,24,34,20,42,13,26,12,12,70,15,38,26,27,29,28,11,30,32,9,9,21,3,93,139,148,175,148,116,96,103,18,28,23,17,23,27,8,7
1400000US21111011800,21111011800,"Census Tract 118, Jefferson County, Kentucky",3498,1757,33,28,17,30,27,29,15,33,34,42,8,30,41,13,15,9,13,24,31,12,41,25,61,158,124,154,133,98,126,106,25,28,30,8,88,36,9,23,1741,6,9,30,17,38,30,4,13,28,22,25,11,15,22,25,35,12,8,16,0,7,24,110,175,124,147,97,131,104,109,24,36,28,22,133,57,30,17
1400000US21111011901,21111011901,"Census Tract 119.01, Jefferson County, Kentucky",3292,1673,43,34,21,19,20,21,23,17,37,21,52,9,39,38,15,41,26,16,37,14,42,8,52,113,137,180,161,105,91,66,32,28,26,16,40,29,4,0,1619,9,17,23,37,17,26,34,29,45,22,19,33,27,33,24,26,28,24,26,6,30,20,52,115,135,153,149,91,86,76,35,41,17,42,31,24,7,10
1400000US21111011904,21111011904,"Census Tract 119.04, Jefferson County, Kentucky",2605,1213,19,12,18,42,6,28,10,26,47,26,34,33,11,5,0,16,19,28,0,6,16,0,21,146,101,135,78,71,74,20,11,52,31,13,37,21,0,0,1392,28,11,37,15,18,24,24,11,15,24,16,10,14,8,51,3,0,15,17,5,11,10,58,102,109,137,140,80,74,61,26,51,25,32,51,26,32,21
1400000US21111011905,21111011905,"Census Tract 119.05, Jefferson County, Kentucky",6425,3145,35,30,84,37,64,15,32,47,62,71,56,69,23,24,43,62,64,48,40,26,19,42,174,252,310,196,281,222,179,125,67,77,23,62,84,60,35,5,3280,63,23,64,41,42,45,14,39,75,57,29,42,42,54,46,25,8,45,25,55,76,50,121,236,257,278,227,222,224,150,52,158,40,55,134,71,52,43
1400000US21111011906,21111011906,"Census Tract 119.06, Jefferson County, Kentucky",3465,1806,72,20,23,47,24,13,20,33,17,17,42,27,23,15,7,25,16,20,25,33,64,59,91,178,145,128,163,121,67,57,36,23,12,47,63,19,7,7,1659,27,18,10,35,23,16,9,10,21,15,9,25,22,16,28,24,24,20,0,42,46,34,120,155,140,91,134,120,65,76,33,35,20,55,55,43,26,17
1400000US21111011907,21111011907,"Census Tract 119.07, Jefferson County, Kentucky",4233,2049,24,27,30,26,26,26,54,8,24,24,17,8,25,14,28,25,26,23,25,32,25,22,51,111,103,98,203,122,127,117,62,68,36,91,142,78,58,43,2184,30,0,12,16,0,45,15,33,23,20,30,14,9,21,0,12,33,15,32,28,18,16,42,99,121,139,128,127,141,149,61,89,44,155,110,175,64,118
1400000US21111012001,21111012001,"Census Tract 120.01, Jefferson County, Kentucky",3335,1660,20,18,20,15,19,7,12,11,16,59,27,29,49,28,8,17,26,14,19,25,37,34,42,108,99,126,161,124,107,88,29,52,44,44,72,40,10,4,1675,12,1,36,13,34,6,24,29,10,13,13,25,9,49,25,20,35,15,7,34,24,23,56,106,91,167,146,119,105,64,38,85,28,59,57,68,8,21
1400000US21111012002,21111012002,"Census Tract 120.02, Jefferson County, Kentucky",5380,2597,51,72,10,36,82,61,76,19,62,22,27,24,56,45,41,25,35,41,61,21,16,19,165,222,204,218,201,152,119,141,30,32,33,28,113,29,8,0,2783,45,28,70,51,71,31,20,34,38,84,79,24,31,13,41,29,43,29,35,8,68,33,160,259,208,207,190,202,143,134,57,35,40,49,85,67,24,18
1400000US21111012003,21111012003,"Census Tract 120.03, Jefferson County, Kentucky",4190,2045,55,14,52,19,26,27,30,24,6,70,40,20,45,27,23,38,34,22,26,13,36,37,76,149,137,185,166,139,133,109,45,52,30,16,68,16,33,7,2145,33,8,55,27,17,23,62,6,35,8,14,53,64,23,66,21,42,13,31,10,40,24,87,150,158,183,178,150,133,148,11,54,24,8,92,78,16,0
1400000US21111012103,21111012103,"Census Tract 121.03, Jefferson County, Kentucky",2644,1256,18,24,11,5,15,6,19,16,34,19,4,14,6,18,49,23,13,17,14,15,17,17,31,68,84,88,107,127,53,52,27,26,10,43,72,65,23,6,1388,15,21,7,27,17,17,8,15,11,14,19,28,11,10,24,10,22,18,24,8,8,11,44,72,74,113,124,97,79,41,26,72,28,55,105,77,29,7
1400000US21111012104,21111012104,"Census Tract 121.04, Jefferson County, Kentucky",3782,1824,26,19,24,29,18,11,26,32,49,65,16,32,22,41,21,17,40,27,24,19,27,28,54,111,112,129,204,135,112,45,23,57,27,28,94,64,11,5,1958,7,17,49,22,30,13,14,19,13,31,57,19,48,55,15,31,34,29,30,20,7,16,85,111,121,155,160,136,107,98,15,65,33,69,114,58,45,10
1400000US21111012105,21111012105,"Census Tract 121.05, Jefferson County, Kentucky",3858,1780,28,33,34,23,14,30,24,28,20,27,29,23,35,9,18,6,6,36,26,18,51,29,42,117,105,181,127,141,105,78,20,47,27,73,70,70,10,20,2078,42,21,26,23,37,44,21,48,21,22,10,0,17,31,23,37,39,24,35,15,48,0,82,123,125,188,122,129,116,70,28,99,37,67,108,88,76,36
1400000US21111012106,21111012106,"Census Tract 121.06, Jefferson County, Kentucky",6526,3161,27,53,54,28,52,78,37,35,32,66,56,43,48,41,66,50,40,63,21,67,62,32,121,217,220,355,176,248,187,131,65,38,35,70,131,100,8,8,3365,55,58,31,50,21,53,84,42,90,29,9,24,76,24,35,37,63,42,34,43,23,30,163,263,203,236,326,252,209,176,28,84,48,101,153,128,31,11
1400000US21111012107,21111012107,"Census Tract 121.07, Jefferson County, Kentucky",5480,2660,28,60,28,69,47,46,48,53,32,53,65,59,17,60,49,31,20,58,44,33,19,12,123,239,219,187,253,172,149,101,56,43,33,32,63,32,27,0,2820,27,72,80,71,28,38,43,56,55,40,27,34,34,40,42,25,48,43,30,9,46,34,115,239,214,272,164,222,153,89,52,97,17,45,126,49,11,33
1400000US21111012202,21111012202,"Census Tract 122.02, Jefferson County, Kentucky",6171,2890,55,34,52,39,41,83,41,23,35,33,23,23,47,42,47,63,12,57,43,43,35,34,104,218,210,220,221,202,172,120,67,83,44,52,104,96,54,18,3281,59,44,25,62,19,49,22,30,24,34,35,38,46,31,56,32,48,36,52,48,27,70,135,233,185,229,306,213,189,201,38,87,48,100,119,136,98,77
1400000US21111012203,21111012203,"Census Tract 122.03, Jefferson County, Kentucky",5748,2789,8,9,35,48,57,30,72,58,19,44,35,15,24,54,14,58,50,40,49,70,19,30,101,117,149,205,250,256,219,133,95,87,44,46,108,75,45,21,2959,36,19,24,53,46,26,21,40,49,23,58,55,24,32,40,37,18,38,48,25,0,110,48,166,178,237,229,271,205,196,91,41,59,40,131,133,89,23
1400000US21111012204,21111012204,"Census Tract 122.04, Jefferson County, Kentucky",4167,2044,69,19,34,50,32,64,10,35,16,34,36,23,20,36,29,36,29,27,38,28,22,8,104,138,140,140,154,158,157,92,32,63,27,27,59,38,13,7,2123,7,29,8,34,39,32,36,31,35,20,44,15,32,28,29,16,38,60,32,38,33,34,70,126,134,169,234,172,139,95,42,56,32,16,88,36,35,9
1400000US21111012301,21111012301,"Census Tract 123.01, Jefferson County, Kentucky",3322,1575,17,19,13,6,16,17,25,32,5,17,30,31,0,36,10,11,30,21,42,13,20,8,65,56,82,85,136,137,117,72,43,46,21,64,104,72,42,14,1747,11,23,0,36,3,27,11,33,24,8,40,12,28,0,8,28,23,0,8,8,8,37,42,70,90,80,187,137,123,71,67,38,60,56,153,86,81,30
1400000US21111012302,21111012302,"Census Tract 123.02, Jefferson County, Kentucky",4653,2155,6,20,47,23,26,41,23,14,23,58,12,46,47,23,13,26,16,29,6,47,38,21,83,201,153,154,161,163,155,103,37,79,31,59,57,49,37,28,2498,8,67,40,40,16,22,42,54,25,33,32,31,29,23,16,32,50,21,32,30,21,25,144,171,146,127,193,216,169,164,45,48,27,63,100,66,41,89
1400000US21111012405,21111012405,"Census Tract 124.05, Jefferson County, Kentucky",9272,4552,25,70,61,73,29,54,79,71,36,76,78,71,81,81,94,91,35,82,73,58,62,71,171,313,291,404,395,386,272,229,68,119,61,139,117,113,14,9,4720,65,49,56,26,69,46,46,83,37,76,64,79,47,60,91,56,76,80,62,30,91,11,244,317,261,415,475,423,222,278,85,115,102,153,123,130,44,33
1400000US21111012406,21111012406,"Census Tract 124.06, Jefferson County, Kentucky",5442,2705,30,42,23,47,20,19,16,37,28,19,43,64,37,61,83,11,38,63,52,22,51,23,94,171,206,198,282,190,161,120,35,65,51,84,95,73,45,6,2737,40,24,60,19,24,22,52,22,34,31,28,22,44,41,30,24,35,45,33,24,7,40,110,168,171,232,238,187,165,141,61,87,41,54,196,95,61,29
1400000US21111012407,21111012407,"Census Tract 124.07, Jefferson County, Kentucky",4102,2031,33,30,29,11,32,35,46,62,16,35,29,19,44,49,7,46,14,18,12,49,43,31,46,158,146,194,138,158,116,81,33,56,45,49,43,39,28,11,2071,29,26,9,34,34,14,29,26,56,12,43,15,46,26,7,31,13,20,0,27,31,18,75,181,147,161,162,172,121,104,56,65,61,77,55,36,29,23
1400000US21111012408,21111012408,"Census Tract 124.08, Jefferson County, Kentucky",2453,1161,11,8,26,29,6,10,14,7,7,24,15,52,21,11,17,14,36,6,22,32,15,10,51,69,69,109,99,52,75,35,10,48,12,47,49,35,8,0,1292,25,9,20,40,0,11,14,9,31,21,11,12,23,11,18,5,20,17,38,20,26,0,42,68,71,118,163,47,67,55,15,36,16,40,75,80,18,0
1400000US21111012409,21111012409,"Census Tract 124.09, Jefferson County, Kentucky",3456,1646,27,26,26,18,28,15,21,13,41,27,15,26,33,15,32,16,50,18,12,7,21,31,88,114,106,136,142,104,74,64,37,36,43,39,67,61,11,6,1810,26,14,16,24,35,16,32,36,0,28,25,18,13,14,24,25,50,35,28,5,26,29,47,95,119,120,190,131,90,57,25,83,68,33,128,69,22,14
1400000US21111012501,21111012501,"Census Tract 125.01, Jefferson County, Kentucky",2440,1081,13,11,14,10,31,22,8,5,12,8,9,17,3,14,12,10,25,9,10,0,0,27,64,88,67,73,88,49,100,82,6,7,19,17,59,35,52,5,1359,7,19,14,10,0,18,29,7,11,19,7,17,0,13,9,0,0,0,12,21,10,24,49,121,60,80,124,85,91,61,23,34,0,52,63,120,50,99
1400000US21111012502,21111012502,"Census Tract 125.02, Jefferson County, Kentucky",5164,2491,46,5,31,48,30,40,9,37,40,30,72,18,28,14,33,18,5,21,14,54,16,56,82,175,192,221,228,216,154,97,43,76,34,64,108,84,45,7,2673,25,55,25,28,22,22,14,28,42,41,29,45,26,20,47,37,78,37,50,27,29,38,83,158,206,214,230,202,108,87,61,87,54,91,176,99,40,12
1400000US21111012503,21111012503,"Census Tract 125.03, Jefferson County, Kentucky",4230,2054,25,53,28,36,13,29,24,38,26,30,23,51,48,14,22,14,57,0,27,32,6,38,65,143,160,179,188,146,116,107,26,76,34,42,97,29,6,6,2176,8,15,21,31,37,30,30,11,26,5,53,31,75,16,25,21,47,38,46,37,21,5,93,116,124,183,207,170,135,118,55,45,56,30,110,69,13,23
1400000US21111012601,21111012601,"Census Tract 126.01, Jefferson County, Kentucky",6392,2863,5,79,15,15,32,9,8,32,11,24,50,21,58,30,79,36,29,22,51,20,35,71,69,168,166,212,236,234,189,199,70,49,39,88,148,124,101,39,3529,45,15,78,16,16,21,41,23,41,27,54,70,38,28,41,39,36,14,47,27,44,26,81,150,207,197,320,262,220,195,62,99,61,123,220,192,218,135
1400000US21111012603,21111012603,"Census Tract 126.03, Jefferson County, Kentucky",2693,1242,0,0,19,28,29,31,7,24,7,22,43,11,18,6,29,7,14,22,5,9,13,34,53,76,57,71,134,79,98,71,0,39,30,34,44,32,29,17,1451,14,16,18,14,24,16,6,7,8,71,12,6,8,33,28,11,11,11,11,14,7,23,81,89,11,122,153,95,89,61,6,54,10,51,100,103,36,21
1400000US21111012604,21111012604,"Census Tract 126.04, Jefferson County, Kentucky",4953,2442,46,27,18,30,64,29,43,20,39,19,36,25,54,58,47,28,39,57,85,26,7,9,76,153,164,202,193,165,157,161,14,51,26,72,86,55,39,22,2511,25,46,29,19,20,25,30,19,26,54,51,31,43,49,20,0,44,25,7,13,37,61,64,125,211,227,227,164,136,104,20,89,59,89,137,100,59,26
1400000US21111012701,21111012701,"Census Tract 127.01, Jefferson County, Kentucky",4051,1909,21,45,26,47,31,16,13,18,46,13,36,35,57,12,16,24,17,40,17,34,28,18,86,143,163,106,151,90,158,95,46,46,34,37,56,52,24,12,2142,31,45,19,33,17,6,35,20,26,19,21,66,44,13,20,64,12,31,24,29,30,28,86,115,189,142,170,159,135,167,64,61,33,28,81,52,15,12
1400000US21111012702,21111012702,"Census Tract 127.02, Jefferson County, Kentucky",2243,1112,15,23,15,7,11,11,17,10,23,30,29,17,16,12,11,4,0,42,14,15,19,0,33,52,83,106,107,107,44,43,12,32,11,26,49,37,12,17,1131,0,16,0,14,42,14,0,8,0,0,7,25,23,27,37,9,10,21,5,22,7,0,27,72,98,154,57,88,58,49,12,17,12,17,70,55,43,15
1400000US21111012703,21111012703,"Census Tract 127.03, Jefferson County, Kentucky",5418,2626,44,50,48,13,52,77,53,33,9,70,45,22,18,37,19,35,62,52,50,30,42,25,87,222,206,216,241,188,164,144,22,53,48,47,32,47,23,0,2792,41,40,42,30,64,37,34,30,69,49,54,4,42,13,57,33,58,34,41,42,33,11,118,197,183,322,186,203,170,158,32,83,18,54,102,46,53,9
1400000US21111012801,21111012801,"Census Tract 128.01, Jefferson County, Kentucky",3475,1595,11,20,24,24,42,41,28,48,39,20,27,27,15,7,40,34,12,16,13,16,7,35,71,109,93,111,123,74,113,96,51,15,41,56,52,18,19,7,1880,7,30,13,7,23,18,21,50,12,41,34,6,15,0,55,15,45,36,0,28,11,29,95,106,84,174,125,168,143,132,42,78,17,78,39,50,42,11
1400000US21111012802,21111012802,"Census Tract 128.02, Jefferson County, Kentucky",2574,1146,20,19,12,10,44,36,14,25,0,14,8,25,36,22,27,12,6,27,23,0,0,13,62,45,66,83,139,96,47,56,23,14,14,21,36,38,7,6,1428,21,12,6,28,38,29,23,17,12,16,12,27,22,36,16,18,9,20,19,5,20,17,37,137,118,126,85,78,69,23,24,27,0,56,111,50,19,45
1400000US21111013100,21111013100,"Census Tract 131, Jefferson County, Kentucky",2107,1006,8,17,8,20,17,19,13,22,17,16,10,15,14,6,26,28,9,8,11,2,12,5,22,39,64,81,74,114,97,49,16,22,15,12,35,38,11,14,1101,11,22,12,12,13,20,2,10,14,10,9,22,11,12,19,11,11,12,10,4,11,6,14,46,81,96,90,126,94,59,23,16,12,22,48,33,47,30
