2010 Based Geography -- PUMA to POWPUMA/MIGPUMA Relationship,,,
,,,
State of Residence (ST),PUMA,Place of Work State (PWSTATE2) or Migration State (MIGPLAC1),PWPUMA00 or MIGPUMA1
1,100,1,190
1,200,1,290
1,301,1,290
1,302,1,290
1,400,1,400
1,500,1,290
1,600,1,600
1,700,1,700
1,800,1,800
1,900,1,900
1,1000,1,1000
1,1100,1,1100
1,1200,1,1200
1,1301,1,1300
1,1302,1,1300
1,1303,1,1300
1,1304,1,1300
1,1305,1,1300
1,1400,1,190
1,1500,1,1590
1,1600,1,1590
1,1700,1,1700
1,1800,1,1800
1,1900,1,1900
1,2000,1,2090
1,2100,1,2090
1,2200,1,2200
1,2300,1,2300
1,2400,1,2400
1,2500,1,2500
1,2600,1,2600
1,2701,1,2700
1,2702,1,2700
1,2703,1,2700
2,101,2,100
2,102,2,100
2,200,2,200
2,300,2,300
2,400,2,400
4,100,4,100
4,101,4,100
4,102,4,100
4,103,4,100
4,104,4,100
4,105,4,100
4,106,4,100
4,107,4,100
4,108,4,100
4,109,4,100
4,110,4,100
4,111,4,100
4,112,4,100
4,113,4,100
4,114,4,100
4,115,4,100
4,116,4,100
4,117,4,100
4,118,4,100
4,119,4,100
4,120,4,100
4,121,4,100
4,122,4,100
4,123,4,100
4,124,4,100
4,125,4,100
4,126,4,100
4,127,4,100
4,128,4,100
4,129,4,100
4,130,4,100
4,131,4,100
4,132,4,100
4,133,4,100
4,134,4,100
4,201,4,200
4,202,4,200
4,203,4,200
4,204,4,200
4,205,4,200
4,206,4,200
4,207,4,200
4,208,4,200
4,209,4,200
4,300,4,300
4,400,4,400
4,500,4,500
4,600,4,600
4,700,4,700
4,800,4,800
4,803,4,800
4,805,4,800
4,807,4,800
4,900,4,900
5,100,5,100
5,200,5,200
5,300,5,300
5,400,5,400
5,500,5,590
5,600,5,590
5,700,5,700
5,800,5,800
5,900,5,900
5,1000,5,900
5,1100,5,1100
5,1200,5,1200
5,1300,5,1300
5,1400,5,1400
5,1500,5,1500
5,1600,5,1600
5,1700,5,1790
5,1800,5,1790
5,1900,5,1900
5,2000,5,2000
6,101,6,100
6,102,6,100
6,103,6,100
6,104,6,100
6,105,6,100
6,106,6,100
6,107,6,100
6,108,6,100
6,109,6,100
6,110,6,100
6,300,6,300
6,701,6,700
6,702,6,700
6,1100,6,1100
6,1301,6,1300
6,1302,6,1300
6,1303,6,1300
6,1304,6,1300
6,1305,6,1300
6,1306,6,1300
6,1307,6,1300
6,1308,6,1300
6,1309,6,1300
6,1500,6,1500
6,1700,6,1700
6,1901,6,1900
6,1902,6,1900
6,1903,6,1900
6,1904,6,1900
6,1905,6,1900
6,1906,6,1900
6,1907,6,1900
6,2300,6,2300
6,2500,6,2500
6,2901,6,2900
6,2902,6,2900
6,2903,6,2900
6,2904,6,2900
6,2905,6,2900
6,3100,6,3100
6,3300,6,3300
6,3701,6,3700
6,3702,6,3700
6,3703,6,3700
6,3704,6,3700
6,3705,6,3700
6,3706,6,3700
6,3707,6,3700
6,3708,6,3700
6,3709,6,3700
6,3710,6,3700
6,3711,6,3700
6,3712,6,3700
6,3713,6,3700
6,3714,6,3700
6,3715,6,3700
6,3716,6,3700
6,3717,6,3700
6,3718,6,3700
6,3719,6,3700
6,3720,6,3700
6,3721,6,3700
6,3722,6,3700
6,3723,6,3700
6,3724,6,3700
6,3725,6,3700
6,3726,6,3700
6,3727,6,3700
6,3728,6,3700
6,3729,6,3700
6,3730,6,3700
6,3731,6,3700
6,3732,6,3700
6,3733,6,3700
6,3734,6,3700
6,3735,6,3700
6,3736,6,3700
6,3737,6,3700
6,3738,6,3700
6,3739,6,3700
6,3740,6,3700
6,3741,6,3700
6,3742,6,3700
6,3743,6,3700
6,3744,6,3700
6,3745,6,3700
6,3746,6,3700
6,3747,6,3700
6,3748,6,3700
6,3749,6,3700
6,3750,6,3700
6,3751,6,3700
6,3752,6,3700
6,3753,6,3700
6,3754,6,3700
6,3755,6,3700
6,3756,6,3700
6,3757,6,3700
6,3758,6,3700
6,3759,6,3700
6,3760,6,3700
6,3761,6,3700
6,3762,6,3700
6,3763,6,3700
6,3764,6,3700
6,3765,6,3700
6,3766,6,3700
6,3767,6,3700
6,3768,6,3700
6,3769,6,3700
6,3900,6,3900
6,4101,6,4100
6,4102,6,4100
6,4701,6,4700
6,4702,6,4700
6,5301,6,5300
6,5302,6,5300
6,5303,6,5300
6,5500,6,5500
6,5700,6,5700
6,5901,6,5900
6,5902,6,5900
6,5903,6,5900
6,5904,6,5900
6,5905,6,5900
6,5906,6,5900
6,5907,6,5900
6,5908,6,5900
6,5909,6,5900
6,5910,6,5900
6,5911,6,5900
6,5912,6,5900
6,5913,6,5900
6,5914,6,5900
6,5915,6,5900
6,5916,6,5900
6,5917,6,5900
6,5918,6,5900
6,6101,6,6100
6,6102,6,6100
6,6103,6,6100
6,6501,6,6500
6,6502,6,6500
6,6503,6,6500
6,6504,6,6500
6,6505,6,6500
6,6506,6,6500
6,6507,6,6500
6,6508,6,6500
6,6509,6,6500
6,6510,6,6500
6,6511,6,6500
6,6512,6,6500
6,6513,6,6500
6,6514,6,6500
6,6515,6,6500
6,6701,6,6700
6,6702,6,6700
6,6703,6,6700
6,6704,6,6700
6,6705,6,6700
6,6706,6,6700
6,6707,6,6700
6,6708,6,6700
6,6709,6,6700
6,6710,6,6700
6,6711,6,6700
6,6712,6,6700
6,7101,6,7100
6,7102,6,7100
6,7103,6,7100
6,7104,6,7100
6,7105,6,7100
6,7106,6,7100
6,7107,6,7100
6,7108,6,7100
6,7109,6,7100
6,7110,6,7100
6,7111,6,7100
6,7112,6,7100
6,7113,6,7100
6,7114,6,7100
6,7115,6,7100
6,7301,6,7300
6,7302,6,7300
6,7303,6,7300
6,7304,6,7300
6,7305,6,7300
6,7306,6,7300
6,7307,6,7300
6,7308,6,7300
6,7309,6,7300
6,7310,6,7300
6,7311,6,7300
6,7312,6,7300
6,7313,6,7300
6,7314,6,7300
6,7315,6,7300
6,7316,6,7300
6,7317,6,7300
6,7318,6,7300
6,7319,6,7300
6,7320,6,7300
6,7321,6,7300
6,7322,6,7300
6,7501,6,7500
6,7502,6,7500
6,7503,6,7500
6,7504,6,7500
6,7505,6,7500
6,7506,6,7500
6,7507,6,7500
6,7701,6,7700
6,7702,6,7700
6,7703,6,7700
6,7704,6,7700
6,7901,6,7900
6,7902,6,7900
6,8101,6,8100
6,8102,6,8100
6,8103,6,8100
6,8104,6,8100
6,8105,6,8100
6,8106,6,8100
6,8301,6,8300
6,8302,6,8300
6,8303,6,8300
6,8501,6,8500
6,8502,6,8500
6,8503,6,8500
6,8504,6,8500
6,8505,6,8500
6,8506,6,8500
6,8507,6,8500
6,8508,6,8500
6,8509,6,8500
6,8510,6,8500
6,8511,6,8500
6,8512,6,8500
6,8513,6,8500
6,8514,6,8500
6,8701,6,8700
6,8702,6,8700
6,8900,6,8900
6,9501,6,9500
6,9502,6,9500
6,9503,6,9500
6,9701,6,9700
6,9702,6,9700
6,9703,6,9700
6,9901,6,9900
6,9902,6,9900
6,9903,6,9900
6,9904,6,9900
6,10100,6,10100
6,10701,6,10700
6,10702,6,10700
6,10703,6,10700
6,11101,6,11100
6,11102,6,11100
6,11103,6,11100
6,11104,6,11100
6,11105,6,11100
6,11106,6,11100
6,11300,6,11300
8,100,8,190
8,102,8,100
8,103,8,100
8,200,8,200
8,300,8,190
8,400,8,400
8,600,8,690
8,700,8,690
8,800,8,690
8,801,8,190
8,802,8,190
8,803,8,190
8,804,8,190
8,805,8,190
8,806,8,190
8,807,8,190
8,808,8,190
8,809,8,190
8,810,8,190
8,811,8,190
8,812,8,190
8,813,8,190
8,814,8,190
8,815,8,190
8,816,8,190
8,817,8,190
8,818,8,190
8,819,8,190
8,820,8,190
8,821,8,190
8,822,8,190
8,823,8,190
8,824,8,190
8,900,8,900
8,1001,8,1000
8,1002,8,1000
8,4101,8,4100
8,4102,8,4100
8,4103,8,4100
8,4104,8,4100
8,4105,8,4100
8,4106,8,4100
9,100,9,100
9,101,9,100
9,102,9,100
9,103,9,100
9,104,9,100
9,105,9,100
9,300,9,300
9,301,9,300
9,302,9,300
9,303,9,300
9,304,9,300
9,305,9,300
9,306,9,300
9,500,9,500
9,700,9,700
9,900,9,900
9,901,9,900
9,902,9,900
9,903,9,900
9,904,9,900
9,905,9,900
9,906,9,900
9,1100,9,1100
9,1101,9,1100
9,1300,9,1300
9,1500,9,1500
10,101,10,100
10,102,10,100
10,103,10,100
10,104,10,100
10,200,10,200
10,300,10,300
11,101,11,100
11,102,11,100
11,103,11,100
11,104,11,100
11,105,11,100
12,101,12,100
12,102,12,100
12,500,12,500
12,901,12,900
12,902,12,900
12,903,12,900
12,904,12,900
12,1101,12,1100
12,1102,12,1100
12,1103,12,1100
12,1104,12,1100
12,1105,12,1100
12,1106,12,1100
12,1107,12,1100
12,1108,12,1100
12,1109,12,1100
12,1110,12,1100
12,1111,12,1100
12,1112,12,1100
12,1113,12,1100
12,1114,12,1100
12,1500,12,1500
12,1701,12,1701
12,1900,12,1900
12,2101,12,2100
12,2102,12,2100
12,2103,12,2100
12,2300,12,2300
12,2700,12,2790
12,3101,12,3100
12,3102,12,3100
12,3103,12,3100
12,3104,12,3100
12,3105,12,3100
12,3106,12,3100
12,3107,12,3100
12,3301,12,3300
12,3302,12,3300
12,3500,12,3590
12,5301,12,5301
12,5701,12,5700
12,5702,12,5700
12,5703,12,5700
12,5704,12,5700
12,5705,12,5700
12,5706,12,5700
12,5707,12,5700
12,5708,12,5700
12,6100,12,6100
12,6300,12,6300
12,6901,12,6900
12,6902,12,6900
12,6903,12,6900
12,7101,12,7100
12,7102,12,7100
12,7103,12,7100
12,7104,12,7100
12,7105,12,7100
12,7300,12,7300
12,7301,12,7300
12,8101,12,8100
12,8102,12,8100
12,8103,12,8100
12,8301,12,8300
12,8302,12,8300
12,8303,12,8300
12,8500,12,8500
12,8601,12,8690
12,8602,12,8690
12,8603,12,8690
12,8604,12,8690
12,8605,12,8690
12,8606,12,8690
12,8607,12,8690
12,8608,12,8690
12,8609,12,8690
12,8610,12,8690
12,8611,12,8690
12,8612,12,8690
12,8613,12,8690
12,8614,12,8690
12,8615,12,8690
12,8616,12,8690
12,8617,12,8690
12,8618,12,8690
12,8619,12,8690
12,8620,12,8690
12,8621,12,8690
12,8622,12,8690
12,8623,12,8690
12,8624,12,8690
12,8700,12,8690
12,8900,12,8900
12,9100,12,9100
12,9300,12,2790
12,9501,12,9500
12,9502,12,9500
12,9503,12,9500
12,9504,12,9500
12,9505,12,9500
12,9506,12,9500
12,9507,12,9500
12,9508,12,9500
12,9509,12,9500
12,9510,12,9500
12,9701,12,9700
12,9702,12,9700
12,9901,12,9900
12,9902,12,9900
12,9903,12,9900
12,9904,12,9900
12,9905,12,9900
12,9906,12,9900
12,9907,12,9900
12,9908,12,9900
12,9909,12,9900
12,9910,12,9900
12,9911,12,9900
12,10101,12,10100
12,10102,12,10100
12,10103,12,10100
12,10104,12,10100
12,10301,12,10300
12,10302,12,10300
12,10303,12,10300
12,10304,12,10300
12,10305,12,10300
12,10306,12,10300
12,10307,12,10300
12,10308,12,10300
12,10501,12,10500
12,10502,12,10500
12,10503,12,10500
12,10504,12,10500
12,10700,12,10790
12,10900,12,10790
12,11101,12,11100
12,11102,12,11100
12,11300,12,11300
12,11501,12,11500
12,11502,12,11500
12,11503,12,11500
12,11701,12,11700
12,11702,12,11700
12,11703,12,11700
12,11704,12,11700
12,12100,12,12100
12,12701,12,3590
12,12702,12,3590
12,12703,12,3590
12,12704,12,3590
13,100,13,100
13,200,13,200
13,300,13,300
13,401,13,400
13,402,13,400
13,500,13,500
13,600,13,600
13,700,13,700
13,800,13,800
13,900,13,900
13,1001,13,1090
13,1002,13,1090
13,1003,13,1090
13,1004,13,1090
13,1005,13,1090
13,1006,13,1090
13,1007,13,1090
13,1008,13,1090
13,1100,13,1100
13,1200,13,1200
13,1300,13,1300
13,1400,13,1400
13,1500,13,1500
13,1600,13,1600
13,1700,13,1700
13,1800,13,1800
13,1900,13,1900
13,2001,13,1090
13,2002,13,1090
13,2003,13,1090
13,2004,13,1090
13,2100,13,2100
13,2200,13,2200
13,2300,13,2300
13,2400,13,2400
13,2500,13,2500
13,2600,13,2600
13,2700,13,2700
13,2800,13,2800
13,2900,13,2900
13,3001,13,3000
13,3002,13,3000
13,3003,13,3000
13,3004,13,3000
13,3005,13,3000
13,3101,13,3100
13,3102,13,3100
13,3200,13,3200
13,3300,13,3300
13,3400,13,3400
13,3500,13,3500
13,3600,13,3600
13,3700,13,3700
13,3800,13,3800
13,3900,13,3900
13,4000,13,4000
13,4001,13,4007
13,4002,13,4007
13,4003,13,4007
13,4004,13,4007
13,4005,13,4007
13,4006,13,4007
13,4100,13,4100
13,4200,13,4200
13,4300,13,4300
13,4400,13,4400
13,4500,13,4500
13,4600,13,1090
13,5001,13,5000
13,5002,13,5000
13,6001,13,6000
13,6002,13,6000
15,100,15,100
15,200,15,200
15,301,15,300
15,302,15,300
15,303,15,300
15,304,15,300
15,305,15,300
15,306,15,300
15,307,15,300
15,308,15,300
16,100,16,190
16,200,16,190
16,300,16,300
16,400,16,490
16,500,16,490
16,600,16,490
16,701,16,490
16,702,16,490
16,800,16,490
16,900,16,900
16,1000,16,1000
16,1100,16,1190
16,1200,16,1200
16,1300,16,1190
17,104,17,104
17,105,17,105
17,202,17,202
17,300,17,300
17,401,17,401
17,501,17,501
17,600,17,600
17,700,17,700
17,800,17,800
17,900,17,900
17,1001,17,1001
17,1104,17,1100
17,1105,17,1100
17,1204,17,1200
17,1205,17,1200
17,1300,17,1300
17,1500,17,1500
17,1602,17,1602
17,1701,17,1701
17,1900,17,1900
17,2000,17,2000
17,2100,17,2100
17,2200,17,2200
17,2300,17,2300
17,2400,17,2400
17,2501,17,2501
17,2601,17,2601
17,2700,17,2700
17,2801,17,2890
17,2901,17,2890
17,3005,17,3000
17,3007,17,3000
17,3008,17,3000
17,3009,17,3000
17,3102,17,3100
17,3105,17,3100
17,3106,17,3100
17,3107,17,3100
17,3108,17,3100
17,3202,17,3200
17,3203,17,3200
17,3204,17,3200
17,3205,17,3200
17,3207,17,3200
17,3208,17,3200
17,3209,17,3200
17,3306,17,3300
17,3307,17,3300
17,3308,17,3300
17,3309,17,3300
17,3310,17,3300
17,3401,17,3400
17,3407,17,3400
17,3408,17,3400
17,3409,17,3400
17,3410,17,3400
17,3411,17,3400
17,3412,17,3400
17,3413,17,3400
17,3414,17,3400
17,3415,17,3400
17,3416,17,3400
17,3417,17,3400
17,3418,17,3400
17,3419,17,3400
17,3420,17,3400
17,3421,17,3400
17,3422,17,3400
17,3501,17,3400
17,3502,17,3400
17,3503,17,3400
17,3504,17,3400
17,3520,17,3400
17,3521,17,3400
17,3522,17,3400
17,3523,17,3400
17,3524,17,3400
17,3525,17,3400
17,3526,17,3400
17,3527,17,3400
17,3528,17,3400
17,3529,17,3400
17,3530,17,3400
17,3531,17,3400
17,3532,17,3400
17,3601,17,3600
17,3602,17,3600
17,3700,17,3700
18,101,18,100
18,102,18,100
18,103,18,100
18,104,18,100
18,200,18,200
18,300,18,300
18,401,18,400
18,402,18,400
18,500,18,500
18,600,18,600
18,700,18,700
18,800,18,800
18,900,18,900
18,1001,18,1000
18,1002,18,1000
18,1003,18,1000
18,1100,18,1100
18,1200,18,1200
18,1300,18,1300
18,1400,18,1400
18,1500,18,1500
18,1600,18,1600
18,1700,18,1700
18,1801,18,1800
18,1802,18,1800
18,1803,18,1800
18,1900,18,1900
18,2000,18,2000
18,2100,18,2100
18,2200,18,2200
18,2301,18,2300
18,2302,18,2300
18,2303,18,2300
18,2304,18,2300
18,2305,18,2300
18,2306,18,2300
18,2307,18,2300
18,2400,18,2400
18,2500,18,2500
18,2600,18,2600
18,2700,18,2700
18,2800,18,2800
18,2900,18,2900
18,3000,18,3000
18,3100,18,3100
18,3200,18,3200
18,3300,18,3300
18,3400,18,3400
18,3500,18,3500
18,3600,18,3600
19,100,19,100
19,200,19,200
19,400,19,400
19,500,19,500
19,600,19,600
19,700,19,700
19,800,19,800
19,900,19,900
19,1000,19,1000
19,1100,19,1100
19,1200,19,1200
19,1300,19,1300
19,1400,19,1490
19,1500,19,1490
19,1600,19,1490
19,1700,19,1490
19,1800,19,1800
19,1900,19,1900
19,2000,19,2000
19,2100,19,2100
19,2200,19,2200
19,2300,19,2300
20,100,20,100
20,200,20,200
20,300,20,300
20,400,20,400
20,500,20,500
20,601,20,600
20,602,20,600
20,603,20,600
20,604,20,600
20,700,20,700
20,801,20,800
20,802,20,800
20,900,20,990
20,1000,20,1000
20,1100,20,990
20,1200,20,1200
20,1301,20,1300
20,1302,20,1300
20,1303,20,1300
20,1304,20,1300
20,1400,20,1400
20,1500,20,1500
21,100,21,100
21,200,21,200
21,300,21,300
21,400,21,400
21,500,21,500
21,600,21,600
21,700,21,700
21,800,21,800
21,900,21,900
21,1000,21,1000
21,1100,21,1100
21,1200,21,1290
21,1300,21,1290
21,1400,21,1400
21,1500,21,1500
21,1600,21,1690
21,1701,21,1700
21,1702,21,1700
21,1703,21,1700
21,1704,21,1700
21,1705,21,1700
21,1706,21,1700
21,1800,21,1690
21,1901,21,1900
21,1902,21,1900
21,2000,21,2000
21,2100,21,2100
21,2200,21,2200
21,2300,21,2300
21,2400,21,2400
21,2500,21,2500
21,2600,21,2600
21,2700,21,2700
21,2800,21,2800
22,100,22,100
22,101,22,100
22,200,22,200
22,300,22,300
22,400,22,400
22,500,22,500
22,600,22,600
22,700,22,700
22,800,22,890
22,900,22,890
22,1000,22,1000
22,1100,22,1100
22,1200,22,1200
22,1201,22,1200
22,1300,22,1300
22,1400,22,1400
22,1500,22,1500
22,1501,22,1500
22,1502,22,1500
22,1600,22,1600
22,1700,22,1700
22,1800,22,1800
22,1900,22,1900
22,2000,22,2000
22,2100,22,2100
22,2200,22,2200
22,2201,22,2200
22,2300,22,2390
22,2301,22,2390
22,2302,22,2390
22,2400,22,2400
22,2401,22,2400
22,2402,22,2400
22,2500,22,2390
23,100,23,100
23,200,23,200
23,300,23,300
23,400,23,400
23,500,23,500
23,600,23,600
23,700,23,790
23,800,23,790
23,900,23,790
23,1000,23,790
24,100,24,100
24,200,24,200
24,301,24,300
24,302,24,300
24,400,24,400
24,501,24,500
24,502,24,500
24,503,24,500
24,504,24,500
24,505,24,500
24,506,24,500
24,507,24,500
24,601,24,600
24,602,24,600
24,700,24,700
24,801,24,800
24,802,24,800
24,803,24,800
24,804,24,800
24,805,24,800
24,901,24,900
24,902,24,900
24,1001,24,1000
24,1002,24,1000
24,1003,24,1000
24,1004,24,1000
24,1005,24,1000
24,1006,24,1000
24,1007,24,1000
24,1101,24,1100
24,1102,24,1100
24,1103,24,1100
24,1104,24,1100
24,1105,24,1100
24,1106,24,1100
24,1107,24,1100
24,1201,24,1200
24,1202,24,1200
24,1203,24,1200
24,1204,24,1200
24,1300,24,1300
24,1400,24,1400
24,1500,24,1500
24,1600,24,1600
25,100,25,100
25,200,25,290
25,300,25,390
25,301,25,390
25,302,25,390
25,303,25,390
25,304,25,390
25,400,25,390
25,501,25,390
25,502,25,390
25,503,25,390
25,504,25,390
25,505,25,390
25,506,25,390
25,507,25,390
25,508,25,390
25,701,25,390
25,702,25,390
25,703,25,390
25,704,25,390
25,1000,25,390
25,1300,25,390
25,1400,25,390
25,1600,25,290
25,1900,25,290
25,1901,25,290
25,1902,25,290
25,2400,25,390
25,2800,25,390
25,3301,25,3300
25,3302,25,3300
25,3303,25,3300
25,3304,25,3300
25,3305,25,3300
25,3306,25,3300
25,3400,25,390
25,3500,25,390
25,3601,25,390
25,3602,25,390
25,3603,25,390
25,3900,25,390
25,4000,25,390
25,4200,25,390
25,4301,25,390
25,4302,25,390
25,4303,25,390
25,4500,25,390
25,4700,25,4790
25,4800,25,4790
25,4901,25,390
25,4902,25,390
25,4903,25,390
26,100,26,100
26,200,26,200
26,300,26,300
26,400,26,400
26,500,26,500
26,600,26,600
26,700,26,700
26,801,26,800
26,802,26,800
26,900,26,900
26,1001,26,1000
26,1002,26,1000
26,1003,26,1000
26,1004,26,1000
26,1100,26,1100
26,1200,26,1200
26,1300,26,1300
26,1400,26,1400
26,1500,26,1500
26,1600,26,1600
26,1701,26,1700
26,1702,26,1700
26,1703,26,1700
26,1704,26,1700
26,1801,26,1800
26,1802,26,1800
26,1900,26,1900
26,2000,26,2000
26,2101,26,2100
26,2102,26,2100
26,2200,26,2200
26,2300,26,2300
26,2400,26,2400
26,2500,26,2500
26,2600,26,2600
26,2701,26,2700
26,2702,26,2700
26,2703,26,2700
26,2800,26,2800
26,2901,26,2900
26,2902,26,2900
26,2903,26,2900
26,2904,26,2900
26,2905,26,2900
26,2906,26,2900
26,2907,26,2900
26,2908,26,2900
26,3001,26,3000
26,3002,26,3000
26,3003,26,3000
26,3004,26,3000
26,3005,26,3000
26,3006,26,3000
26,3100,26,3100
26,3201,26,3200
26,3202,26,3200
26,3203,26,3200
26,3204,26,3200
26,3205,26,3200
26,3206,26,3200
26,3207,26,3200
26,3208,26,3200
26,3209,26,3200
26,3210,26,3200
26,3211,26,3200
26,3212,26,3200
26,3213,26,3200
26,3300,26,3300
27,100,27,100
27,200,27,200
27,300,27,390
27,400,27,390
27,500,27,390
27,600,27,600
27,700,27,700
27,800,27,800
27,900,27,900
27,1000,27,1000
27,1101,27,1100
27,1102,27,1100
27,1103,27,1100
27,1201,27,1200
27,1202,27,1200
27,1301,27,1300
27,1302,27,1300
27,1303,27,1300
27,1304,27,1300
27,1401,27,1400
27,1402,27,1400
27,1403,27,1400
27,1404,27,1400
27,1405,27,1400
27,1406,27,1400
27,1407,27,1400
27,1408,27,1400
27,1409,27,1400
27,1410,27,1400
27,1501,27,1500
27,1502,27,1500
27,1503,27,1500
27,1600,27,1690
27,1700,27,1690
27,1800,27,1800
27,1900,27,1900
27,2000,27,2000
27,2100,27,2100
27,2200,27,2200
27,2300,27,2300
27,2400,27,2400
27,2500,27,2500
27,2600,27,2600
28,100,28,100
28,200,28,200
28,300,28,300
28,400,28,400
28,500,28,500
28,600,28,600
28,700,28,700
28,800,28,800
28,900,28,990
28,1000,28,990
28,1100,28,990
28,1200,28,990
28,1300,28,1300
28,1400,28,1400
28,1500,28,1500
28,1600,28,1600
28,1700,28,1700
28,1800,28,1800
28,1900,28,1900
28,2000,28,2000
28,2100,28,2100
29,100,29,100
29,200,29,200
29,300,29,300
29,400,29,400
29,500,29,500
29,600,29,600
29,700,29,700
29,800,29,800
29,901,29,900
29,902,29,900
29,903,29,900
29,1001,29,1000
29,1002,29,1000
29,1003,29,1000
29,1004,29,1000
29,1005,29,1000
29,1100,29,1100
29,1200,29,1200
29,1300,29,1300
29,1400,29,1400
29,1500,29,1500
29,1600,29,1600
29,1701,29,1700
29,1702,29,1700
29,1703,29,1700
29,1801,29,1800
29,1802,29,1800
29,1803,29,1800
29,1804,29,1800
29,1805,29,1800
29,1806,29,1800
29,1807,29,1800
29,1808,29,1800
29,1901,29,1900
29,1902,29,1900
29,2001,29,2000
29,2002,29,2000
29,2100,29,2100
29,2200,29,2200
29,2300,29,2300
29,2400,29,2400
29,2500,29,2500
29,2601,29,2600
29,2602,29,2600
29,2603,29,2600
29,2700,29,2700
29,2800,29,2800
30,100,30,100
30,200,30,200
30,300,30,300
30,400,30,400
30,500,30,500
30,600,30,690
30,700,30,690
31,100,31,100
31,200,31,200
31,300,31,300
31,400,31,400
31,500,31,500
31,600,31,600
31,701,31,701
31,702,31,702
31,801,31,800
31,802,31,800
31,901,31,900
31,902,31,900
31,903,31,900
31,904,31,900
32,101,32,100
32,102,32,100
32,103,32,100
32,200,32,200
32,300,32,300
32,401,32,400
32,402,32,400
32,403,32,400
32,404,32,400
32,405,32,400
32,406,32,400
32,407,32,400
32,408,32,400
32,409,32,400
32,410,32,400
32,411,32,400
32,412,32,400
32,413,32,400
33,100,33,100
33,200,33,290
33,300,33,290
33,400,33,290
33,500,33,500
33,600,33,290
33,700,33,290
33,800,33,290
33,900,33,290
33,1000,33,290
34,101,34,190
34,102,34,190
34,301,34,300
34,302,34,300
34,303,34,300
34,304,34,300
34,305,34,300
34,306,34,300
34,307,34,300
34,308,34,300
34,400,34,400
34,501,34,400
34,502,34,400
34,503,34,400
34,601,34,600
34,602,34,600
34,701,34,600
34,702,34,600
34,703,34,600
34,800,34,800
34,901,34,900
34,902,34,900
34,903,34,900
34,904,34,900
34,905,34,900
34,906,34,900
34,907,34,900
34,1001,34,1000
34,1002,34,1000
34,1003,34,1000
34,1101,34,1100
34,1102,34,1100
34,1103,34,1100
34,1104,34,1100
34,1105,34,1100
34,1106,34,1100
34,1201,34,1200
34,1202,34,1200
34,1203,34,1200
34,1204,34,1200
34,1205,34,1200
34,1301,34,1300
34,1302,34,1300
34,1401,34,1300
34,1402,34,1300
34,1403,34,1300
34,1404,34,1300
34,1501,34,1500
34,1502,34,1500
34,1503,34,1500
34,1504,34,1500
34,1600,34,1600
34,1700,34,1700
34,1800,34,1800
34,1901,34,1800
34,1902,34,1800
34,1903,34,1800
34,1904,34,1800
34,2001,34,2000
34,2002,34,2000
34,2003,34,2000
34,2101,34,2100
34,2102,34,2100
34,2103,34,2100
34,2104,34,2100
34,2201,34,2200
34,2202,34,2200
34,2301,34,2300
34,2302,34,2300
34,2303,34,2300
34,2400,34,2490
34,2500,34,2490
34,2600,34,190
35,100,35,190
35,200,35,190
35,300,35,300
35,400,35,400
35,500,35,500
35,600,35,600
35,700,35,790
35,801,35,790
35,802,35,790
35,803,35,790
35,804,35,790
35,805,35,790
35,806,35,790
35,900,35,900
35,1001,35,1000
35,1002,35,1000
35,1100,35,1100
35,1200,35,1200
36,100,36,100
36,200,36,200
36,300,36,300
36,401,36,400
36,402,36,400
36,403,36,400
36,500,36,500
36,600,36,600
36,701,36,700
36,702,36,700
36,703,36,700
36,704,36,700
36,800,36,800
36,901,36,900
36,902,36,900
36,903,36,900
36,904,36,900
36,905,36,900
36,906,36,900
36,1000,36,1000
36,1101,36,1100
36,1102,36,1100
36,1201,36,1200
36,1202,36,1200
36,1203,36,1200
36,1204,36,1200
36,1205,36,1200
36,1206,36,1200
36,1207,36,1200
36,1300,36,1300
36,1400,36,1400
36,1500,36,1500
36,1600,36,1600
36,1700,36,1700
36,1801,36,1800
36,1802,36,1800
36,1900,36,1900
36,2001,36,2000
36,2002,36,2000
36,2100,36,2100
36,2201,36,2200
36,2202,36,2200
36,2203,36,2200
36,2300,36,2300
36,2401,36,2400
36,2402,36,2400
36,2500,36,2500
36,2600,36,2600
36,2701,36,2700
36,2702,36,2700
36,2801,36,2800
36,2802,36,2800
36,2901,36,2900
36,2902,36,2900
36,2903,36,2900
36,3001,36,3000
36,3002,36,3000
36,3003,36,3000
36,3101,36,3100
36,3102,36,3100
36,3103,36,3100
36,3104,36,3100
36,3105,36,3100
36,3106,36,3100
36,3107,36,3100
36,3201,36,3200
36,3202,36,3200
36,3203,36,3200
36,3204,36,3200
36,3205,36,3200
36,3206,36,3200
36,3207,36,3200
36,3208,36,3200
36,3209,36,3200
36,3210,36,3200
36,3211,36,3200
36,3212,36,3200
36,3301,36,3300
36,3302,36,3300
36,3303,36,3300
36,3304,36,3300
36,3305,36,3300
36,3306,36,3300
36,3307,36,3300
36,3308,36,3300
36,3309,36,3300
36,3310,36,3300
36,3311,36,3300
36,3312,36,3300
36,3313,36,3300
36,3701,36,3700
36,3702,36,3700
36,3703,36,3700
36,3704,36,3700
36,3705,36,3700
36,3706,36,3700
36,3707,36,3700
36,3708,36,3700
36,3709,36,3700
36,3710,36,3700
36,3801,36,3800
36,3802,36,3800
36,3803,36,3800
36,3804,36,3800
36,3805,36,3800
36,3806,36,3800
36,3807,36,3800
36,3808,36,3800
36,3809,36,3800
36,3810,36,3800
36,3901,36,3900
36,3902,36,3900
36,3903,36,3900
36,4001,36,4000
36,4002,36,4000
36,4003,36,4000
36,4004,36,4000
36,4005,36,4000
36,4006,36,4000
36,4007,36,4000
36,4008,36,4000
36,4009,36,4000
36,4010,36,4000
36,4011,36,4000
36,4012,36,4000
36,4013,36,4000
36,4014,36,4000
36,4015,36,4000
36,4016,36,4000
36,4017,36,4000
36,4018,36,4000
36,4101,36,4100
36,4102,36,4100
36,4103,36,4100
36,4104,36,4100
36,4105,36,4100
36,4106,36,4100
36,4107,36,4100
36,4108,36,4100
36,4109,36,4100
36,4110,36,4100
36,4111,36,4100
36,4112,36,4100
36,4113,36,4100
36,4114,36,4100
37,100,37,100
37,200,37,200
37,300,37,300
37,400,37,400
37,500,37,590
37,600,37,590
37,700,37,700
37,800,37,800
37,900,37,900
37,1000,37,1000
37,1100,37,1100
37,1201,37,1200
37,1202,37,1200
37,1203,37,1200
37,1204,37,1200
37,1205,37,1200
37,1206,37,1200
37,1207,37,1200
37,1208,37,1200
37,1301,37,1300
37,1302,37,1300
37,1400,37,1400
37,1500,37,1500
37,1600,37,1600
37,1701,37,1700
37,1702,37,1700
37,1703,37,1700
37,1704,37,1700
37,1801,37,1800
37,1802,37,1800
37,1803,37,1800
37,1900,37,1990
37,2000,37,2000
37,2100,37,2100
37,2201,37,2200
37,2202,37,2200
37,2300,37,2390
37,2400,37,2390
37,2500,37,2500
37,2600,37,2690
37,2700,37,2690
37,2800,37,2800
37,2900,37,1990
37,3001,37,3000
37,3002,37,3000
37,3101,37,3100
37,3102,37,3100
37,3103,37,3100
37,3104,37,3100
37,3105,37,3100
37,3106,37,3100
37,3107,37,3100
37,3108,37,3100
37,3200,37,3290
37,3300,37,3290
37,3400,37,3400
37,3500,37,3500
37,3600,37,3600
37,3700,37,3700
37,3800,37,3800
37,3900,37,3900
37,4000,37,4000
37,4100,37,4190
37,4200,37,4200
37,4300,37,4300
37,4400,37,4400
37,4500,37,4190
37,4600,37,4690
37,4700,37,4690
37,4800,37,4800
37,4900,37,4990
37,5001,37,5000
37,5002,37,5000
37,5003,37,5000
37,5100,37,4990
37,5200,37,5200
37,5300,37,5390
37,5400,37,5390
38,100,38,100
38,200,38,200
38,300,38,300
38,400,38,400
38,500,38,500
39,100,39,100
39,200,39,290
39,300,39,290
39,400,39,290
39,500,39,290
39,600,39,290
39,700,39,700
39,801,39,800
39,802,39,800
39,901,39,900
39,902,39,900
39,903,39,900
39,904,39,900
39,905,39,900
39,906,39,900
39,907,39,900
39,908,39,900
39,909,39,900
39,910,39,900
39,1000,39,1090
39,1100,39,1090
39,1200,39,1090
39,1300,39,1300
39,1400,39,1490
39,1500,39,1490
39,1600,39,1490
39,1700,39,1700
39,1801,39,1800
39,1802,39,1800
39,1803,39,1800
39,1804,39,1800
39,1805,39,1800
39,1900,39,1900
39,2000,39,2000
39,2100,39,2100
39,2200,39,2200
39,2300,39,2300
39,2400,39,2400
39,2500,39,2500
39,2600,39,2600
39,2700,39,2700
39,2800,39,2800
39,2900,39,2900
39,3000,39,3000
39,3100,39,3190
39,3200,39,3190
39,3300,39,3190
39,3400,39,3400
39,3500,39,3500
39,3600,39,3600
39,3700,39,3700
39,3800,39,3800
39,3900,39,3900
39,4000,39,4000
39,4101,39,4100
39,4102,39,4100
39,4103,39,4100
39,4104,39,4100
39,4105,39,4100
39,4106,39,4100
39,4107,39,4100
39,4108,39,4100
39,4109,39,4100
39,4110,39,4100
39,4111,39,4100
39,4200,39,4200
39,4300,39,4300
39,4400,39,4400
39,4500,39,4500
39,4601,39,4600
39,4602,39,4600
39,4603,39,4600
39,4604,39,4600
39,4700,39,4700
39,4800,39,4800
39,4900,39,4900
39,5000,39,5000
39,5100,39,5100
39,5200,39,5200
39,5301,39,5300
39,5302,39,5300
39,5401,39,5400
39,5402,39,5400
39,5403,39,5400
39,5501,39,5500
39,5502,39,5500
39,5503,39,5500
39,5504,39,5500
39,5505,39,5500
39,5506,39,5500
39,5507,39,5500
39,5600,39,5690
39,5700,39,5690
40,100,40,190
40,200,40,200
40,300,40,300
40,400,40,400
40,500,40,500
40,601,40,600
40,602,40,600
40,701,40,700
40,702,40,700
40,800,40,800
40,900,40,900
40,1001,40,1000
40,1002,40,1000
40,1003,40,1000
40,1004,40,1000
40,1005,40,1000
40,1006,40,1000
40,1101,40,1100
40,1102,40,1100
40,1201,40,1290
40,1202,40,1290
40,1203,40,1290
40,1204,40,1290
40,1301,40,190
40,1302,40,190
40,1400,40,1400
40,1501,40,1290
40,1601,40,1290
41,100,41,100
41,200,41,200
41,300,41,300
41,400,41,400
41,500,41,500
41,600,41,600
41,703,41,700
41,704,41,700
41,705,41,700
41,800,41,800
41,901,41,900
41,902,41,900
41,1000,41,1000
41,1103,41,1100
41,1104,41,1100
41,1105,41,1100
41,1200,41,1200
41,1301,41,1325
41,1302,41,1325
41,1303,41,1325
41,1305,41,1325
41,1314,41,1325
41,1316,41,1325
41,1317,41,1326
41,1318,41,1326
41,1319,41,1326
41,1320,41,1327
41,1321,41,1327
41,1322,41,1327
41,1323,41,1327
41,1324,41,1327
42,101,42,100
42,102,42,100
42,200,42,200
42,300,42,300
42,400,42,400
42,500,42,500
42,600,42,600
42,701,42,700
42,702,42,700
42,801,42,800
42,802,42,800
42,803,42,800
42,900,42,900
42,1000,42,1000
42,1100,42,1100
42,1200,42,1200
42,1300,42,1300
42,1400,42,1400
42,1501,42,1500
42,1502,42,1500
42,1600,42,1600
42,1701,42,1700
42,1702,42,1700
42,1801,42,1700
42,1802,42,1700
42,1803,42,1700
42,1804,42,1700
42,1805,42,1700
42,1806,42,1700
42,1807,42,1700
42,1900,42,1900
42,2001,42,2000
42,2002,42,2000
42,2003,42,2000
42,2100,42,2100
42,2200,42,2200
42,2301,42,2300
42,2302,42,2300
42,2401,42,2400
42,2402,42,2400
42,2500,42,2500
42,2600,42,2600
42,2701,42,2700
42,2702,42,2700
42,2703,42,2700
42,2801,42,2890
42,2802,42,2890
42,2803,42,2890
42,2901,42,2890
42,2902,42,2890
42,3001,42,3000
42,3002,42,3000
42,3003,42,3000
42,3004,42,3000
42,3101,42,3100
42,3102,42,3100
42,3103,42,3100
42,3104,42,3100
42,3105,42,3100
42,3106,42,3100
42,3201,42,3200
42,3202,42,3200
42,3203,42,3200
42,3204,42,3200
42,3205,42,3200
42,3206,42,3200
42,3207,42,3200
42,3208,42,3200
42,3209,42,3200
42,3210,42,3200
42,3211,42,3200
42,3301,42,3300
42,3302,42,3300
42,3303,42,3300
42,3304,42,3300
42,3401,42,3400
42,3402,42,3400
42,3403,42,3400
42,3404,42,3400
42,3501,42,3500
42,3502,42,3500
42,3503,42,3500
42,3504,42,3500
42,3601,42,3600
42,3602,42,3600
42,3603,42,3600
42,3701,42,3700
42,3702,42,3700
42,3800,42,3800
42,3900,42,3900
42,4001,42,4000
42,4002,42,4000
44,101,44,100
44,102,44,100
44,103,44,100
44,104,44,100
44,201,44,201
44,300,44,300
44,400,44,400
45,101,45,101
45,102,45,100
45,103,45,100
45,104,45,100
45,105,45,100
45,200,45,200
45,301,45,300
45,302,45,300
45,400,45,400
45,501,45,500
45,502,45,500
45,601,45,606
45,602,45,606
45,603,45,600
45,604,45,600
45,605,45,600
45,700,45,700
45,800,45,800
45,900,45,900
45,1000,45,1000
45,1101,45,1100
45,1102,45,1100
45,1201,45,1200
45,1202,45,1200
45,1203,45,1200
45,1204,45,1200
45,1300,45,1300
45,1400,45,1400
45,1500,45,1500
45,1600,45,1600
46,100,46,100
46,200,46,200
46,300,46,300
46,400,46,400
46,500,46,590
46,600,46,590
47,100,47,100
47,200,47,200
47,300,47,300
47,400,47,400
47,500,47,500
47,600,47,600
47,700,47,700
47,800,47,800
47,900,47,900
47,1000,47,1090
47,1100,47,1090
47,1200,47,1200
47,1300,47,1300
47,1400,47,1400
47,1500,47,1500
47,1601,47,1600
47,1602,47,1600
47,1603,47,1600
47,1604,47,1600
47,1700,47,1700
47,1800,47,1800
47,1900,47,1900
47,2001,47,2000
47,2002,47,2000
47,2003,47,2000
47,2100,47,2100
47,2200,47,2200
47,2300,47,2300
47,2401,47,2400
47,2402,47,2400
47,2501,47,2500
47,2502,47,2500
47,2503,47,2500
47,2504,47,2500
47,2505,47,2500
47,2600,47,2600
47,2700,47,2700
47,2800,47,2800
47,2900,47,2900
47,3000,47,3000
47,3100,47,3100
47,3201,47,3200
47,3202,47,3200
47,3203,47,3200
47,3204,47,3200
47,3205,47,3200
47,3206,47,3200
47,3207,47,3200
47,3208,47,3200
48,100,48,100
48,200,48,200
48,300,48,300
48,400,48,400
48,501,48,500
48,502,48,500
48,600,48,600
48,700,48,700
48,800,48,800
48,900,48,900
48,1000,48,1000
48,1100,48,1100
48,1200,48,1200
48,1300,48,1300
48,1400,48,1400
48,1501,48,1500
48,1502,48,1500
48,1600,48,1600
48,1700,48,1700
48,1800,48,1800
48,1901,48,1900
48,1902,48,1900
48,1903,48,1900
48,1904,48,1900
48,1905,48,1900
48,1906,48,1900
48,1907,48,1900
48,2001,48,2000
48,2002,48,2000
48,2003,48,2000
48,2004,48,2000
48,2005,48,2000
48,2006,48,2000
48,2101,48,2101
48,2102,48,2102
48,2200,48,2200
48,2301,48,2300
48,2302,48,2300
48,2303,48,2300
48,2304,48,2300
48,2305,48,2300
48,2306,48,2300
48,2307,48,2300
48,2308,48,2300
48,2309,48,2300
48,2310,48,2300
48,2311,48,2300
48,2312,48,2300
48,2313,48,2300
48,2314,48,2300
48,2315,48,2300
48,2316,48,2300
48,2317,48,2300
48,2318,48,2300
48,2319,48,2300
48,2320,48,2300
48,2321,48,2300
48,2322,48,2300
48,2400,48,2400
48,2501,48,2500
48,2502,48,2500
48,2503,48,2500
48,2504,48,2500
48,2505,48,2500
48,2506,48,2500
48,2507,48,2500
48,2508,48,2500
48,2509,48,2500
48,2510,48,2500
48,2511,48,2500
48,2512,48,2500
48,2513,48,2500
48,2514,48,2500
48,2515,48,2500
48,2516,48,2500
48,2600,48,2600
48,2700,48,2700
48,2800,48,2800
48,2900,48,2900
48,3000,48,3000
48,3100,48,3100
48,3200,48,3200
48,3301,48,3300
48,3302,48,3300
48,3303,48,3300
48,3304,48,3300
48,3305,48,3300
48,3306,48,3300
48,3400,48,3400
48,3501,48,3500
48,3502,48,3500
48,3601,48,3601
48,3602,48,3602
48,3700,48,3700
48,3801,48,3800
48,3802,48,3800
48,3900,48,3900
48,4000,48,4000
48,4100,48,4100
48,4200,48,4200
48,4301,48,4300
48,4302,48,4300
48,4400,48,4400
48,4501,48,4500
48,4502,48,4500
48,4503,48,4500
48,4504,48,4500
48,4601,48,4600
48,4602,48,4600
48,4603,48,4600
48,4604,48,4600
48,4605,48,4600
48,4606,48,4600
48,4607,48,4600
48,4608,48,4600
48,4609,48,4600
48,4610,48,4600
48,4611,48,4600
48,4612,48,4600
48,4613,48,4600
48,4614,48,4600
48,4615,48,4600
48,4616,48,4600
48,4617,48,4600
48,4618,48,4600
48,4619,48,4600
48,4620,48,4600
48,4621,48,4600
48,4622,48,4600
48,4623,48,4600
48,4624,48,4600
48,4625,48,4600
48,4626,48,4600
48,4627,48,4600
48,4628,48,4600
48,4629,48,4600
48,4630,48,4600
48,4631,48,4600
48,4632,48,4600
48,4633,48,4600
48,4634,48,4600
48,4635,48,4600
48,4636,48,4600
48,4637,48,4600
48,4638,48,4600
48,4701,48,4700
48,4702,48,4700
48,4801,48,4800
48,4802,48,4800
48,4803,48,4800
48,4901,48,4900
48,4902,48,4900
48,4903,48,4900
48,4904,48,4900
48,4905,48,4900
48,5000,48,5000
48,5100,48,5100
48,5201,48,5200
48,5202,48,5200
48,5203,48,5200
48,5204,48,5200
48,5301,48,5300
48,5302,48,5300
48,5303,48,5300
48,5304,48,5300
48,5305,48,5300
48,5306,48,5300
48,5307,48,5300
48,5308,48,5300
48,5309,48,5300
48,5400,48,5400
48,5500,48,5500
48,5600,48,5600
48,5700,48,5700
48,5800,48,5800
48,5901,48,5900
48,5902,48,5900
48,5903,48,5900
48,5904,48,5900
48,5905,48,5900
48,5906,48,5900
48,5907,48,5900
48,5908,48,5900
48,5909,48,5900
48,5910,48,5900
48,5911,48,5900
48,5912,48,5900
48,5913,48,5900
48,5914,48,5900
48,5915,48,5900
48,5916,48,5900
48,6000,48,6000
48,6100,48,6100
48,6200,48,6200
48,6301,48,6300
48,6302,48,6300
48,6400,48,6400
48,6500,48,6500
48,6601,48,6600
48,6602,48,6600
48,6603,48,6600
48,6701,48,6700
48,6702,48,6700
48,6703,48,6700
48,6801,48,6800
48,6802,48,6800
48,6803,48,6800
48,6804,48,6800
48,6805,48,6800
48,6806,48,6800
48,6807,48,6800
48,6900,48,6900
49,3001,49,3001
49,5001,49,5001
49,11001,49,11000
49,11002,49,11000
49,13001,49,13001
49,21001,49,21001
49,35001,49,35000
49,35002,49,35000
49,35003,49,35000
49,35004,49,35000
49,35005,49,35000
49,35006,49,35000
49,35007,49,35000
49,35008,49,35000
49,35009,49,35000
49,49001,49,49000
49,49002,49,49000
49,49003,49,49000
49,49004,49,49000
49,53001,49,53001
49,57001,49,57000
49,57002,49,57000
50,100,50,100
50,200,50,200
50,300,50,300
50,400,50,400
51,1301,51,1300
51,1302,51,1300
51,4101,51,4100
51,4102,51,4100
51,4103,51,4100
51,10701,51,10700
51,10702,51,10700
51,10703,51,10700
51,51010,51,51010
51,51020,51,51020
51,51040,51,51040
51,51044,51,51000
51,51045,51,51000
51,51080,51,51080
51,51084,51,51084
51,51085,51,51085
51,51087,51,51087
51,51089,51,51001
51,51090,51,51001
51,51095,51,51095
51,51096,51,51096
51,51097,51,51097
51,51105,51,51105
51,51110,51,51110
51,51115,51,51115
51,51120,51,51120
51,51125,51,51125
51,51135,51,51135
51,51145,51,51145
51,51154,51,51187
51,51155,51,51187
51,51164,51,51100
51,51165,51,51100
51,51167,51,51100
51,51175,51,51175
51,51186,51,51186
51,51206,51,51206
51,51215,51,51215
51,51224,51,51200
51,51225,51,51200
51,51235,51,51235
51,51244,51,51256
51,51245,51,51256
51,51246,51,51256
51,51255,51,51255
51,55001,51,55000
51,55002,51,55000
51,59301,51,59300
51,59302,51,59300
51,59303,51,59300
51,59304,51,59300
51,59305,51,59300
51,59306,51,59300
51,59307,51,59300
51,59308,51,59300
51,59309,51,59300
53,10100,53,10100
53,10200,53,10200
53,10300,53,10300
53,10400,53,10400
53,10501,53,10500
53,10502,53,10500
53,10503,53,10500
53,10504,53,10500
53,10600,53,10600
53,10701,53,10700
53,10702,53,10700
53,10703,53,10700
53,10800,53,10800
53,10901,53,10900
53,10902,53,10900
53,11000,53,11000
53,11101,53,11100
53,11102,53,11100
53,11103,53,11100
53,11104,53,11100
53,11200,53,11200
53,11300,53,11300
53,11401,53,11400
53,11402,53,11400
53,11501,53,11500
53,11502,53,11500
53,11503,53,11500
53,11504,53,11500
53,11505,53,11500
53,11506,53,11500
53,11507,53,11500
53,11601,53,11600
53,11602,53,11600
53,11603,53,11600
53,11604,53,11600
53,11605,53,11600
53,11606,53,11600
53,11607,53,11600
53,11608,53,11600
53,11609,53,11600
53,11610,53,11600
53,11611,53,11600
53,11612,53,11600
53,11613,53,11600
53,11614,53,11600
53,11615,53,11600
53,11616,53,11600
53,11701,53,11700
53,11702,53,11700
53,11703,53,11700
53,11704,53,11700
53,11705,53,11700
53,11706,53,11700
53,11801,53,11800
53,11802,53,11800
53,11900,53,11900
54,100,54,100
54,200,54,200
54,300,54,300
54,400,54,400
54,500,54,500
54,600,54,600
54,700,54,700
54,800,54,800
54,900,54,900
54,1000,54,1000
54,1100,54,1100
54,1200,54,1200
54,1300,54,1300
55,100,55,100
55,101,55,104
55,102,55,104
55,103,55,104
55,200,55,200
55,300,55,200
55,600,55,600
55,700,55,700
55,800,55,800
55,900,55,900
55,1000,55,1000
55,1001,55,1001
55,1300,55,1300
55,1301,55,1301
55,1400,55,1400
55,1401,55,1401
55,1500,55,1500
55,1501,55,1501
55,1600,55,1600
55,1601,55,1601
55,2400,55,2400
55,2500,55,2500
55,10000,55,10000
55,20000,55,20000
55,30000,55,30000
55,40101,55,40100
55,40301,55,40100
55,40701,55,40100
55,41001,55,40100
55,41002,55,40100
55,41003,55,40100
55,41004,55,40100
55,41005,55,40100
55,50000,55,50000
55,55101,55,55100
55,55102,55,55102
55,55103,55,55100
55,70101,55,70100
55,70201,55,70100
55,70301,55,70100
56,100,56,100
56,200,56,200
56,300,56,300
56,400,56,400
56,500,56,500
72,101,72,101
72,102,72,102
72,201,72,201
72,202,72,202
72,301,72,301
72,302,72,302
72,401,72,401
72,402,72,402
72,403,72,403
72,501,72,501
72,502,72,502
72,503,72,503
72,601,72,601
72,602,72,602
72,701,72,701
72,801,72,807
72,802,72,807
72,803,72,803
72,804,72,808
72,805,72,808
72,806,72,808
72,901,72,900
72,902,72,900
72,1001,72,1001
72,1002,72,1002
72,1101,72,1101
72,1102,72,1102
,,,
* The 2012 place of work and migration public use microdata areas,,,
(POWPUMA and MIGPUMA) that are county-based and PUMA-based,,,
and use the same codes.   POWPUMA and MIGPUMA in previous ACS,,,
datasets did not use the same codes.,,,
