GEO.id,GEO.id2,GEO.display-label,HD01_VD01,HD02_VD01,HD01_VD02,HD02_VD02,HD01_VD03,HD02_VD03,HD01_VD04,HD02_VD04,HD01_VD05,HD02_VD05,HD01_VD06,HD02_VD06,HD01_VD07,HD02_VD07,HD01_VD08,HD02_VD08,HD01_VD09,HD02_VD09,HD01_VD10,HD02_VD10,HD01_VD11,HD02_VD11,HD01_VD12,HD02_VD12,HD01_VD13,HD02_VD13,HD01_VD14,HD02_VD14,HD01_VD15,HD02_VD15,HD01_VD16,HD02_VD16,HD01_VD17,HD02_VD17,HD01_VD18,HD02_VD18,HD01_VD19,HD02_VD19
Id,Id2,Geography,Estimate; Total:,Margin of Error; Total:,Estimate; Male:,Margin of Error; Male:,Estimate; Male: - Less than 9th grade,Margin of Error; Male: - Less than 9th grade,"Estimate; Male: - 9th to 12th grade, no diploma","Margin of Error; Male: - 9th to 12th grade, no diploma",Estimate; Male: - Regular high school diploma,Margin of Error; Male: - Regular high school diploma,Estimate; Male: - GED or alternative credential,Margin of Error; Male: - GED or alternative credential,"Estimate; Male: - Some college, no degree","Margin of Error; Male: - Some college, no degree",Estimate; Male: - Associate's degree,Margin of Error; Male: - Associate's degree,Estimate; Male: - Bachelor's degree,Margin of Error; Male: - Bachelor's degree,Estimate; Male: - Graduate or professional degree,Margin of Error; Male: - Graduate or professional degree,Estimate; Female:,Margin of Error; Female:,Estimate; Female: - Less than 9th grade,Margin of Error; Female: - Less than 9th grade,"Estimate; Female: - 9th to 12th grade, no diploma","Margin of Error; Female: - 9th to 12th grade, no diploma",Estimate; Female: - Regular high school diploma,Margin of Error; Female: - Regular high school diploma,Estimate; Female: - GED or alternative credential,Margin of Error; Female: - GED or alternative credential,"Estimate; Female: - Some college, no degree","Margin of Error; Female: - Some college, no degree",Estimate; Female: - Associate's degree,Margin of Error; Female: - Associate's degree,Estimate; Female: - Bachelor's degree,Margin of Error; Female: - Bachelor's degree,Estimate; Female: - Graduate or professional degree,Margin of Error; Female: - Graduate or professional degree
0500000US01003,01003,"Baldwin County, Alabama",12509,1148,6369,847,432,486,2016,1439,1941,1158,321,196,991,630,309,412,218,275,141,176,6140,758,241,268,521,380,1684,963,207,257,916,726,404,461,1424,989,743,492
0500000US01015,01015,"Calhoun County, Alabama",14862,832,6751,585,106,93,776,399,2495,822,253,211,2175,842,406,338,207,214,333,227,8111,570,271,187,511,456,2579,647,446,379,2352,809,216,255,647,379,1089,544
0500000US01051,01051,"Elmore County, Alabama",10953,1034,5786,456,270,203,1738,694,1590,547,288,178,957,484,421,350,415,237,107,142,5167,1034,82,145,780,450,1403,956,33,65,1315,605,865,751,445,353,244,211
0500000US01055,01055,"Etowah County, Alabama",10358,626,4402,342,96,147,455,389,1620,577,320,314,1125,611,139,185,506,438,141,172,5956,421,269,255,1424,679,1084,485,51,90,1099,632,405,346,971,812,653,518
0500000US01069,01069,"Houston County, Alabama",17517,148,7635,92,488,171,1293,300,2575,441,497,222,1485,295,657,261,412,190,228,126,9882,110,426,155,1383,286,2585,434,196,108,2564,403,1000,293,1018,296,710,215
0500000US01073,01073,"Jefferson County, Alabama",184514,1020,79684,642,2377,763,9655,1877,26409,2714,4019,1167,19343,2237,6810,1511,8804,1521,2267,767,104830,579,2456,877,9710,1490,25319,2291,2536,755,28828,2547,13580,2309,15207,1828,7194,1345
0500000US01081,01081,"Lee County, Alabama",21973,1177,9139,498,441,346,1058,551,3311,884,496,472,1957,758,979,669,545,416,352,285,12834,1127,235,232,1561,789,3389,1054,319,262,3728,1352,1688,789,1063,813,851,506
0500000US01083,01083,"Limestone County, Alabama",8926,677,4913,510,776,481,618,414,663,456,201,136,1061,640,338,235,1209,1136,47,86,4013,508,257,202,388,282,961,660,50,88,396,394,565,490,924,621,472,336
0500000US01089,01089,"Madison County, Alabama",55185,907,25030,465,347,223,2235,858,5211,1118,1339,492,7281,1513,1085,560,3726,1098,3806,1328,30155,667,808,311,3321,1609,3955,1191,1427,734,8501,1517,2295,799,5250,1076,4598,1154
0500000US01097,01097,"Mobile County, Alabama",91877,750,39916,349,2451,748,4475,1064,16101,1959,2070,649,8458,1405,2692,837,2418,884,1251,473,51961,646,1431,646,4221,1204,13820,1600,2221,686,12476,1660,6012,1170,7429,1566,4351,859
0500000US01101,01101,"Montgomery County, Alabama",83125,627,36397,236,3032,1136,4862,1130,8979,1589,3560,1160,7413,1472,2614,930,3554,1109,2383,822,46728,572,1735,634,5943,1654,10636,1716,2519,948,10231,1894,3475,966,7790,1370,4399,1082
0500000US01103,01103,"Morgan County, Alabama",9388,761,4555,515,183,186,433,339,2058,500,221,257,939,488,350,306,295,268,76,97,4833,523,283,312,890,573,1062,696,53,93,1120,618,773,557,570,450,82,110
0500000US01117,01117,"Shelby County, Alabama",16686,896,7149,575,85,109,932,619,1559,592,570,570,1311,761,538,385,1720,748,434,319,9537,688,67,126,302,261,2011,755,103,171,2361,856,1287,780,2167,765,1239,512
0500000US01121,01121,"Talladega County, Alabama",17845,1168,8288,822,227,297,1131,510,2910,965,177,117,1941,823,1336,775,261,267,305,309,9557,658,507,365,1253,635,2267,883,639,514,2368,1070,1369,787,667,447,487,365
0500000US01125,01125,"Tuscaloosa County, Alabama",39214,441,17075,384,992,612,1872,755,6049,1311,987,604,2911,875,906,562,2905,920,453,323,22139,169,1069,787,1839,801,5553,1244,700,355,6130,1620,1552,587,2715,788,2581,904
0500000US02020,02020,"Anchorage Municipality, Alaska",9829,848,5483,735,287,265,314,304,1700,748,431,456,1077,495,883,759,651,443,140,171,4346,464,372,294,91,116,1148,820,142,232,1071,611,560,433,698,549,264,218
0500000US04013,04013,"Maricopa County, Arizona",144741,2802,72277,1571,2229,1014,3683,1024,18026,2663,2681,874,22595,2364,5977,1398,10902,2013,6184,1344,72464,2047,2173,829,3770,990,16128,1976,2114,845,21083,2572,8852,2086,11147,1977,7197,1427
0500000US04019,04019,"Pima County, Arizona",22597,910,12760,544,203,209,878,521,2168,765,741,459,3987,979,852,553,2479,839,1452,612,9837,590,285,231,720,521,1192,605,307,300,3203,887,1161,649,1260,641,1709,616
0500000US04021,04021,"Pinal County, Arizona",13372,955,7638,592,103,113,1317,480,1952,863,636,363,1982,679,785,591,681,487,182,221,5734,644,306,459,660,565,1694,814,285,257,1814,874,0,208,805,755,170,258
0500000US05045,05045,"Faulkner County, Arkansas",8295,453,4030,352,78,111,236,230,1289,626,439,411,199,224,281,321,998,600,510,463,4265,360,0,201,141,140,1041,521,129,225,753,415,1056,643,388,291,757,578
0500000US05069,05069,"Jefferson County, Arkansas",24216,873,11292,397,359,301,1863,562,3827,840,1044,463,2256,581,494,418,1069,388,380,301,12924,528,373,263,1253,454,3867,777,421,305,3624,807,279,198,1652,452,1455,678
0500000US05119,05119,"Pulaski County, Arkansas",87756,1725,37837,1096,421,291,4136,1237,13068,1940,1444,669,9045,1866,1953,805,4128,1258,3642,1730,49919,841,976,373,4739,1531,11581,1966,1475,703,14545,1892,4477,1150,6915,1456,5211,1213
0500000US05125,05125,"Saline County, Arkansas",5052,476,2396,419,0,201,90,141,896,615,0,201,451,355,472,359,259,252,228,305,2656,510,91,143,248,203,302,289,164,200,749,370,386,315,376,264,340,307
0500000US06001,06001,"Alameda County, California",125465,2231,57629,1254,1377,628,4644,1197,13736,1958,1852,689,15253,1972,5103,1341,9629,1962,6035,1186,67836,1395,2068,691,4818,1107,13497,1809,1378,688,19932,2291,5939,1296,10093,1403,10111,1518
0500000US06013,06013,"Contra Costa County, California",64109,2774,27934,1988,991,511,2417,730,5554,1379,2119,995,8395,1680,2610,1053,4248,1361,1600,607,36175,1524,953,684,3052,1164,6816,1502,662,440,10023,1657,3539,1316,4768,1033,6362,1767
0500000US06019,06019,"Fresno County, California",28607,811,14265,509,611,453,1514,550,2992,1012,705,323,3725,884,1768,821,2254,789,696,519,14342,596,490,264,1580,680,2432,708,983,535,4481,1014,2559,978,1477,860,340,255
0500000US06029,06029,"Kern County, California",28589,1163,15761,876,1002,501,2682,828,4159,810,947,515,4219,921,976,447,1192,591,584,401,12828,571,421,297,1301,535,3301,1054,641,556,3701,1123,1352,776,1137,575,974,529
0500000US06037,06037,"Los Angeles County, California",584575,3475,267644,2339,7692,1428,21697,2406,60252,4740,7928,1748,79395,4185,25605,3149,45977,4113,19098,2362,316931,2692,9111,1715,22526,2119,62106,4321,4427,1091,95496,4842,31632,2945,59327,4773,32306,2567
0500000US06047,06047,"Merced County, California",6186,587,3279,467,22,52,245,219,817,376,354,161,695,506,322,233,652,401,172,286,2907,301,87,86,370,287,594,303,7,16,1160,502,168,197,239,245,282,271
0500000US06053,06053,"Monterey County, California",8330,901,5383,692,102,79,620,227,1723,793,182,146,1329,431,336,262,933,419,158,162,2947,362,0,210,173,169,870,507,0,210,698,449,541,388,268,221,397,340
0500000US06059,06059,"Orange County, California",39235,1475,20617,1037,482,310,786,489,4934,997,493,352,4599,1217,2378,663,5005,1173,1940,732,18618,847,523,347,1056,593,3341,1001,234,233,3921,1001,2588,712,3390,826,3565,1062
0500000US06065,06065,"Riverside County, California",102539,2089,49900,1569,487,336,3704,1022,11933,1901,1607,878,14256,2276,6588,1408,7527,1654,3798,998,52639,1069,788,389,2706,910,10583,1876,911,493,18011,2567,4961,1166,8644,2041,6035,1414
0500000US06067,06067,"Sacramento County, California",97476,2113,46778,1149,821,449,3887,1128,11527,2033,1464,518,15597,1979,4366,1076,6785,1535,2331,916,50698,1632,1008,634,3818,971,10213,1695,1324,650,15987,1908,6526,1651,7704,1308,4118,877
0500000US06071,06071,"San Bernardino County, California",111123,2898,52193,1654,1289,617,5181,1170,14189,2127,1727,589,15385,2081,4486,1270,6089,1410,3847,1074,58930,1912,948,499,4199,1024,13310,1947,1351,637,18070,2444,7339,1863,8698,1678,5015,1155
0500000US06073,06073,"San Diego County, California",109119,2845,58948,2012,1871,856,2314,895,12946,2243,2192,856,18506,2394,6126,1317,10053,1638,4940,1603,50171,1660,2245,829,2895,1037,9211,1686,1120,517,15983,1967,5772,1436,8231,1609,4714,1274
0500000US06075,06075,"San Francisco County, California",34695,963,17922,735,432,419,1912,796,4348,1307,423,308,4278,1087,601,432,4117,1133,1811,696,16773,652,124,122,1503,882,3206,1002,368,352,5329,1123,1744,817,3088,991,1411,497
0500000US06077,06077,"San Joaquin County, California",33768,1390,16116,960,295,261,1400,630,3341,808,1437,1003,5210,1185,2089,710,1028,473,1316,698,17652,766,587,501,982,471,4806,1007,162,183,5705,1027,1333,503,2220,976,1857,714
0500000US06081,06081,"San Mateo County, California",14156,1156,6923,866,357,375,326,271,2105,817,45,90,1882,606,579,347,829,517,800,474,7233,674,236,233,449,267,1374,743,9,19,1833,799,537,314,1531,646,1264,696
0500000US06085,06085,"Santa Clara County, California",33613,1279,17736,846,131,157,987,482,2890,857,254,247,5549,1404,1130,583,4410,1080,2385,698,15877,883,458,343,1187,554,3095,782,393,330,4211,1157,1230,558,3573,812,1730,698
0500000US06095,06095,"Solano County, California",43117,1131,20944,812,637,439,2157,648,3704,981,821,384,8728,1397,1520,631,2804,1029,573,351,22173,864,268,264,1084,675,4846,1092,347,336,7805,1477,1453,721,3064,953,3306,951
0500000US06099,06099,"Stanislaus County, California",11034,1110,5169,875,113,143,78,75,2536,931,357,316,1276,553,223,283,464,324,122,150,5865,616,67,123,512,427,1429,700,33,58,2166,907,830,578,473,323,355,317
0500000US06111,06111,"Ventura County, California",11054,960,5808,675,82,137,271,283,146,145,49,86,2416,755,577,318,1249,613,1018,525,5246,627,0,210,196,239,989,526,0,210,893,486,938,483,1675,710,555,350
0500000US08001,08001,"Adams County, Colorado",10207,671,5507,443,130,212,563,320,2140,685,77,135,727,390,445,343,936,608,489,357,4700,415,234,241,595,339,1463,577,0,200,1056,437,593,361,473,401,286,347
0500000US08005,08005,"Arapahoe County, Colorado",43127,1321,21460,925,658,643,1639,737,6308,1470,67,113,4190,1073,1886,862,4446,1097,2266,874,21667,953,271,238,1470,658,4148,1116,718,544,5072,1104,2989,1001,5161,1419,1838,740
0500000US08031,08031,"Denver County, Colorado",43415,1365,21659,872,810,644,1412,893,4310,1220,2090,968,5716,1380,2196,823,3453,1117,1672,694,21756,977,951,603,816,518,5205,1267,1123,990,5648,1173,2590,1024,3074,1049,2349,839
0500000US08041,08041,"El Paso County, Colorado",27013,1632,14340,1154,333,397,622,414,3764,1275,125,172,4978,1249,868,443,2020,891,1630,833,12673,937,137,209,625,399,3053,939,564,489,2700,773,1487,700,2557,869,1550,641
0500000US09001,09001,"Fairfield County, Connecticut",67831,2135,30044,1161,1795,696,2632,902,9386,1632,1142,541,5753,914,3713,1103,3981,1163,1642,607,37787,1291,2371,735,3263,1089,9455,1670,1694,761,9539,1785,2722,950,5035,1222,3708,1178
0500000US09003,09003,"Hartford County, Connecticut",80811,2001,37673,1150,2748,1222,4114,1032,13744,1981,2015,716,5698,1246,3341,978,3950,1028,2063,652,43138,1570,1903,882,2722,909,13888,1826,978,552,9043,1553,4874,1120,5671,1304,4059,970
0500000US09009,09009,"New Haven County, Connecticut",74634,1900,33216,1250,1278,717,3782,1235,13717,1801,1452,876,6174,1594,1367,683,3157,1122,2289,899,41418,1291,542,411,2889,911,14733,2314,1386,835,9601,1741,3039,976,4927,1147,4301,1238
0500000US09011,09011,"New London County, Connecticut",9268,1201,4458,736,246,312,334,226,1349,720,282,248,1408,669,411,347,269,274,159,165,4810,789,291,407,121,132,1282,497,249,252,2060,659,0,207,399,357,408,314
0500000US10001,10001,"Kent County, Delaware",27463,1036,12310,854,507,395,479,383,3288,954,739,681,4147,1199,582,404,1977,677,591,372,15153,479,565,522,1470,595,2481,1124,705,563,3740,1187,2220,939,2548,958,1424,675
0500000US10003,10003,"New Castle County, Delaware",91597,1452,40713,1118,708,360,3164,752,17997,2183,1521,665,7131,1520,2031,803,5199,1373,2962,941,50884,775,608,351,2051,615,19272,2025,1042,521,10070,1539,3865,1138,7136,1545,6840,1471
0500000US10005,10005,"Sussex County, Delaware",18279,1214,8317,909,597,450,1088,662,3037,951,488,424,1794,740,413,227,691,375,209,193,9962,665,448,284,984,496,2964,897,195,171,2919,928,1199,503,824,615,429,291
0500000US11001,11001,"District of Columbia, District of Columbia",217915,1591,94751,813,4314,1079,9538,1681,26872,2749,5642,1578,18920,2484,4310,1500,14811,2311,10344,1790,123164,1153,4141,1025,11355,1880,35544,3113,4454,1068,27756,2758,6902,1493,17664,2765,15348,1817
0500000US12001,12001,"Alachua County, Florida",31188,761,14167,449,728,612,1340,734,5022,1499,456,313,2471,1063,1127,1016,1484,853,1539,935,17021,669,379,309,2045,857,4200,1110,513,673,4089,1016,1673,1037,2741,991,1381,646
0500000US12005,12005,"Bay County, Florida",12300,677,6163,457,350,268,307,301,2202,796,598,648,1439,697,101,129,1077,570,89,120,6137,455,274,311,694,360,1376,662,283,270,1609,616,779,436,591,476,531,473
0500000US12009,12009,"Brevard County, Florida",37324,1442,15126,1186,1509,840,1244,850,3589,1293,295,317,3102,1181,2354,1018,2149,1134,884,715,22198,718,800,560,3043,932,3794,1299,648,735,3864,1196,4777,1616,3121,1026,2151,1083
0500000US12011,12011,"Broward County, Florida",355241,4751,160402,2361,8264,1892,14558,2510,52245,4529,7171,1786,33920,3801,14234,2627,21056,2906,8954,1838,194839,3137,11445,1938,16599,2292,54197,4773,6131,1554,35779,4158,25056,2962,26337,3040,19295,3042
0500000US12019,12019,"Clay County, Florida",13980,977,6384,612,0,226,243,271,1954,832,306,287,1977,885,667,610,828,478,409,412,7596,834,123,161,542,532,1806,856,217,227,2064,1059,1403,674,403,333,1038,597
0500000US12021,12021,"Collier County, Florida",15794,1060,7008,623,1127,815,697,613,3261,1198,152,202,461,340,270,369,904,597,136,191,8786,631,1461,759,658,454,2321,701,362,360,1277,803,434,339,1517,846,756,677
0500000US12023,12023,"Columbia County, Florida",7498,988,3331,1046,371,297,374,221,1332,579,235,193,561,382,165,162,219,241,74,104,4167,1147,38,70,0,226,1181,780,0,226,1839,765,289,295,615,548,205,251
0500000US12031,12031,"Duval County, Florida",173119,1816,76005,1022,3007,1441,7241,1691,25307,3180,5215,1337,17795,2661,6089,1552,7843,1914,3508,1196,97114,1418,2408,955,8239,1717,26855,2533,2761,935,25554,2780,11247,1823,13399,2113,6651,1477
0500000US12033,12033,"Escambia County, Florida",42895,893,19439,484,939,424,2847,978,6059,1146,462,268,4184,1056,2606,922,1626,675,716,383,23456,708,415,280,2390,883,7263,1330,553,380,6383,1402,2831,972,2400,897,1221,598
0500000US12035,12035,"Flagler County, Florida",7865,1043,3556,619,149,256,0,226,1298,770,544,496,1105,512,111,171,215,202,134,120,4309,515,244,298,313,473,1259,723,0,226,717,597,242,234,785,523,749,692
0500000US12053,12053,"Hernando County, Florida",6521,655,2919,486,133,117,247,200,1407,520,9,22,542,438,160,197,367,243,54,112,3602,453,141,188,127,190,578,301,176,207,1331,461,152,130,681,416,416,371
0500000US12057,12057,"Hillsborough County, Florida",146706,2403,64801,1412,1619,557,5894,1308,22593,2369,3269,920,12875,1672,5519,1355,9008,1824,4024,1078,81905,1700,2310,923,7092,1499,21648,2381,3110,969,19369,2769,8202,1422,12522,2071,7652,1736
0500000US12069,12069,"Lake County, Florida",22849,1687,11063,1133,591,374,2417,1425,2951,1063,943,573,2127,928,1039,654,651,517,344,379,11786,932,586,392,925,593,2287,1007,1257,843,2394,969,1726,898,1644,864,967,849
0500000US12071,12071,"Lee County, Florida",37143,1431,17141,1199,722,450,1789,837,5836,1254,1009,420,3860,1389,1981,1029,1187,637,757,361,20002,776,992,549,2319,911,5650,1349,436,347,4633,1160,3297,1179,1481,661,1194,577
0500000US12073,12073,"Leon County, Florida",47994,773,20823,457,424,263,1665,695,4720,955,1068,573,6657,1020,821,514,2958,887,2510,750,27171,591,478,366,1274,703,5562,1293,734,421,5641,1191,3081,968,6193,1397,4208,1108
0500000US12081,12081,"Manatee County, Florida",20693,879,8884,697,132,182,805,508,3200,1046,620,355,1561,704,758,498,930,581,878,373,11809,656,472,339,1687,955,4101,1151,597,514,2825,1036,604,525,938,568,585,377
0500000US12083,12083,"Marion County, Florida",29127,1178,12678,452,1490,927,3241,1346,3393,1309,826,455,1950,863,151,200,1406,1170,221,263,16449,1041,1074,594,1636,929,5644,1354,774,414,3677,1195,1612,926,738,448,1294,888
0500000US12086,12086,"Miami-Dade County, Florida",312050,4913,145382,2653,12734,2275,16986,2592,48878,3825,7053,1702,25574,3087,12993,2811,14211,2074,6953,1559,166668,3050,16539,2529,18802,3156,47439,4733,5149,1477,28395,2920,19075,3011,18489,2789,12780,2107
0500000US12091,12091,"Okaloosa County, Florida",12387,852,6815,467,83,106,1020,563,864,438,504,367,1826,734,912,456,1261,658,345,500,5572,598,6,16,229,252,1929,676,547,397,903,603,266,274,1187,560,505,339
0500000US12095,12095,"Orange County, Florida",177513,4241,82856,2722,4210,1302,8636,2029,21282,3190,5531,1583,14226,2735,12120,2843,12990,3203,3861,1129,94657,2382,4745,1207,7924,2036,20768,3126,5335,1877,17115,2788,17014,2204,14627,2588,7129,1624
0500000US12097,12097,"Osceola County, Florida",26038,2745,13566,1871,317,383,1239,940,2724,1646,1044,638,4194,1668,1539,851,1479,852,1030,899,12472,1860,316,534,1111,725,1402,871,219,205,4786,2351,1388,799,1986,1035,1264,658
0500000US12099,12099,"Palm Beach County, Florida",175906,1898,81490,1044,8372,1732,10617,1723,24587,2915,3086,917,14977,2509,7563,1615,8155,1824,4133,1166,94416,1320,8485,2045,10478,1593,23429,3241,2663,955,20206,2523,10941,1845,12419,2017,5795,1653
0500000US12101,12101,"Pasco County, Florida",19635,1422,9496,712,149,92,1601,813,2912,876,399,251,1655,544,784,424,1277,438,719,424,10139,968,148,129,1187,711,2723,934,154,187,2298,689,1106,596,1599,598,924,523
0500000US12103,12103,"Pinellas County, Florida",65677,2033,29397,1122,811,443,3289,1057,8722,1313,2797,951,8013,1491,2344,971,2510,853,911,457,36280,1317,1119,497,3584,1117,11249,2453,1051,582,8444,1538,4145,955,4602,1438,2086,790
0500000US12105,12105,"Polk County, Florida",65402,1994,29636,1157,1152,500,4063,1297,10383,1555,1056,533,7007,1621,1528,845,3391,1302,1056,617,35766,1280,2114,863,2620,1144,12896,2553,1337,854,7599,1522,3049,962,3286,1113,2865,1224
0500000US12111,12111,"St. Lucie County, Florida",37977,1615,16997,1177,636,547,2681,1127,6379,1652,487,404,3477,1373,1080,687,743,707,1514,915,20980,661,1381,711,3368,1316,4641,1734,376,349,5490,1524,2258,930,1789,1007,1677,1025
0500000US12113,12113,"Santa Rosa County, Florida",6294,525,4681,502,373,346,879,415,1611,515,323,172,446,236,148,178,105,208,796,497,1613,410,0,226,208,251,757,399,0,226,209,203,153,219,286,269,0,226
0500000US12115,12115,"Sarasota County, Florida",12272,971,5776,565,250,294,908,589,2158,693,290,296,904,483,222,211,804,590,240,253,6496,633,240,243,1386,669,2247,1088,478,354,1025,575,267,257,411,373,442,375
0500000US12117,12117,"Seminole County, Florida",37566,1700,17775,1059,293,223,700,388,3534,908,1119,676,3902,1143,3643,1222,3634,1291,950,630,19791,986,28,47,1167,685,2854,1031,933,478,4113,1126,4381,1280,4650,1504,1665,726
0500000US12119,12119,"Sumter County, Florida",7688,948,5297,897,577,409,648,287,998,608,1279,602,1176,675,319,475,250,269,50,99,2391,570,76,130,391,353,295,261,144,178,1214,655,223,251,48,95,0,226
0500000US12127,12127,"Volusia County, Florida",35884,968,16514,464,802,505,1546,817,4949,1015,643,441,3509,1050,2093,856,2291,771,681,418,19370,789,961,620,1778,629,3803,692,674,445,6151,1113,2604,868,1961,799,1438,564
0500000US13013,13013,"Barrow County, Georgia",5911,422,2385,483,172,198,520,392,681,412,282,232,166,160,473,340,0,224,91,162,3526,391,507,339,400,315,1052,470,254,176,1033,384,56,92,37,63,187,206
0500000US13021,13021,"Bibb County, Georgia",50480,391,21625,362,1001,502,2883,927,7155,1358,888,498,5458,1446,709,517,2097,895,1434,672,28855,243,1404,639,3551,824,8942,1618,1309,625,7431,1365,2384,807,2498,985,1336,525
0500000US13031,13031,"Bulloch County, Georgia",10883,667,4912,546,528,384,371,378,2296,729,234,222,888,508,252,250,270,268,73,113,5971,376,393,312,508,419,953,544,445,373,2277,758,579,322,528,468,288,256
0500000US13045,13045,"Carroll County, Georgia",13764,1218,6349,953,0,224,1219,834,1585,1091,744,758,2403,1279,221,396,0,224,177,301,7415,810,120,219,1506,770,1240,868,175,291,1995,806,1055,738,1107,1031,217,315
0500000US13051,13051,"Chatham County, Georgia",70737,1663,31175,1027,685,493,5948,1201,9825,1303,1269,583,8323,1697,1903,912,2498,1095,724,517,39562,766,1007,496,4279,1026,10993,1688,1069,550,11549,1865,3949,1274,3806,1501,2910,946
0500000US13057,13057,"Cherokee County, Georgia",9367,1319,5192,1007,44,85,91,161,1218,825,0,224,2417,1153,111,115,518,434,793,495,4175,853,86,109,131,174,131,132,0,224,1364,527,202,195,898,616,1363,815
0500000US13059,13059,"Clarke County, Georgia",20032,1085,8793,874,371,300,1034,565,2133,748,655,407,1823,887,446,426,606,430,1725,802,11239,589,461,240,1656,818,4182,1027,620,424,2065,790,876,723,803,543,576,313
0500000US13063,13063,"Clayton County, Georgia",124621,1525,54106,1035,882,505,6319,1628,18855,1851,3365,1081,13311,2031,4233,990,4616,1199,2525,1113,70515,881,925,469,4430,931,20724,3065,3133,1040,16575,2552,7652,1433,10981,2589,6095,1465
0500000US13067,13067,"Cobb County, Georgia",133177,1499,57638,822,346,315,2308,891,11296,2154,2413,694,14686,1869,5449,1560,13451,2244,7689,1787,75539,983,772,485,2007,1029,13758,2688,1563,677,18158,2811,7733,2145,17601,2467,13947,2169
0500000US13073,13073,"Columbia County, Georgia",15030,1671,7613,977,182,205,478,419,2114,1476,32,49,1747,1314,116,193,2013,1068,931,658,7417,1274,148,229,86,141,1515,562,77,143,1533,1020,1020,576,1475,860,1563,1218
0500000US13077,13077,"Coweta County, Georgia",15295,653,7210,358,430,441,1430,942,2350,808,445,564,1258,764,399,480,307,348,591,382,8085,510,892,423,431,434,2003,897,302,288,1421,649,503,322,1594,662,939,464
0500000US13089,13089,"DeKalb County, Georgia",268019,2154,117597,1221,3169,1111,10285,2062,34627,3873,4954,1631,25861,2873,7558,1576,21122,2921,10021,2008,150422,1538,4519,1239,10897,2521,34864,3419,3407,1001,36007,3670,13315,2461,27995,2742,19418,2482
0500000US13095,13095,"Dougherty County, Georgia",37655,473,16394,91,426,243,2420,804,4591,1065,2380,947,2972,748,415,360,1741,867,1449,580,21261,441,969,428,1787,652,5780,1146,1093,641,5871,1356,1540,636,1938,625,2283,755
0500000US13097,13097,"Douglas County, Georgia",41984,1358,18019,818,202,208,1273,789,4673,1597,1856,1003,4276,1150,850,540,2779,848,2110,993,23965,710,155,194,1863,1075,4889,1373,0,224,6726,1608,2746,1176,3797,1117,3789,1204
0500000US13113,13113,"Fayette County, Georgia",17851,1225,8058,733,15,31,692,548,1561,708,46,81,1510,707,1112,589,1645,579,1477,668,9793,924,0,224,777,744,722,444,0,224,1429,841,835,429,3655,1123,2375,851
0500000US13115,13115,"Floyd County, Georgia",8209,627,3287,410,138,140,501,353,1241,551,338,228,478,310,333,303,161,191,97,132,4922,371,148,183,733,469,1235,571,545,483,1029,492,522,347,437,371,273,237
0500000US13121,13121,"Fulton County, Georgia",296281,1922,128134,1514,2823,985,13003,2158,35475,3734,6927,1541,27123,3453,8525,2026,24030,3523,10228,1802,168147,1065,4596,1346,13823,2093,38103,4664,4869,1107,38335,4055,17786,3266,27919,3045,22716,2705
0500000US13127,13127,"Glynn County, Georgia",13461,755,5682,530,413,352,1392,680,1722,804,108,142,903,717,285,436,734,709,125,215,7779,479,597,750,831,534,1616,614,210,258,2766,790,1164,960,382,338,213,239
0500000US13135,13135,"Gwinnett County, Georgia",155450,4333,69178,2692,2976,2200,1685,836,18190,2703,1274,573,15473,2596,7111,1797,15493,2514,6976,1944,86272,2080,1062,705,3464,1386,15761,3111,1112,597,20430,2981,13625,2195,18294,2570,12524,2242
0500000US13139,13139,"Hall County, Georgia",9136,586,4510,341,62,107,764,370,1799,700,258,201,1079,467,0,224,365,334,183,166,4626,424,35,62,839,479,1605,849,18,30,1197,535,55,69,517,350,360,258
0500000US13151,13151,"Henry County, Georgia",61039,1064,26652,583,80,137,1852,887,7810,1683,1327,949,7200,1398,1709,838,4279,1301,2395,960,34387,860,793,540,658,544,7090,1647,774,456,6968,1603,3427,1193,9638,1888,5039,1234
0500000US13153,13153,"Houston County, Georgia",29489,1067,13080,396,308,267,757,463,3098,1256,774,758,4183,1227,1505,694,1522,682,933,588,16409,946,446,380,816,434,3086,986,1239,897,2582,1028,1475,979,5030,1377,1735,985
0500000US13185,13185,"Lowndes County, Georgia",23072,328,10681,184,576,395,1600,724,4483,1019,428,283,699,329,542,372,1106,630,1247,816,12391,320,1151,529,1457,624,3784,841,593,331,2132,728,248,203,2132,504,894,525
0500000US13215,13215,"Muscogee County, Georgia",57285,982,25707,724,845,393,2739,1023,8707,1610,1236,559,7849,1425,1329,587,2155,877,847,596,31578,638,1684,688,2964,1013,8326,1702,2174,972,7214,1305,3161,1026,3976,1147,2079,788
0500000US13217,13217,"Newton County, Georgia",27311,2384,11283,1131,275,241,1452,764,4734,1128,434,487,2613,1118,579,470,217,246,979,699,16028,1590,540,426,1256,735,3541,1340,128,161,4017,1208,1932,940,1785,777,2829,1088
0500000US13223,13223,"Paulding County, Georgia",18473,1065,7865,696,73,109,733,616,1868,860,169,210,2158,894,925,739,1909,786,30,53,10608,835,0,224,639,421,2006,940,135,190,3048,1192,1431,822,2004,823,1345,846
0500000US13245,13245,"Richmond County, Georgia",71105,1225,31394,877,1721,802,7062,1530,8640,1307,1158,601,6109,1390,2982,880,2425,875,1297,633,39711,758,1534,719,4300,1303,10312,1773,1552,794,9875,1722,4169,1121,5391,1568,2578,943
0500000US13247,13247,"Rockdale County, Georgia",29252,1357,12570,810,0,224,286,283,2880,848,811,524,3660,1004,1009,668,2435,966,1489,883,16682,780,420,405,721,441,3747,1171,321,277,3930,1133,2228,993,2814,1117,2501,1037
0500000US13255,13255,"Spalding County, Georgia",13671,735,6091,673,288,261,1356,691,1397,631,1094,691,1198,656,435,566,323,397,0,224,7580,308,137,165,1287,563,3562,999,73,103,865,495,322,289,906,620,428,519
0500000US13285,13285,"Troup County, Georgia",15295,867,6798,445,475,404,1497,646,2648,877,267,291,1391,531,218,275,120,204,182,173,8497,679,384,305,1917,688,2620,1052,469,430,1587,813,468,394,935,582,117,135
0500000US15003,15003,"Honolulu County, Hawaii",13860,1323,8415,1010,35,18,93,112,2048,844,103,148,2788,954,738,462,2071,782,539,349,5445,693,0,187,226,207,288,252,97,124,1301,456,1081,622,1437,604,1015,565
0500000US17019,17019,"Champaign County, Illinois",13668,649,5803,545,266,321,324,275,1633,594,237,234,1659,619,442,397,468,504,774,509,7865,302,165,172,407,337,2318,952,137,172,2362,833,444,274,1083,662,949,461
0500000US17031,17031,"Cook County, Illinois",810969,3009,350194,1807,11423,1640,35245,3305,97060,4208,14934,2021,102783,5559,23514,2831,41006,3777,24229,2831,460775,2149,12896,1642,42449,3278,101426,5561,14126,1973,134137,4670,41514,3640,67885,4990,46342,3453
0500000US17043,17043,"DuPage County, Illinois",28011,700,12038,570,133,199,421,326,2667,826,487,341,1960,726,1338,735,3504,1090,1528,632,15973,361,482,444,586,339,2697,800,117,141,4476,1034,1513,581,3022,971,3080,900
0500000US17089,17089,"Kane County, Illinois",16058,1097,7422,784,6,13,685,382,3187,1010,448,384,1967,643,198,238,549,334,382,264,8636,645,55,71,1450,553,1486,696,147,194,3180,1051,1052,607,578,399,688,461
0500000US17091,17091,"Kankakee County, Illinois",9898,587,4386,303,219,154,1012,444,1171,432,293,273,859,502,0,190,567,340,265,202,5512,476,366,328,482,286,1627,653,116,114,1303,504,595,318,450,336,573,244
0500000US17097,17097,"Lake County, Illinois",29751,1266,13961,605,341,410,606,329,4550,928,606,335,3705,886,1712,711,1337,537,1104,499,15790,896,0,190,2568,947,3587,1195,945,522,4460,1073,1091,699,1860,612,1279,647
0500000US17113,17113,"McLean County, Illinois",7554,686,4011,500,99,151,145,159,753,587,393,342,1145,439,162,207,961,538,353,252,3543,567,0,190,81,138,676,597,338,313,1022,524,37,66,750,339,639,488
0500000US17115,17115,"Macon County, Illinois",8104,950,3381,646,95,93,347,259,1097,473,282,186,929,414,179,150,236,230,216,220,4723,563,128,163,398,205,1391,560,224,149,1634,430,630,417,196,149,122,124
0500000US17119,17119,"Madison County, Illinois",13555,872,5760,588,133,142,612,377,2122,674,612,323,885,421,484,339,806,592,106,123,7795,707,20,38,518,343,2097,726,903,684,2858,959,415,510,368,264,616,567
0500000US17143,17143,"Peoria County, Illinois",18369,431,7808,365,873,484,1217,493,1641,478,590,382,2224,730,362,262,610,334,291,224,10561,205,478,309,2010,723,3262,872,274,229,2652,814,809,423,732,369,344,259
0500000US17161,17161,"Rock Island County, Illinois",8282,722,4245,621,349,470,477,318,750,412,165,82,1221,521,193,154,534,339,556,503,4037,338,419,428,931,408,483,280,537,371,548,248,757,367,282,238,80,100
0500000US17163,17163,"St. Clair County, Illinois",48709,900,20571,760,610,331,2132,737,5654,1463,1292,670,6350,1304,1574,886,1492,716,1467,787,28138,487,782,502,3310,835,6573,1161,1236,596,7343,1371,2763,998,2610,800,3521,1179
0500000US17167,17167,"Sangamon County, Illinois",14610,602,6735,582,422,411,1009,446,1930,558,63,87,1966,725,465,286,194,163,686,567,7875,288,352,334,739,474,2526,706,308,247,2017,647,814,565,855,555,264,290
0500000US17183,17183,"Vermilion County, Illinois",5623,640,2699,543,153,169,927,284,329,241,466,274,612,389,138,145,36,67,38,63,2924,321,81,131,339,287,1114,439,206,245,640,385,439,298,105,142,0,190
0500000US17197,17197,"Will County, Illinois",50994,860,24356,492,428,252,2064,673,5379,1300,1376,578,7185,1641,1824,683,4056,878,2044,682,26638,649,828,436,2288,815,5545,1280,792,443,7402,1209,1900,706,4684,1034,3199,826
0500000US17201,17201,"Winnebago County, Illinois",21397,536,9537,412,633,355,1402,697,2360,656,1260,563,2444,623,376,227,872,538,190,185,11860,371,390,479,1043,391,3454,888,1146,617,3076,758,1686,474,902,492,163,162
0500000US18003,18003,"Allen County, Indiana",24610,1050,11422,570,588,436,1693,862,3270,882,786,508,2792,849,518,295,1385,724,390,253,13188,877,476,321,1487,643,3317,859,602,498,3113,912,2101,748,1680,652,412,280
0500000US18089,18089,"Lake County, Indiana",72194,671,30900,424,721,423,2936,881,12238,1435,1371,562,6791,1233,2864,871,2950,893,1029,620,41294,548,1076,469,3851,897,10811,1432,1976,615,10953,1585,4501,976,5278,1118,2848,919
0500000US18091,18091,"LaPorte County, Indiana",8264,545,4736,453,197,157,850,473,735,416,847,307,996,484,561,316,352,269,198,185,3528,340,233,192,312,301,980,482,98,107,1222,469,328,313,263,220,92,144
0500000US18095,18095,"Madison County, Indiana",7453,648,4553,472,55,67,815,388,561,398,802,568,1270,695,107,83,700,483,243,301,2900,399,0,197,292,311,1151,411,332,280,564,364,384,298,124,139,53,77
0500000US18097,18097,"Marion County, Indiana",162144,1718,70303,746,2428,1139,9968,1981,20240,1952,4707,1327,16387,2033,4341,1228,8612,2009,3620,1051,91841,1380,3306,1202,11799,1929,21965,2609,5823,1654,17490,2173,9975,1986,14692,2055,6791,1435
0500000US18141,18141,"St. Joseph County, Indiana",20164,963,8846,729,12,23,1633,781,2943,905,579,370,1847,697,464,359,307,229,1061,662,11318,441,39,67,1690,767,3375,1006,491,304,2516,841,1797,884,350,259,1060,622
0500000US18163,18163,"Vanderburgh County, Indiana",10424,879,5108,714,23,44,713,378,1211,451,151,159,1831,719,518,488,530,466,131,175,5316,456,46,80,1198,528,1206,531,50,89,1245,536,801,496,624,542,146,185
0500000US18167,18167,"Vigo County, Indiana",2984,721,2041,590,185,193,233,134,448,376,263,244,498,427,150,170,264,197,0,197,943,334,0,197,93,83,204,171,40,65,379,243,54,69,12,23,161,123
0500000US19013,19013,"Black Hawk County, Iowa",7129,682,3308,564,189,172,559,416,431,325,467,312,862,526,207,201,429,275,164,164,3821,411,0,163,631,398,1162,510,154,150,793,428,211,198,599,392,271,223
0500000US19113,19113,"Linn County, Iowa",6746,1106,3970,592,242,308,470,367,1389,670,90,147,709,384,432,411,638,584,0,163,2776,760,291,377,145,186,875,734,121,112,582,405,37,54,725,619,0,163
0500000US19153,19153,"Polk County, Iowa",16438,1223,8236,878,707,399,676,431,1143,545,341,232,3281,963,779,467,914,596,395,270,8202,680,245,228,524,304,2290,644,577,507,2687,865,370,296,1011,542,498,290
0500000US19163,19163,"Scott County, Iowa",6910,723,3355,502,188,206,446,277,675,387,240,195,697,327,471,474,224,245,414,356,3555,484,91,120,377,270,871,372,555,381,572,285,416,230,240,175,433,325
0500000US20091,20091,"Johnson County, Kansas",17567,769,8481,476,132,211,643,545,1778,757,122,183,2166,689,579,529,1617,688,1444,729,9086,533,0,177,683,509,1392,629,200,222,2570,606,972,523,2051,790,1218,609
0500000US20103,20103,"Leavenworth County, Kansas",5927,848,4624,459,295,242,1099,818,1272,580,339,184,800,425,190,176,264,315,365,273,1303,691,0,177,28,50,370,316,182,200,332,466,279,298,0,177,112,117
0500000US20173,20173,"Sedgwick County, Kansas",26646,1559,12865,948,506,363,1402,592,3321,920,393,241,4357,969,1174,647,1168,644,544,366,13781,932,445,377,1140,496,3622,953,663,322,3501,963,1843,751,1627,664,940,458
0500000US20177,20177,"Shawnee County, Kansas",9279,461,4426,362,119,196,386,334,1459,565,376,278,1088,497,355,287,501,350,142,187,4853,281,49,81,579,375,1244,486,375,256,1273,567,538,327,378,275,417,285
0500000US20209,20209,"Wyandotte County, Kansas",23781,451,10811,148,265,259,1533,576,3086,634,401,215,3348,882,1007,402,940,427,231,162,12970,420,660,442,1007,521,3782,816,624,599,3523,852,1128,553,1355,499,891,418
0500000US21047,21047,"Christian County, Kentucky",8874,898,4271,672,107,173,425,318,1257,398,228,237,1441,752,421,287,320,255,72,122,4603,423,523,415,350,247,599,407,182,161,1381,606,398,245,510,376,660,395
0500000US21067,21067,"Fayette County, Kentucky",28162,1040,13414,599,151,138,1410,630,2878,783,813,325,4571,865,1331,642,1697,579,563,321,14748,597,516,293,1244,616,2556,641,1094,613,4754,928,1202,579,2279,677,1103,423
0500000US21093,21093,"Hardin County, Kentucky",7962,992,3837,603,100,137,114,182,1121,682,25,46,614,432,1141,536,434,345,288,224,4125,639,0,195,0,195,1572,653,101,167,1033,462,663,376,355,384,401,297
0500000US21111,21111,"Jefferson County, Kentucky",103864,1166,46151,906,972,562,4713,1172,15735,1757,2672,902,12676,1713,1669,722,5166,1365,2548,881,57713,868,1660,689,4864,1246,12685,1679,2336,712,17380,1941,5695,1360,7810,1504,5283,1302
0500000US22005,22005,"Ascension Parish, Louisiana",16782,999,7473,824,723,419,1525,629,2396,1144,69,131,1784,1013,308,493,472,404,196,258,9309,488,78,117,856,631,1063,633,750,466,3158,1131,1484,874,957,622,963,705
0500000US22015,22015,"Bossier Parish, Louisiana",17236,893,7694,617,664,538,614,476,3023,832,153,186,1505,767,1007,595,342,332,386,337,9542,602,108,108,1095,633,2133,672,213,226,2797,851,1195,694,1283,608,718,592
0500000US22017,22017,"Caddo Parish, Louisiana",74445,1076,32467,584,2120,948,5828,1565,12948,1566,1302,568,5451,1375,1395,727,1820,1011,1603,751,41978,682,1711,695,5621,1098,13562,1927,1602,994,9323,1413,2855,1070,4833,1593,2471,1014
0500000US22019,22019,"Calcasieu Parish, Louisiana",31102,950,14601,484,567,394,1923,695,5189,1380,870,548,4346,1025,357,243,1096,655,253,199,16501,808,696,395,1796,819,3913,1079,491,359,4882,1150,1365,675,2457,927,901,777
0500000US22033,22033,"East Baton Rouge Parish, Louisiana",120614,805,53222,400,1135,522,8408,2033,17213,2290,3065,991,14031,2177,1706,637,4923,1332,2741,1373,67392,692,1130,558,8043,2095,17677,2494,1951,967,18575,2709,3715,1191,9552,2400,6749,1828
0500000US22045,22045,"Iberia Parish, Louisiana",13915,936,5906,582,631,384,791,458,2916,869,369,378,877,470,255,346,0,214,67,81,8009,542,375,362,1308,755,2963,943,290,282,2364,1035,336,309,307,319,66,104
0500000US22051,22051,"Jefferson Parish, Louisiana",75082,916,33108,625,1820,711,4721,1185,11349,1635,1504,715,8667,1678,1745,763,1930,734,1372,772,41974,672,1490,453,5136,1264,11330,1883,823,395,11238,1827,2614,812,5826,1108,3517,1006
0500000US22055,22055,"Lafayette Parish, Louisiana",37899,684,17370,431,638,415,3994,1378,6374,1318,994,746,2304,1146,246,224,1788,897,1032,719,20529,508,962,411,3680,1348,6876,1432,692,569,3548,1178,758,522,2936,1324,1077,646
0500000US22071,22071,"Orleans Parish, Louisiana",156245,1161,67706,802,3740,887,11022,1596,22151,2267,2949,933,15050,1748,2606,679,6678,1292,3510,971,88539,745,3922,969,11441,1768,23078,2209,2994,970,25236,2189,5552,1238,8818,1321,7498,1331
0500000US22073,22073,"Ouachita Parish, Louisiana",34229,203,15170,90,976,449,1616,670,6038,1240,802,454,3359,835,630,455,1119,549,630,400,19059,178,1027,585,3102,1041,5972,984,841,363,3420,897,1666,784,1894,770,1137,502
0500000US22079,22079,"Rapides Parish, Louisiana",25385,214,11357,195,977,498,2850,847,4017,998,909,539,1209,465,229,255,1041,569,125,161,14028,98,536,264,1693,599,5545,1034,949,496,2901,711,537,309,1290,547,577,381
0500000US22097,22097,"St. Landry Parish, Louisiana",20742,528,9302,390,1775,612,1061,631,3349,1068,624,506,1289,623,498,450,401,338,305,310,11440,291,1142,541,1240,483,4677,1069,379,295,1706,723,551,407,1224,575,521,457
0500000US22103,22103,"St. Tammany Parish, Louisiana",18023,929,8579,539,310,290,1522,813,1952,946,447,415,3073,1178,138,165,679,667,458,513,9444,796,118,150,905,535,2534,904,101,92,3553,1012,413,609,1562,705,258,285
0500000US22105,22105,"Tangipahoa Parish, Louisiana",22347,579,9760,547,156,197,1349,634,4075,1016,753,534,2700,991,0,214,489,443,238,339,12587,192,833,488,1785,881,3949,1153,255,291,3342,1021,445,370,1915,1029,63,114
0500000US22109,22109,"Terrebonne Parish, Louisiana",13020,865,5854,614,1182,919,1260,992,1870,869,270,327,1081,883,59,89,132,251,0,214,7166,738,954,960,1379,802,2099,888,144,251,1810,582,0,214,679,505,101,151
0500000US24003,24003,"Anne Arundel County, Maryland",63701,1365,30648,724,558,370,3116,1142,9232,1691,2084,604,6080,1244,2473,1066,4171,1141,2934,841,33053,1297,297,302,1582,600,6249,1373,790,878,8960,1797,2872,1173,7237,1758,5066,1284
0500000US24005,24005,"Baltimore County, Maryland",155379,2496,67206,1025,1963,780,4388,1180,17992,2156,2346,700,18420,2540,3986,1388,11290,1931,6821,1354,88173,2009,1189,550,5449,1678,16862,1919,2266,759,21995,2959,7651,1429,18990,2504,13771,1852
0500000US24009,24009,"Calvert County, Maryland",8329,824,3709,523,94,113,278,251,1594,526,0,203,320,235,115,185,545,334,763,490,4620,473,408,290,0,203,1358,755,293,381,1170,580,189,208,589,541,613,434
0500000US24017,24017,"Charles County, Maryland",46702,1143,21554,418,753,605,1738,841,5512,1479,851,657,6111,1047,520,404,3998,1118,2071,811,25148,952,568,335,867,503,5885,1289,799,476,6307,1375,2033,745,4801,1265,3888,1019
0500000US24021,24021,"Frederick County, Maryland",14642,1005,6974,746,69,104,288,185,1556,564,443,274,1607,687,314,224,1121,870,1576,769,7668,489,135,165,360,268,1553,654,128,159,1927,794,586,526,1578,643,1401,640
0500000US24025,24025,"Harford County, Maryland",21334,882,9497,723,53,87,978,582,2088,689,135,168,2265,769,855,546,1761,656,1362,527,11837,438,187,193,808,442,1627,541,454,264,2456,711,1736,696,1672,571,2897,761
0500000US24027,24027,"Howard County, Maryland",39290,1183,16660,503,395,507,383,361,2755,1005,337,319,3523,1190,1074,618,4085,1388,4108,1172,22630,978,533,515,760,571,1830,864,701,487,4886,1211,1562,838,5981,1190,6377,1406
0500000US24031,24031,"Montgomery County, Maryland",128807,1960,56796,1119,1073,582,2179,840,9186,1547,2171,781,12203,2114,5200,1414,13372,1920,11412,1757,72011,1374,737,402,3021,830,14881,2644,2310,1063,14131,1988,6131,1449,16107,2228,14693,1907
0500000US24033,24033,"Prince George's County, Maryland",401798,2223,179128,1168,2348,659,10098,1637,54282,3188,7046,1599,44741,2956,11010,1818,29316,2326,20287,2297,222670,1507,3034,821,9692,1814,50289,3149,5844,1304,56996,3545,17308,2173,45053,2849,34454,2842
0500000US24037,24037,"St. Mary's County, Maryland",9920,627,4786,389,394,396,871,601,1346,787,471,591,1121,586,390,423,72,122,121,186,5134,490,361,290,796,477,1619,767,118,154,886,480,810,559,380,278,164,167
0500000US24043,24043,"Washington County, Maryland",10443,851,7035,570,341,235,1169,420,1173,534,943,407,2137,590,558,451,599,444,115,149,3408,571,13,31,420,309,1278,629,163,131,669,395,230,180,373,374,262,277
0500000US24045,24045,"Wicomico County, Maryland",15963,990,7307,950,507,446,1449,1016,1875,890,247,198,1815,905,359,261,750,611,305,261,8656,489,586,434,1459,691,1954,885,218,223,1486,652,893,575,1236,586,824,451
0500000US24510,24510,"Baltimore city, Maryland",257208,1542,111259,945,6147,1341,14863,1900,36456,2613,8475,1569,23820,2605,5085,1296,9766,1941,6647,1272,145949,1025,5871,1253,19133,2641,42994,3388,5518,1239,38148,3481,10096,1831,12605,1708,11584,1706
0500000US25005,25005,"Bristol County, Massachusetts",14208,1465,7030,848,529,298,315,195,2522,913,514,276,1711,743,545,532,625,445,269,224,7178,942,898,512,152,138,1817,701,95,114,1740,719,624,411,1209,764,643,506
0500000US25009,25009,"Essex County, Massachusetts",22262,2018,10404,1143,707,424,815,529,2277,808,810,495,2164,846,774,368,1945,1003,912,516,11858,1381,1445,639,683,402,3133,1056,261,245,2842,1019,1248,739,1469,727,777,431
0500000US25013,25013,"Hampden County, Massachusetts",27442,1359,12834,1039,419,388,2067,892,4436,1238,269,227,1931,861,1315,699,1508,834,889,546,14608,881,778,426,947,530,3413,911,849,543,3418,1075,1125,685,2644,926,1434,797
0500000US25017,25017,"Middlesex County, Massachusetts",55748,2121,26064,1064,1669,896,1146,531,6850,1565,841,447,4927,1276,2584,948,4945,1184,3102,990,29684,1612,1566,914,1483,746,7193,1533,640,369,5626,1391,1247,676,7029,1860,4900,1310
0500000US25021,25021,"Norfolk County, Massachusetts",32223,1181,14572,624,326,271,1165,483,2159,824,473,324,3293,1008,1285,676,3804,929,2067,936,17651,846,1166,588,1056,527,2402,854,331,258,2887,985,2450,1013,4138,1010,3221,889
0500000US25023,25023,"Plymouth County, Massachusetts",30117,1816,14372,1032,1056,629,2175,742,3071,863,610,444,3114,862,1736,844,2245,940,365,268,15745,1163,2090,904,1185,640,3845,912,372,242,3421,1009,1134,570,2744,943,954,475
0500000US25025,25025,"Suffolk County, Massachusetts",121668,2904,54618,1974,3658,1080,5296,1147,16729,2655,1581,609,13778,2069,3133,920,6686,1559,3757,1142,67050,1557,4375,955,5407,1490,19455,1897,2459,763,15457,2151,5653,1319,8889,1601,5355,1402
0500000US25027,25027,"Worcester County, Massachusetts",24799,1659,13214,1070,359,294,1445,773,2480,926,1189,542,3525,1170,581,397,2891,963,744,404,11585,984,412,304,1057,592,2452,836,610,431,1795,596,1367,566,2744,874,1148,701
0500000US26021,26021,"Berrien County, Michigan",13378,716,5917,286,166,129,1267,427,1873,636,336,257,1452,486,380,359,287,220,156,127,7461,598,199,136,1047,610,2237,725,239,241,2036,867,461,411,505,285,737,443
0500000US26025,26025,"Calhoun County, Michigan",9434,789,4548,556,0,170,387,283,2318,701,358,231,1057,536,92,121,280,241,56,70,4886,438,0,170,274,253,1265,677,384,322,1265,510,688,467,808,631,202,165
0500000US26049,26049,"Genesee County, Michigan",50103,1423,22799,756,459,249,2301,742,7077,1087,903,626,7482,1138,2309,927,1080,505,1188,454,27304,1079,703,341,2821,804,7080,1284,630,366,8873,1204,2863,791,3095,821,1239,557
0500000US26065,26065,"Ingham County, Michigan",18111,1019,9052,736,550,564,852,434,1933,550,575,331,2891,773,319,229,1346,724,586,344,9059,598,408,388,767,508,2324,834,251,201,2193,700,1089,472,1073,530,954,410
0500000US26075,26075,"Jackson County, Michigan",8422,457,5589,365,375,167,569,291,855,367,1594,524,1757,526,280,250,63,77,96,158,2833,245,144,136,172,141,546,321,47,56,1042,412,378,324,191,187,313,276
0500000US26077,26077,"Kalamazoo County, Michigan",14823,1450,6888,873,59,89,432,306,1014,540,531,348,2293,836,437,359,1287,670,835,572,7935,812,154,194,566,396,1059,535,210,225,2595,774,1290,670,470,377,1591,656
0500000US26081,26081,"Kent County, Michigan",36895,1303,17443,838,961,624,1598,785,5375,1094,897,435,3583,957,1626,919,2203,810,1200,721,19452,988,1371,741,1354,570,2542,891,780,383,5401,1361,3114,1218,3128,991,1762,814
0500000US26099,26099,"Macomb County, Michigan",62324,988,26143,584,884,599,2482,833,6254,1375,2402,900,8943,1508,2115,1006,1880,755,1183,828,36181,782,495,546,3951,1303,7252,1285,1363,587,12285,1465,4188,1061,4428,1040,2219,651
0500000US26121,26121,"Muskegon County, Michigan",14819,509,7133,467,425,282,1181,455,1347,515,1188,389,2188,618,415,295,219,142,170,176,7686,144,302,207,718,365,2340,614,372,311,2404,708,759,379,647,366,144,195
0500000US26125,26125,"Oakland County, Michigan",117257,1581,50025,736,841,342,3408,931,11478,1715,2492,873,12764,1910,4551,1199,6821,1117,7670,2256,67232,1179,1168,655,3534,897,11201,1724,1579,608,19068,2099,5578,1274,13861,2009,11243,1574
0500000US26145,26145,"Saginaw County, Michigan",22714,1030,10766,884,929,439,1635,656,2539,634,990,513,2997,984,902,438,366,297,408,264,11948,465,373,274,956,482,3617,768,356,276,4270,919,861,421,577,300,938,568
0500000US26161,26161,"Washtenaw County, Michigan",25132,913,12456,578,669,393,1125,455,3218,944,642,425,3563,846,666,364,1457,559,1116,452,12676,652,241,184,857,496,1893,601,940,466,3736,779,764,411,1757,676,2488,642
0500000US26163,26163,"Wayne County, Michigan",440639,1753,194963,937,7276,1529,27257,2612,59107,3111,15911,2211,52800,3592,13048,1631,13381,1817,6183,1029,245676,1260,5493,1164,28006,2585,59774,2688,11581,1759,75484,3625,25849,2475,20994,2025,18495,2029
0500000US27003,27003,"Anoka County, Minnesota",12169,875,5840,406,114,140,379,269,1598,526,172,146,1311,531,1095,593,628,388,543,284,6329,681,516,432,953,551,1584,670,98,126,1460,588,522,295,834,538,362,283
0500000US27037,27037,"Dakota County, Minnesota",16168,863,7584,618,36,61,490,389,1813,629,195,189,2472,786,123,125,1745,789,710,368,8584,569,568,549,890,776,1844,785,345,414,2871,1032,1064,568,538,321,464,318
0500000US27053,27053,"Hennepin County, Minnesota",92795,1573,45421,1094,3476,1116,3427,1004,10460,1896,1628,758,10986,1664,3547,1046,8181,1688,3716,887,47374,1006,6342,1409,3376,1212,9198,1604,1286,487,14707,1865,3957,991,5141,1234,3367,1086
0500000US27123,27123,"Ramsey County, Minnesota",36712,726,18062,533,1172,750,1500,665,3669,1079,832,440,3891,1031,1875,676,3486,868,1637,824,18650,486,2190,943,2422,778,2455,764,1198,612,5416,1078,1487,629,2476,678,1006,467
0500000US27163,27163,"Washington County, Minnesota",6876,423,3608,504,0,153,141,160,900,741,33,51,810,368,468,323,647,459,609,414,3268,454,386,344,167,193,626,587,0,153,1275,549,159,161,309,258,346,227
0500000US28033,28033,"DeSoto County, Mississippi",29185,493,12527,269,149,169,1346,618,4153,992,752,524,3008,818,1372,656,998,519,749,469,16658,354,152,211,638,391,3554,925,392,360,5556,1248,2202,908,1990,772,2174,709
0500000US28035,28035,"Forrest County, Mississippi",15800,788,6782,503,142,280,460,430,2611,721,813,664,1442,669,315,307,757,542,242,211,9018,399,472,321,805,429,1969,677,39,69,1741,787,983,570,2569,776,440,317
0500000US28047,28047,"Harrison County, Mississippi",30517,445,13640,312,289,503,1449,631,5449,1223,638,391,2876,1100,1162,712,622,419,1155,753,16877,266,232,161,1475,539,4864,1214,1475,862,4267,1371,1461,663,2470,1077,633,587
0500000US28049,28049,"Hinds County, Mississippi",107673,548,46945,323,2089,732,6899,1342,14291,1963,2120,775,10026,1479,4095,1128,4636,1138,2789,1062,60728,475,2970,771,6346,1318,11492,1807,2310,805,14617,1931,7138,1359,8040,1375,7815,1480
0500000US28059,28059,"Jackson County, Mississippi",18732,888,8518,500,321,309,975,577,2348,779,553,319,1967,617,1495,705,407,344,452,503,10214,639,244,164,957,450,1902,654,123,124,2848,1172,2406,807,875,483,859,525
0500000US28067,28067,"Jones County, Mississippi",11112,1103,4766,830,188,249,683,515,1441,712,395,370,1388,714,210,239,344,388,117,153,6346,702,460,404,595,443,2456,1011,220,187,987,498,708,545,239,201,681,442
0500000US28075,28075,"Lauderdale County, Mississippi",21003,1140,9884,734,403,308,1452,778,2027,722,522,378,3045,1167,1253,620,952,560,230,171,11119,633,767,455,1926,671,1713,834,679,499,2691,838,1227,622,1233,619,883,483
0500000US28081,28081,"Lee County, Mississippi",14720,600,6614,100,528,436,1225,534,1401,501,715,407,1483,586,321,278,398,339,543,342,8106,591,143,104,1533,719,1630,550,16,28,2562,634,1017,463,676,438,529,373
0500000US28089,28089,"Madison County, Mississippi",24721,100,10915,217,631,384,1163,578,2374,875,402,327,1919,763,1049,659,2404,888,973,574,13806,100,74,111,1805,696,3407,927,383,312,2611,955,1040,487,1749,710,2737,873
0500000US28121,28121,"Rankin County, Mississippi",20726,964,10299,588,100,131,1172,622,2831,940,1379,747,2805,1197,916,792,495,343,601,486,10427,738,154,135,1902,997,2575,1048,679,645,2422,1035,1311,718,589,349,795,499
0500000US29047,29047,"Clay County, Missouri",7850,1020,3703,930,67,101,66,116,1389,793,285,288,722,476,394,408,346,273,434,289,4147,422,0,190,200,226,1661,555,96,160,456,306,331,313,740,454,663,517
0500000US29095,29095,"Jackson County, Missouri",102610,1098,44727,843,1588,712,5713,1303,13605,1977,3490,1070,12940,1880,2026,782,3831,769,1534,645,57883,531,1549,599,6124,1158,16035,2073,2073,636,18737,1995,3768,935,6497,1318,3100,829
0500000US29183,29183,"St. Charles County, Missouri",9757,1064,4123,983,0,190,176,171,1120,799,478,460,727,432,344,308,1007,446,271,314,5634,420,118,194,254,247,699,389,112,192,1751,575,1188,726,811,473,701,447
0500000US29189,29189,"St. Louis County, Missouri",151022,1764,61689,1129,1340,794,7977,1830,16591,2286,3557,1229,15613,2034,4631,1258,7934,1839,4046,1126,89333,937,1751,763,7531,1706,21059,2638,2846,939,26865,2702,10060,1732,9762,1769,9459,1592
0500000US29510,29510,"St. Louis city, Missouri",93611,737,40793,427,1798,544,5238,1218,12619,1785,3366,1118,9983,1869,2360,987,3367,1049,2062,715,52818,424,1477,601,9078,1857,13046,1874,1627,577,14078,1695,4416,1357,4450,1136,4646,1197
0500000US31055,31055,"Douglas County, Nebraska",36451,764,16788,526,1359,618,1517,538,4700,1055,1155,625,4520,906,1286,523,1726,639,525,394,19663,528,980,437,1894,631,4295,943,672,374,5866,1154,2894,912,2134,737,928,453
0500000US31109,31109,"Lancaster County, Nebraska",6579,945,3816,790,148,185,246,214,687,432,586,500,1104,478,173,218,383,308,489,388,2763,662,0,163,384,316,285,270,342,288,592,534,472,483,593,432,95,132
0500000US31153,31153,"Sarpy County, Nebraska",4457,542,2464,443,0,163,0,163,302,203,31,55,1239,397,235,255,430,296,227,187,1993,415,13,30,160,130,505,339,60,102,345,214,0,163,618,311,292,214
0500000US32003,32003,"Clark County, Nevada",164287,2283,78903,1601,1213,495,6620,1641,24212,2650,3103,1038,24447,2381,6746,1607,9761,1955,2801,1072,85384,1518,2781,1014,7679,2210,21085,2723,1920,687,26649,2625,7335,1482,12512,2242,5423,1212
0500000US32031,32031,"Washoe County, Nevada",7039,620,3796,460,54,90,237,188,1422,519,278,215,964,396,176,179,325,250,340,261,3243,360,0,211,0,211,682,291,394,376,885,455,259,212,749,526,274,279
0500000US33011,33011,"Hillsborough County, New Hampshire",7824,1507,4386,973,245,324,0,192,1045,782,918,697,590,322,731,403,411,270,446,343,3438,804,700,540,0,192,560,446,47,83,508,327,498,404,564,440,561,394
0500000US34001,34001,"Atlantic County, New Jersey",24198,1299,10590,920,158,171,1569,732,3606,983,759,566,2148,689,800,530,1116,572,434,394,13608,775,324,297,2174,1068,4783,1154,692,422,3198,1010,508,343,960,503,969,561
0500000US34003,34003,"Bergen County, New Jersey",39796,1651,17982,1086,764,513,1581,560,4511,1230,320,233,3030,1028,1232,551,4071,1181,2473,851,21814,1138,616,331,982,579,4554,1347,627,375,3736,999,2233,802,5695,1371,3371,998
0500000US34005,34005,"Burlington County, New Jersey",51248,1437,24105,955,642,326,1376,738,7104,1380,898,446,6095,1171,2791,953,3009,924,2190,613,27143,937,362,250,1510,647,6094,1200,619,410,6493,1301,2480,796,5575,1113,4010,1134
0500000US34007,34007,"Camden County, New Jersey",61502,1545,27066,1204,536,271,3232,1004,8352,1863,1631,982,7264,1777,1806,852,2549,889,1696,666,34436,890,656,437,3088,883,8002,1704,1104,604,10334,1829,2060,692,4882,1167,4310,1308
0500000US34011,34011,"Cumberland County, New Jersey",19428,872,10322,600,406,255,2110,590,2838,813,1306,574,2188,769,480,311,621,411,373,382,9106,516,394,234,1426,558,4033,936,108,103,1530,517,587,418,666,410,362,294
0500000US34013,34013,"Essex County, New Jersey",214214,2243,94666,1336,3788,947,8863,1454,30768,2864,5056,1259,18311,2308,6911,1679,14596,2381,6373,1590,119548,1392,5448,1430,12574,1740,34807,2897,5001,1495,25785,2722,9377,1649,17278,1948,9278,1700
0500000US34015,34015,"Gloucester County, New Jersey",19302,892,9076,410,302,259,985,422,3014,1123,555,454,1816,729,660,498,1455,616,289,260,10226,677,333,212,703,514,2049,737,496,343,2056,631,925,577,2786,905,878,505
0500000US34017,34017,"Hudson County, New Jersey",53809,1829,25577,1250,2081,754,2857,1079,8094,1615,823,423,3656,833,1408,838,4935,1333,1723,640,28232,1135,1249,495,2483,971,8562,1638,622,418,5109,1222,2198,825,4763,1183,3246,928
0500000US34021,34021,"Mercer County, New Jersey",49692,1438,22356,954,1356,731,2931,897,7151,1461,1037,598,4727,1239,1404,664,2084,838,1666,753,27336,777,2198,1158,2772,889,8207,1377,429,363,6283,1193,1878,694,3902,1045,1667,672
0500000US34023,34023,"Middlesex County, New Jersey",57351,1848,25875,1310,181,164,649,449,5987,1288,2762,1084,5601,1495,1169,1051,6214,1707,3312,1011,31476,1232,900,548,1833,789,7457,1753,681,478,6517,1243,2961,1033,6958,1385,4169,1144
0500000US34025,34025,"Monmouth County, New Jersey",30094,1073,13860,543,1035,481,1026,627,4587,1253,90,119,3455,1085,791,479,1839,770,1037,534,16234,666,799,421,1313,549,4886,1153,466,362,3635,796,1224,551,2652,900,1259,535
0500000US34027,34027,"Morris County, New Jersey",11224,1013,4819,482,260,218,248,275,1044,613,0,206,962,560,176,214,1371,696,758,488,6405,714,568,364,171,264,1690,869,0,206,584,397,734,348,1656,794,1002,416
0500000US34029,34029,"Ocean County, New Jersey",12131,1327,5822,842,123,136,488,544,1304,758,68,123,2030,833,158,193,1249,878,402,334,6309,688,67,110,125,141,1632,727,125,152,1262,655,903,629,1544,807,651,439
0500000US34031,34031,"Passaic County, New Jersey",36668,723,15883,413,1139,482,2401,763,6291,1089,263,222,2800,907,1576,807,940,578,473,362,20785,525,1308,604,1387,546,6743,1214,498,246,5373,1156,954,440,3264,1096,1258,567
0500000US34033,34033,"Salem County, New Jersey",5608,523,2243,272,121,151,146,150,758,450,87,97,844,376,188,237,99,167,0,206,3365,361,61,110,537,386,795,339,301,292,778,398,336,254,257,205,300,297
0500000US34035,34035,"Somerset County, New Jersey",21153,1312,9411,598,220,240,499,397,3155,1169,73,108,2169,927,232,293,2002,861,1061,616,11742,1040,45,56,346,297,1954,654,162,266,2550,1036,1393,615,2992,842,2300,1040
0500000US34039,34039,"Union County, New Jersey",85722,2382,38444,1612,1671,989,3985,1145,12582,2326,922,421,9267,1684,2210,831,5234,1156,2573,859,47278,1116,1621,702,2046,680,15563,2159,434,363,12887,2176,4154,1276,6331,1481,4242,1268
0500000US35001,35001,"Bernalillo County, New Mexico",12041,866,6890,564,79,131,356,307,713,510,180,131,2963,742,691,378,1495,686,413,271,5151,611,49,85,386,285,631,431,0,201,2005,503,1009,462,572,330,499,298
0500000US36001,36001,"Albany County, New York",21912,1309,9790,930,91,120,1647,871,3261,1046,275,173,1669,695,396,318,1083,597,1368,622,12122,978,247,237,1691,762,2513,824,1087,778,2458,789,1462,632,1876,573,788,405
0500000US36005,36005,"Bronx County, New York",336037,5692,150832,3399,12455,2338,21626,2491,39380,3738,10080,1991,31001,3518,11035,1955,16591,2651,8664,1645,185205,3298,13735,1989,22524,2466,35569,3429,10579,1764,38836,3921,17779,2516,30719,3669,15464,1938
0500000US36007,36007,"Broome County, New York",5283,378,2420,227,160,174,244,194,453,268,417,231,408,325,313,275,366,292,59,70,2863,268,97,136,349,279,885,390,77,90,711,359,339,314,324,205,81,84
0500000US36027,36027,"Dutchess County, New York",20184,899,10621,585,521,389,1399,551,3028,812,1257,438,2284,867,767,577,817,472,548,357,9563,612,557,358,831,492,1711,663,436,343,3342,903,875,471,1032,413,779,517
0500000US36029,36029,"Erie County, New York",76753,1494,34203,1095,1553,691,4896,1255,8845,1521,3045,973,8682,1286,2838,916,2692,773,1652,670,42550,887,1856,684,4965,1154,9240,1583,2892,913,11126,1527,4377,932,5832,1236,2262,709
0500000US36047,36047,"Kings County, New York",587275,5119,246095,2823,13014,2369,23594,2813,78951,4605,17179,1842,41884,3304,17361,2216,38102,3891,16010,2171,341180,3390,16626,2149,30061,2935,89886,4870,20511,2205,64990,3940,30455,2973,55247,3571,33404,2901
0500000US36055,36055,"Monroe County, New York",68988,1437,30060,823,1505,556,5353,1228,9790,1289,2452,810,5375,1134,1982,731,2495,893,1108,446,38928,1077,2680,855,6652,1165,8366,1440,2397,792,7907,1272,5472,949,3253,864,2201,684
0500000US36059,36059,"Nassau County, New York",109414,2320,48125,1596,1573,588,3688,929,13421,2025,1780,735,11153,1533,4905,1398,7281,1337,4324,1132,61289,1331,2599,783,3967,1008,13119,1683,2895,889,9937,1625,6184,1235,12659,1701,9929,1576
0500000US36061,36061,"New York County, New York",182348,5549,82922,3498,5586,1522,14858,2510,17463,2441,6135,2073,11450,2131,4376,1134,12916,2189,10138,1769,99426,3218,5419,1405,12674,2458,20366,2732,3776,1578,14929,1902,9855,2491,17046,2871,15361,2548
0500000US36063,36063,"Niagara County, New York",9129,679,4120,387,69,120,338,227,1118,434,692,380,1210,562,211,192,159,137,323,349,5009,498,214,182,638,256,1071,436,107,102,1473,638,1080,442,176,174,250,281
0500000US36065,36065,"Oneida County, New York",8029,735,4614,475,445,290,1168,432,1027,465,512,311,440,248,320,219,535,440,167,174,3415,496,390,438,504,350,755,518,353,304,897,388,139,163,241,177,136,162
0500000US36067,36067,"Onondaga County, New York",29528,972,13376,639,1126,574,2343,739,3077,765,1668,671,2634,775,1031,518,624,388,873,475,16152,697,783,324,2548,629,4330,868,1133,370,3210,704,2047,703,1328,582,773,368
0500000US36071,36071,"Orange County, New York",26864,1891,13409,824,172,180,1187,599,2918,979,569,340,3575,1015,1346,661,2269,843,1373,648,13455,1315,218,208,872,519,1803,734,226,167,3383,893,1709,645,3680,1282,1564,718
0500000US36081,36081,"Queens County, New York",301515,4626,132387,2552,6138,1051,12334,2012,36729,2802,9960,1536,29576,2804,9607,1539,19768,2014,8275,1516,169128,2868,6887,1197,15817,2149,38586,2967,10723,1418,35531,3321,14487,1858,31482,2803,15615,1793
0500000US36083,36083,"Rensselaer County, New York",5717,710,2768,541,133,157,338,267,773,437,421,349,625,409,150,170,221,176,107,165,2949,593,93,147,528,405,835,408,164,188,1068,552,88,102,91,164,82,145
0500000US36085,36085,"Richmond County, New York",31414,1242,13659,704,386,239,1516,657,3498,1128,1329,580,2535,1033,1285,738,1761,746,1349,707,17755,901,661,516,2034,1055,3426,990,2026,821,3076,939,1016,601,3103,889,2413,966
0500000US36087,36087,"Rockland County, New York",26236,976,12313,475,441,382,1219,599,3089,902,1104,648,2649,664,732,528,1899,616,1180,690,13923,767,927,354,1136,610,3022,1125,710,428,2249,773,1363,673,2323,843,2193,987
0500000US36093,36093,"Schenectady County, New York",10781,1525,4690,1001,195,179,921,635,964,710,500,615,1457,736,313,379,134,163,206,169,6091,809,0,200,971,570,1168,744,550,566,2042,1273,369,298,543,441,448,462
0500000US36103,36103,"Suffolk County, New York",79277,2455,36758,1542,2467,944,4269,1417,10036,1860,1646,624,6970,1545,2960,891,5191,1577,3219,1115,42519,1315,2869,998,2815,887,10581,1914,1935,850,9339,1786,3648,895,5654,1256,5678,1336
0500000US36111,36111,"Ulster County, New York",7389,975,4349,813,0,200,454,437,858,403,866,512,984,629,456,300,199,331,532,543,3040,628,207,238,177,238,405,253,724,568,644,521,258,212,471,280,154,204
0500000US36119,36119,"Westchester County, New York",99638,2297,44124,1267,2400,960,4978,1169,11330,1929,2115,645,5988,1347,4165,1196,7386,1376,5762,1383,55514,1555,2639,866,4654,1376,13591,1996,2029,736,10363,1520,5757,1394,8022,1438,8459,1413
0500000US37001,37001,"Alamance County, North Carolina",21300,406,9216,284,211,180,925,516,4154,663,418,349,2031,560,395,189,563,259,519,361,12084,222,403,225,2528,837,1979,824,182,172,3282,875,1144,535,1746,809,820,434
0500000US37019,37019,"Brunswick County, North Carolina",9283,793,3823,508,40,78,300,307,1672,786,0,207,877,577,205,155,481,408,248,275,5460,373,170,221,626,478,1819,976,111,168,1739,682,590,526,159,166,246,277
0500000US37021,37021,"Buncombe County, North Carolina",10395,738,4617,450,146,210,860,517,1546,660,163,173,1105,529,51,91,707,537,39,70,5778,536,125,172,692,367,1347,616,343,454,1244,513,588,332,1097,641,342,326
0500000US37025,37025,"Cabarrus County, North Carolina",23313,1049,10204,378,208,214,869,557,2687,1021,414,386,3571,1104,70,115,1376,612,1009,569,13109,816,145,185,1116,699,3498,931,0,207,3390,1205,389,373,2378,886,2193,883
0500000US37035,37035,"Catawba County, North Carolina",8067,881,3887,200,186,171,1000,711,1562,591,352,397,342,347,245,207,120,144,80,97,4180,885,158,160,431,322,1303,812,309,255,1010,553,197,163,482,680,290,342
0500000US37037,37037,"Chatham County, North Carolina",7338,549,3727,309,85,154,435,446,1685,747,0,207,527,409,555,510,409,339,31,60,3611,450,154,150,411,441,659,370,0,207,1706,733,0,207,57,105,624,460
0500000US37045,37045,"Cleveland County, North Carolina",12406,698,5117,250,664,362,794,524,2151,708,341,312,604,418,76,121,356,344,131,190,7289,645,885,583,927,452,2028,586,208,188,1804,675,796,419,430,331,211,225
0500000US37049,37049,"Craven County, North Carolina",14174,684,6356,435,211,210,1318,515,1688,685,497,600,1616,689,400,360,530,379,96,171,7818,633,306,293,1608,518,1409,665,73,155,1543,844,1685,846,1186,515,8,14
0500000US37051,37051,"Cumberland County, North Carolina",77262,1055,34705,504,902,482,2271,729,10141,1419,1286,525,10802,1344,3344,897,4671,1080,1288,453,42557,820,751,388,2508,599,9915,1385,1634,632,12273,1356,4209,813,7522,1387,3745,1016
0500000US37057,37057,"Davidson County, North Carolina",9189,1194,4100,897,58,75,764,483,1540,673,215,163,1074,477,341,410,41,61,67,87,5089,747,115,98,428,358,1565,645,84,139,1648,804,858,582,370,231,21,37
0500000US37063,37063,"Durham County, North Carolina",74922,1460,33581,747,1748,674,5105,1222,7218,1374,2248,1062,8057,1585,852,458,5733,1564,2620,931,41341,949,1054,528,3770,1323,8274,1690,1185,700,10163,1971,1880,709,7747,1576,7268,1627
0500000US37067,37067,"Forsyth County, North Carolina",62605,1107,27450,480,789,386,2800,1144,8812,1447,816,421,7479,1295,2009,760,3499,987,1246,533,35155,875,1050,539,2642,636,8685,1598,638,257,9867,1651,3279,855,6277,1360,2717,867
0500000US37069,37069,"Franklin County, North Carolina",11479,1136,4896,895,348,313,922,727,1301,610,542,439,1129,673,55,86,526,597,73,127,6583,594,581,372,1468,677,1052,590,0,207,1354,705,659,537,1084,547,385,253
0500000US37071,37071,"Gaston County, North Carolina",22925,788,9832,702,365,188,1578,567,3594,926,249,243,2083,719,516,429,1152,694,295,251,13093,346,504,297,1101,452,2751,687,659,457,3261,684,1560,702,2106,781,1151,583
0500000US37081,37081,"Guilford County, North Carolina",112675,999,49255,568,876,340,6267,1463,13622,1773,1663,580,11772,1715,4899,1501,7974,1620,2182,764,63420,672,1173,537,4880,1291,14991,1967,1411,647,17199,2174,6989,1705,11114,1961,5663,1459
0500000US37085,37085,"Harnett County, North Carolina",17897,381,8582,241,101,83,811,316,2573,688,447,360,2281,642,568,348,1293,564,508,389,9315,245,575,304,1184,619,2146,692,307,177,2770,750,653,326,1090,542,590,405
0500000US37097,37097,"Iredell County, North Carolina",13398,441,6142,125,171,198,706,382,2607,665,307,310,1462,551,472,297,377,372,40,70,7256,434,443,333,526,330,2250,574,83,88,1989,778,912,648,640,449,413,325
0500000US37101,37101,"Johnston County, North Carolina",21385,1212,9669,763,244,308,913,625,2302,703,1033,599,3225,1107,814,595,978,716,160,274,11716,656,564,536,909,710,2110,882,125,164,3670,1049,1102,598,1768,918,1468,989
0500000US37119,37119,"Mecklenburg County, North Carolina",217897,1763,94671,810,2762,905,6563,1379,22039,2677,3450,1143,26756,2916,6426,1558,20656,2253,6019,1288,123226,1307,3597,1002,6192,1302,22656,2785,2271,985,32763,3151,13026,2051,27528,2578,15193,2143
0500000US37127,37127,"Nash County, North Carolina",25333,640,10991,512,892,529,989,502,4625,1165,1033,686,1528,812,558,411,866,573,500,419,14342,252,549,378,1096,522,4499,1214,1401,832,3296,1175,582,354,2033,799,886,631
0500000US37129,37129,"New Hanover County, North Carolina",20747,1048,8878,375,403,361,544,434,3834,895,702,466,1595,760,583,350,590,378,627,390,11869,875,97,125,650,425,3557,1655,535,383,3984,1095,1016,588,1779,666,251,252
0500000US37133,37133,"Onslow County, North Carolina",16213,1770,8469,1337,266,295,1157,1004,2103,1016,125,149,3179,1600,407,291,998,682,234,182,7744,856,349,263,489,395,1718,808,217,205,1890,648,963,775,1327,632,791,761
0500000US37135,37135,"Orange County, North Carolina",11390,1173,4974,618,32,34,582,558,1144,499,139,130,1198,716,454,408,1072,664,353,278,6416,885,17,26,556,612,1857,1271,40,60,2097,1150,323,340,392,348,1134,664
0500000US37147,37147,"Pitt County, North Carolina",37670,480,16163,289,518,249,1850,705,4358,1097,1120,627,3578,1267,2736,1084,1497,665,506,327,21507,394,353,272,2705,1021,5187,1374,577,504,4132,1408,3124,1118,3619,1393,1810,891
0500000US37151,37151,"Randolph County, North Carolina",5880,580,2524,353,61,82,346,300,544,313,160,143,680,357,171,214,562,352,0,207,3356,479,159,156,784,435,628,300,178,237,328,241,492,496,658,533,129,155
0500000US37155,37155,"Robeson County, North Carolina",19752,425,8888,424,839,326,1546,407,3749,569,219,158,1894,528,398,243,189,149,54,65,10864,35,687,304,1316,360,4041,604,344,257,2150,444,945,304,722,268,659,331
0500000US37157,37157,"Rockingham County, North Carolina",12201,622,5353,416,391,310,782,407,2493,757,84,93,1293,484,96,124,126,131,88,151,6848,447,156,159,1158,653,1747,538,86,75,1631,623,546,361,655,497,869,507
0500000US37159,37159,"Rowan County, North Carolina",14182,903,6295,430,45,66,591,322,2359,770,365,295,1721,666,386,257,642,590,186,262,7887,776,142,142,523,319,2437,1041,397,344,2003,778,575,416,1306,555,504,287
0500000US37179,37179,"Union County, North Carolina",16987,1137,7408,826,398,407,1100,497,2149,714,322,452,1561,593,435,289,830,503,613,369,9579,691,203,156,872,571,2264,770,0,207,2625,788,1122,578,1172,611,1321,597
0500000US37183,37183,"Wake County, North Carolina",138202,1717,60957,1151,2005,1012,4197,1162,14241,2319,2233,1141,16441,2329,4363,1455,13072,1903,4405,1133,77245,1249,2949,1330,3971,1152,13272,2028,1254,776,20382,2552,8323,1607,16207,2192,10887,2184
0500000US37191,37191,"Wayne County, North Carolina",25715,938,11356,647,455,304,1100,597,4991,1149,1264,798,1861,854,1035,592,261,188,389,348,14359,422,473,423,1218,689,3905,1127,851,540,3354,1114,2397,825,1880,706,281,245
0500000US37195,37195,"Wilson County, North Carolina",22214,1075,9774,873,500,293,2049,781,3806,1046,692,526,1949,755,492,332,211,167,75,93,12440,348,684,357,2127,1042,3968,823,392,328,2969,910,959,470,1134,644,207,228
0500000US39003,39003,"Allen County, Ohio",8012,952,4382,680,61,78,855,426,942,465,205,224,1044,581,670,694,605,586,0,193,3630,602,61,75,399,250,1544,574,160,151,872,443,394,325,161,139,39,66
0500000US39017,39017,"Butler County, Ohio",17965,1070,8220,956,70,81,847,525,2880,735,432,313,1327,573,737,523,1788,884,139,144,9745,544,268,252,726,404,2543,877,212,246,1970,854,1185,803,1030,550,1811,833
0500000US39023,39023,"Clark County, Ohio",7754,652,3905,405,21,38,399,257,1672,479,342,248,407,286,282,261,217,174,565,316,3849,494,0,193,177,138,1580,543,33,54,1434,536,128,108,131,124,366,245
0500000US39035,39035,"Cuyahoga County, Ohio",239411,1738,102824,1108,3360,790,13294,1779,31476,2715,7211,1330,28389,2374,6724,1323,7737,1383,4633,1111,136587,1167,3032,765,16455,1966,33148,2527,5367,1193,40635,3041,12428,1870,15182,1919,10340,1351
0500000US39041,39041,"Delaware County, Ohio",4696,502,2533,339,0,193,160,160,249,218,0,193,597,377,90,150,693,405,744,538,2163,449,0,193,61,130,383,368,56,90,384,302,279,282,395,324,605,480
0500000US39045,39045,"Fairfield County, Ohio",7078,421,3335,468,100,160,257,199,580,392,193,183,1291,468,152,240,141,181,621,447,3743,462,154,196,0,193,1069,584,80,116,1283,615,248,222,610,418,299,219
0500000US39049,39049,"Franklin County, Ohio",174732,2419,80764,1572,2452,963,7907,1733,24047,2904,4401,1083,20665,2438,6014,1519,10861,2016,4417,1232,93968,1597,3153,1095,8263,1616,26858,2922,2736,906,24366,2630,8612,1551,13660,2033,6320,1463
0500000US39057,39057,"Greene County, Ohio",5628,602,3178,425,223,273,175,129,665,462,145,243,774,450,675,431,223,276,298,257,2450,395,319,326,326,375,490,372,128,122,592,496,233,250,141,165,221,203
0500000US39061,39061,"Hamilton County, Ohio",130057,1813,55851,1534,1599,1160,6744,1412,18500,2051,3087,976,12600,2251,4139,1290,6903,1610,2279,692,74206,868,1767,776,9293,1714,19632,2157,3136,1019,17567,2311,10547,2025,8456,1708,3808,1001
0500000US39093,39093,"Lorain County, Ohio",16410,1012,8381,744,89,113,842,323,2527,784,669,309,2922,723,436,337,701,562,195,183,8029,620,176,218,867,443,1796,819,187,192,3004,979,948,422,690,407,361,215
0500000US39095,39095,"Lucas County, Ohio",50619,1186,22922,832,1028,568,4651,1135,6146,1357,1782,1014,5989,1590,1561,627,1526,768,239,178,27697,784,801,496,3930,1030,8731,1881,1460,577,6861,1379,2633,996,2399,913,882,386
0500000US39099,39099,"Mahoning County, Ohio",21283,777,9557,516,274,296,1287,561,2939,817,901,465,2678,721,593,388,654,326,231,246,11726,646,338,222,1807,584,4161,766,487,302,2489,668,1466,460,608,363,370,286
0500000US39113,39113,"Montgomery County, Ohio",70517,1073,31640,584,629,436,4481,1152,8415,1617,1555,886,8144,1507,2563,880,3909,960,1944,677,38877,842,876,453,5139,1284,9821,1830,789,612,10147,1531,4613,1218,4472,1086,3020,877
0500000US39139,39139,"Richland County, Ohio",7262,736,4472,524,180,161,1080,437,777,516,832,349,782,338,732,359,89,127,0,193,2790,403,54,96,371,350,664,378,211,213,440,382,322,354,649,636,79,143
0500000US39151,39151,"Stark County, Ohio",15872,1242,7720,692,347,319,1082,446,2159,639,668,374,2007,686,257,270,766,493,434,394,8152,943,107,98,1163,781,2708,1078,134,138,2582,850,819,458,281,225,358,354
0500000US39153,39153,"Summit County, Ohio",49243,897,21552,765,733,375,2028,805,5509,1245,1746,759,6163,1207,2545,944,1826,693,1002,540,27691,546,785,440,2934,1034,7065,1617,983,470,7599,1313,4032,1260,2105,926,2188,727
0500000US39155,39155,"Trumbull County, Ohio",10541,776,4840,401,11,20,420,207,1951,636,270,201,1336,509,257,205,352,229,243,232,5701,593,42,72,146,154,2227,629,0,193,1808,767,500,321,767,553,211,205
0500000US40027,40027,"Cleveland County, Oklahoma",8555,817,4932,529,116,149,281,236,1579,670,189,120,2067,618,81,135,327,300,292,293,3623,772,0,161,30,50,353,391,675,677,835,621,378,541,834,521,518,389
0500000US40031,40031,"Comanche County, Oklahoma",11713,898,6315,482,60,85,198,164,1173,473,443,280,2080,770,848,590,798,614,715,436,5398,703,173,270,280,259,1003,413,133,168,1881,711,496,453,189,153,1243,745
0500000US40101,40101,"Muskogee County, Oklahoma",4444,248,2074,99,8,16,332,190,661,243,31,47,262,169,304,174,191,163,285,188,2370,211,136,160,155,120,889,280,0,161,585,267,142,141,308,199,155,167
0500000US40109,40109,"Oklahoma County, Oklahoma",73631,1458,34451,988,714,408,3255,1132,11305,1283,1604,593,8191,1412,2486,748,4148,1153,2748,921,39180,1067,341,184,4161,1186,10968,1753,619,366,10771,1357,4120,910,5936,1402,2264,727
0500000US40143,40143,"Tulsa County, Oklahoma",38707,808,17201,492,140,112,1606,440,5893,761,526,253,3979,688,1532,491,2496,511,1029,370,21506,535,514,225,1523,426,6030,763,925,335,6400,771,2351,528,2274,560,1489,461
0500000US41051,41051,"Multnomah County, Oregon",29053,1312,14161,883,516,577,1476,670,2522,954,1174,619,3862,992,1302,671,2178,748,1131,686,14892,786,1468,1061,804,430,2902,883,678,539,4336,1402,734,552,2678,1301,1292,566
0500000US41067,41067,"Washington County, Oregon",7733,909,4966,664,113,187,211,228,855,593,389,342,936,415,625,427,1056,507,781,411,2767,596,80,128,85,139,57,94,0,207,485,358,321,294,1168,534,571,328
0500000US42003,42003,"Allegheny County, Pennsylvania",100041,1967,43378,1215,1311,502,3000,889,11598,1764,3030,825,9890,1553,4936,1296,5542,1055,4071,982,56663,1446,1214,539,2942,746,15280,1790,4185,917,13961,1870,6323,1157,6894,1330,5864,1227
0500000US42011,42011,"Berks County, Pennsylvania",13960,1525,7197,791,836,388,812,502,2294,828,277,208,1565,604,517,302,771,568,125,152,6763,1065,394,244,544,419,2084,560,142,142,1971,650,512,306,1064,669,52,84
0500000US42017,42017,"Bucks County, Pennsylvania",16350,826,7252,416,252,193,310,321,2092,853,228,190,1371,624,961,614,1052,468,986,461,9098,690,599,631,749,493,1238,521,152,196,3191,1112,517,363,1478,603,1174,621
0500000US42029,42029,"Chester County, Pennsylvania",19261,925,9264,333,300,239,818,501,3395,744,387,284,2134,584,519,405,774,382,937,523,9997,848,192,223,417,367,3834,970,171,163,1895,734,1103,771,1394,694,991,481
0500000US42043,42043,"Dauphin County, Pennsylvania",32372,1140,14870,730,565,379,685,410,6503,1138,983,439,3123,814,559,328,1108,559,1344,738,17502,802,494,380,1691,728,6714,1219,918,603,4516,1047,929,457,1342,647,898,368
0500000US42045,42045,"Delaware County, Pennsylvania",73323,1625,32503,718,1156,709,1474,476,12337,1543,1912,663,5723,1223,1764,727,5557,1501,2580,834,40820,1265,1226,592,1541,559,14513,1797,1066,441,8576,1440,4510,1016,5075,1203,4313,933
0500000US42049,42049,"Erie County, Pennsylvania",10718,1042,5444,666,270,206,529,256,1882,464,1149,404,1101,521,218,197,186,128,109,133,5274,684,378,266,749,372,956,378,206,163,822,459,991,437,995,901,177,185
0500000US42071,42071,"Lancaster County, Pennsylvania",12956,1847,6922,1055,93,118,1611,926,2255,786,457,368,701,404,791,522,694,392,320,291,6034,1052,177,206,501,384,1807,695,520,345,1599,755,251,241,839,571,340,272
0500000US42077,42077,"Lehigh County, Pennsylvania",15757,1777,8456,1109,413,294,858,585,3013,1151,309,248,1293,562,384,272,1242,442,944,546,7301,913,100,102,828,449,1957,653,534,419,1905,774,511,357,739,423,727,553
0500000US42079,42079,"Luzerne County, Pennsylvania",8412,896,5042,627,175,154,876,492,1274,467,731,320,1317,525,342,276,129,155,198,270,3370,606,152,169,302,272,992,407,85,87,1096,576,304,245,354,304,85,137
0500000US42089,42089,"Monroe County, Pennsylvania",16106,1057,7910,808,234,391,1080,690,2037,839,115,177,2336,854,869,519,944,604,295,239,8196,640,299,378,568,538,2160,828,217,216,2013,762,758,541,1861,742,320,295
0500000US42091,42091,"Montgomery County, Pennsylvania",51720,1339,24768,622,851,332,1753,532,7341,1466,1486,622,4508,1148,2033,783,4285,992,2511,918,26952,964,85,84,1498,576,5479,1166,295,226,6009,1426,2379,720,6349,1193,4858,1078
0500000US42095,42095,"Northampton County, Pennsylvania",11564,1035,5767,603,241,195,924,479,2780,779,480,330,513,352,177,229,602,407,50,67,5797,606,322,263,503,456,1857,595,212,214,1588,581,405,267,463,398,447,313
0500000US42101,42101,"Philadelphia County, Pennsylvania",428784,5078,184298,3212,5369,1467,21155,2785,68798,5800,11121,2337,39459,4496,9507,2271,19024,2659,9865,1747,244486,2353,7599,1782,25883,2664,79002,5216,10186,1884,56430,4265,18065,2870,28909,3329,18412,2408
0500000US42129,42129,"Westmoreland County, Pennsylvania",5622,695,2850,554,147,188,372,308,1149,455,106,175,493,366,170,268,202,199,211,204,2772,341,232,286,10,19,1092,521,168,218,916,615,27,48,141,125,186,155
0500000US42133,42133,"York County, Pennsylvania",15467,811,7946,328,658,381,553,277,3359,809,329,190,1656,547,347,278,956,463,88,122,7521,752,153,142,652,302,3110,954,383,245,1150,489,1022,537,647,392,404,206
0500000US44007,44007,"Providence County, Rhode Island",34151,2905,16650,1640,1446,764,1592,709,4496,1320,1450,654,3081,1130,654,371,2682,1012,1249,677,17501,1724,1715,681,1532,713,5711,1365,1327,715,3081,939,1298,671,2166,762,671,402
0500000US45003,45003,"Aiken County, South Carolina",26720,1040,12163,991,742,487,1586,784,4558,1071,1231,642,2335,1084,761,508,950,671,0,211,14557,385,594,502,1658,720,4876,1334,1062,680,2703,774,1712,933,1354,752,598,373
0500000US45007,45007,"Anderson County, South Carolina",20283,802,9136,420,405,376,1752,720,2444,745,1113,532,1889,641,1142,622,326,334,65,109,11147,662,587,378,1863,834,3109,1076,232,233,2418,853,1624,653,655,410,659,350
0500000US45013,45013,"Beaufort County, South Carolina",21422,1040,9676,707,566,504,855,537,4637,1080,271,230,1911,765,493,368,529,397,414,440,11746,644,244,222,1127,791,4334,1298,314,353,2030,665,1695,776,602,433,1400,732
0500000US45015,45015,"Berkeley County, South Carolina",33920,556,15337,342,1059,631,2889,959,4507,963,756,640,3569,1050,1000,516,591,377,966,706,18583,303,570,410,1904,847,5790,1050,158,255,5251,1280,1614,675,2237,943,1059,576
0500000US45019,45019,"Charleston County, South Carolina",72192,950,31879,432,1763,552,4570,1236,15005,2126,926,629,5929,1492,1426,630,1741,1065,519,423,40313,655,1369,705,3256,1094,16389,1805,402,338,7408,1433,4270,1084,5045,1243,2174,764
0500000US45031,45031,"Darlington County, South Carolina",18375,726,8277,484,680,355,1204,482,3289,820,423,360,1762,639,278,261,641,409,0,211,10098,429,463,388,1114,586,2799,849,141,170,2408,741,201,186,1811,1025,1161,618
0500000US45035,45035,"Dorchester County, South Carolina",26420,1187,12034,691,154,141,1479,684,3262,1023,560,552,3519,1032,1090,608,1698,808,272,302,14386,1050,1160,698,1292,593,3295,995,384,420,2649,922,2343,1032,1583,660,1680,803
0500000US45041,45041,"Florence County, South Carolina",37081,328,15746,170,1285,477,3604,959,5298,1164,443,319,2744,918,1055,599,1023,536,294,252,21335,267,1206,545,3878,1002,6863,1282,258,208,3127,801,1882,675,2131,759,1990,611
0500000US45045,45045,"Greenville County, South Carolina",56378,1998,25486,1117,689,329,4684,1199,6694,1573,1515,664,5575,1366,2504,1136,2506,921,1319,664,30892,1289,980,433,3426,897,7883,1641,889,388,6838,1352,5468,1333,2128,771,3280,801
0500000US45047,45047,"Greenwood County, South Carolina",14966,695,6132,356,364,279,1236,688,2147,846,0,211,833,611,997,638,239,277,316,273,8834,578,544,420,1164,530,2350,824,736,624,1912,779,1391,701,349,415,388,368
0500000US45051,45051,"Horry County, South Carolina",27006,639,11449,633,499,416,1786,717,4185,889,744,592,1977,1008,772,524,1394,755,92,92,15557,176,727,438,1725,787,5174,1226,109,170,3776,1071,1576,742,1568,813,902,557
0500000US45055,45055,"Kershaw County, South Carolina",10605,548,4401,460,58,80,47,90,1703,665,355,255,960,459,626,466,191,184,461,398,6204,428,246,220,231,248,2024,802,21,41,1970,968,903,576,605,421,204,181
0500000US45057,45057,"Lancaster County, South Carolina",13156,1142,6093,813,694,532,1437,565,2807,698,0,211,861,409,294,223,0,211,0,211,7063,658,312,215,686,336,1479,689,568,635,2233,922,474,341,675,532,636,409
0500000US45063,45063,"Lexington County, South Carolina",27119,502,12205,245,282,248,1897,782,3921,1092,1153,591,2557,1002,900,457,950,543,545,383,14914,339,523,341,1679,540,4537,1028,630,489,3653,935,923,548,1383,484,1586,595
0500000US45075,45075,"Orangeburg County, South Carolina",35002,1040,15275,1033,1626,835,2547,816,4563,1290,311,253,2238,860,1876,793,1046,659,1068,605,19727,95,1003,524,2140,683,4576,1222,373,367,3341,962,3155,928,2753,980,2386,1083
0500000US45079,45079,"Richland County, South Carolina",120366,1172,53656,708,1495,733,5170,1396,15959,2261,2902,989,13842,2093,4402,1395,6151,1492,3735,1240,66710,707,1323,473,5873,1369,16150,2328,1085,507,18651,2612,5459,1491,9858,1869,8311,1456
0500000US45083,45083,"Spartanburg County, South Carolina",39844,1100,17615,573,1111,468,3078,1022,5433,1324,1130,578,4266,1195,1082,488,1032,666,483,312,22229,629,1684,542,2297,658,4031,761,704,554,6267,1310,3606,1074,2217,679,1423,668
0500000US45085,45085,"Sumter County, South Carolina",32130,415,13972,393,925,508,2531,671,4921,1016,791,592,2533,822,717,501,971,552,583,436,18158,145,1047,364,2110,796,4705,1089,513,302,5179,1228,1579,737,1997,690,1028,525
0500000US45091,45091,"York County, South Carolina",31270,794,13226,706,261,249,1353,654,3325,982,581,420,3510,1049,1048,716,2899,981,249,256,18044,279,552,275,1705,663,4740,1318,333,409,3687,1040,2219,761,3200,1025,1608,541
0500000US47037,47037,"Davidson County, Tennessee",119743,1368,53380,924,1215,531,4888,1304,14545,2193,1919,709,13472,2129,4486,1479,8305,1767,4550,1366,66363,981,1537,821,3719,1060,12111,2269,1336,665,19538,2518,5836,1651,13566,2382,8720,2046
0500000US47065,47065,"Hamilton County, Tennessee",44929,878,19488,531,504,339,2090,631,8938,1491,662,454,4203,1251,1520,819,1019,622,552,364,25441,464,429,283,1864,679,7932,1328,592,309,6057,1476,2474,994,4263,1107,1830,834
0500000US47093,47093,"Knox County, Tennessee",24821,649,11436,399,88,111,1043,523,3136,792,780,479,2952,902,868,526,1513,775,1056,435,13385,423,77,81,685,374,4066,921,512,375,3928,1058,1365,549,1409,484,1343,628
0500000US47113,47113,"Madison County, Tennessee",21911,846,9995,167,313,239,968,504,4632,866,785,399,1882,624,146,125,795,452,474,324,11916,806,612,368,626,338,4723,1082,1502,735,2331,882,440,255,858,502,824,432
0500000US47125,47125,"Montgomery County, Tennessee",23759,1045,11589,609,147,168,509,447,3394,868,211,159,4004,1034,1461,651,1446,564,417,329,12170,695,292,264,873,533,1807,672,263,222,3693,1126,1535,555,1872,724,1835,682
0500000US47149,47149,"Rutherford County, Tennessee",27253,1148,12573,1058,501,338,1317,1011,2691,1167,445,388,3136,1123,479,434,2377,713,1627,928,14680,450,37,64,1742,1022,1596,770,376,388,2837,1239,2046,686,4055,1297,1991,771
0500000US47157,47157,"Shelby County, Tennessee",313065,1842,137308,831,4409,1191,16655,2490,48365,4068,7211,1755,34530,3414,7926,1850,11620,2002,6592,1292,175757,1204,4789,1104,16559,2478,50611,3670,4262,1138,46339,3767,13450,2440,24326,2817,15421,2037
0500000US47165,47165,"Sumner County, Tennessee",8762,636,3781,390,49,81,125,131,773,441,195,206,1542,648,94,125,545,350,458,381,4981,469,746,634,32,55,697,464,110,136,1035,675,546,405,616,439,1199,620
0500000US47187,47187,"Williamson County, Tennessee",6351,829,2995,492,91,159,402,336,411,484,128,186,519,455,201,212,910,809,333,255,3356,520,119,180,914,788,608,336,110,172,972,631,53,90,160,171,420,387
0500000US47189,47189,"Wilson County, Tennessee",5531,507,2470,444,25,58,113,165,1095,685,29,65,568,422,275,250,146,212,219,227,3061,171,39,82,55,98,798,421,0,208,1013,459,435,334,259,242,462,380
0500000US48005,48005,"Angelina County, Texas",8024,573,3838,463,355,349,417,303,1171,425,27,49,1385,642,225,307,258,307,0,225,4186,341,160,186,743,399,757,449,166,171,1287,616,608,379,274,249,191,249
0500000US48027,48027,"Bell County, Texas",46174,1691,23005,912,117,124,1430,767,4487,1255,691,360,9544,1291,2933,820,2623,891,1180,666,23169,1335,240,231,876,467,4451,1043,376,271,8030,1584,2272,1040,4040,1062,2884,811
0500000US48029,48029,"Bexar County, Texas",95264,2636,46825,1218,882,445,2138,1005,10488,1984,2086,1027,13005,1582,6321,1451,7590,1700,4315,967,48439,1845,903,676,2559,950,9426,1895,1114,555,13103,2143,6024,1388,9236,1479,6074,1281
0500000US48037,48037,"Bowie County, Texas",14635,754,7445,600,67,111,1111,483,2424,951,798,482,1592,750,955,1113,498,525,0,225,7190,738,90,150,433,372,2615,1028,298,289,2668,1060,232,259,408,345,446,541
0500000US48039,48039,"Brazoria County, Texas",33449,2138,17011,871,328,343,2481,1319,2569,1418,1298,327,3851,1397,945,731,3321,1348,2218,1111,16438,1448,328,527,481,473,1785,900,293,402,3630,1315,972,672,4889,1760,4060,1600
0500000US48041,48041,"Brazos County, Texas",12737,970,5885,787,189,244,575,435,1110,563,881,495,2024,816,491,365,171,248,444,465,6852,565,35,61,763,437,2549,908,106,136,1568,648,434,376,871,459,526,315
0500000US48085,48085,"Collin County, Texas",59215,1048,26433,886,542,505,358,267,4753,1430,790,573,5187,1427,2333,893,9034,1857,3436,984,32782,562,360,317,698,414,4700,1314,56,103,9470,2010,2893,955,9461,1678,5144,1152
0500000US48099,48099,"Coryell County, Texas",6335,859,3168,634,40,74,261,274,630,402,502,235,737,315,342,258,627,486,29,38,3167,499,0,225,174,133,707,376,459,205,1183,467,190,240,63,118,391,351
0500000US48113,48113,"Dallas County, Texas",379811,3169,166672,2027,3814,861,15522,2447,51359,4397,6914,1532,44945,3523,12091,2079,25595,3329,6432,1623,213139,1823,4940,1250,16485,2342,54580,4465,6567,1400,64521,5120,14749,1675,31873,2989,19424,2281
0500000US48121,48121,"Denton County, Texas",52474,1278,23649,820,479,352,609,372,4644,1249,215,238,5657,1291,1979,831,6586,1677,3480,1170,28825,700,204,219,774,414,3631,1184,348,254,7348,1537,2689,1052,8194,1442,5637,1534
0500000US48139,48139,"Ellis County, Texas",10716,1279,5217,517,198,221,300,234,1596,581,0,225,1529,637,159,211,1119,600,316,214,5499,1056,52,106,94,86,1357,554,116,135,1608,630,955,529,677,480,640,475
0500000US48141,48141,"El Paso County, Texas",16055,995,9822,586,47,84,187,157,2104,755,572,370,4150,1005,714,603,904,532,1144,505,6233,691,0,225,150,123,1081,707,0,225,1613,577,686,535,1633,644,1070,673
0500000US48157,48157,"Fort Bend County, Texas",99145,788,44611,490,1049,697,1793,1009,11120,2826,1214,910,12484,2267,3135,1259,6687,1651,7129,2225,54534,634,1304,846,2233,943,9450,2477,496,382,10868,2472,5893,3201,14009,2665,10281,2187
0500000US48167,48167,"Galveston County, Texas",27126,1370,12692,725,491,481,1737,671,3361,668,1407,627,3646,958,365,293,1118,509,567,420,14434,873,576,341,999,527,3362,1032,516,299,3615,997,1204,586,2648,867,1514,781
0500000US48183,48183,"Gregg County, Texas",14424,831,5808,694,135,132,492,386,1786,615,428,336,1972,750,156,125,573,531,266,287,8616,322,66,116,667,497,1830,861,158,206,3421,1056,792,599,1553,606,129,139
0500000US48187,48187,"Guadalupe County, Texas",9354,724,4581,595,179,232,261,230,1170,649,0,225,767,552,329,391,970,717,905,478,4773,422,0,225,699,440,842,447,0,225,631,422,471,323,919,520,1211,640
0500000US48201,48201,"Harris County, Texas",560751,3911,251811,2053,8770,1927,21956,2950,65961,5147,14911,2777,65902,4749,20652,3305,36500,4964,17159,2555,308940,2579,9583,2037,18438,2860,65238,5861,10977,2236,93751,6792,30122,3999,48436,5397,32395,3627
0500000US48245,48245,"Jefferson County, Texas",53714,1376,25411,1225,1227,524,3084,1174,8475,1532,1441,651,7205,1621,2134,822,1046,537,799,666,28303,431,749,434,2714,809,7767,1368,813,543,9115,1700,2156,912,3419,1079,1570,1004
0500000US48257,48257,"Kaufman County, Texas",8689,613,4146,385,104,122,293,244,1527,791,78,125,788,375,243,217,814,487,299,290,4543,453,175,182,50,57,1754,775,184,149,745,430,350,282,770,559,515,398
0500000US48303,48303,"Lubbock County, Texas",12587,706,5720,372,132,161,822,502,2359,608,100,145,1915,530,40,69,267,261,85,98,6867,642,434,327,311,199,2702,702,279,288,1981,856,441,248,228,249,491,403
0500000US48309,48309,"McLennan County, Texas",20674,482,9172,280,396,356,973,683,3515,837,171,161,2432,794,963,619,498,555,224,165,11502,395,715,593,628,387,3946,1043,457,339,3821,949,786,420,427,315,722,414
0500000US48339,48339,"Montgomery County, Texas",18665,1069,8520,848,21,31,487,399,1845,1015,385,513,2751,1449,1003,712,983,489,1045,716,10145,669,144,209,293,372,1209,785,224,378,3583,1093,1818,1094,2327,1027,547,320
0500000US48375,48375,"Potter County, Texas",8133,476,4967,390,994,843,804,420,1131,445,609,217,894,421,375,366,35,49,125,172,3166,335,122,172,255,290,1298,445,196,172,797,397,349,257,149,145,0,225
0500000US48423,48423,"Smith County, Texas",24087,717,10104,710,235,230,994,539,3057,894,354,224,3305,896,705,398,1178,771,276,220,13983,335,241,260,1390,797,3144,1014,385,341,4866,1349,1381,834,1076,696,1500,654
0500000US48439,48439,"Tarrant County, Texas",207560,2033,92542,1162,1874,806,7344,1810,26364,3097,3313,1567,26123,3434,7050,1482,13614,2494,6860,1593,115018,1429,3306,1677,7201,1692,23789,2908,3800,1173,35245,3398,11114,1949,19262,2889,11301,1779
0500000US48453,48453,"Travis County, Texas",67670,2406,34337,1426,930,541,2187,850,11112,2364,1878,1114,6855,1421,2725,1147,6933,1944,1717,641,33333,1550,1527,810,1973,775,8932,1968,1724,789,7712,1633,1357,539,7457,1714,2651,1039
0500000US48471,48471,"Walker County, Texas",10663,1498,7263,1245,276,186,802,353,2235,962,1185,428,1252,821,766,704,747,660,0,225,3400,639,185,318,399,287,1319,512,0,225,645,361,0,225,780,541,72,142
0500000US48485,48485,"Wichita County, Texas",8006,817,4623,486,149,157,837,358,1491,511,361,200,1137,531,149,126,362,266,137,178,3383,543,20,35,274,299,1112,499,280,214,533,351,367,242,610,464,187,181
0500000US48491,48491,"Williamson County, Texas",20318,2876,9902,1249,272,296,198,324,789,448,468,416,1932,714,1043,624,3466,1249,1734,885,10416,1775,394,326,54,56,2184,979,212,286,1519,722,443,328,3714,1403,1896,854
0500000US49035,49035,"Salt Lake County, Utah",10948,760,6572,460,464,408,774,604,867,404,142,142,1656,699,533,453,1315,569,821,402,4376,520,467,348,481,445,654,420,102,125,954,501,241,294,1136,519,341,305
0500000US51013,51013,"Arlington County, Virginia",15284,812,6901,815,214,207,475,349,1547,645,14,26,502,368,460,528,2398,1169,1291,654,8383,280,396,337,531,439,1422,748,511,447,831,424,891,445,1483,518,2318,627
0500000US51041,51041,"Chesterfield County, Virginia",49993,723,22165,355,246,166,1121,567,7689,1156,1009,538,4657,969,1591,587,3482,858,2370,822,27828,612,744,283,568,459,4176,1255,886,428,7343,1354,4274,1254,5649,1115,4188,1090
0500000US51059,51059,"Fairfax County, Virginia",74713,2044,35724,1231,1596,809,1497,619,8130,2081,691,381,6024,1678,2597,1012,7772,1770,7417,1493,38989,1248,1238,672,1802,731,7679,1704,1538,724,6785,1333,1388,614,9709,1442,8850,1441
0500000US51061,51061,"Fauquier County, Virginia",3587,522,1554,239,198,191,145,163,481,297,138,133,155,115,148,170,124,113,165,156,2033,358,54,116,160,167,572,274,193,190,267,156,380,349,319,244,88,153
0500000US51085,51085,"Hanover County, Virginia",7153,554,3136,543,95,99,171,230,1003,472,5,9,790,485,221,214,519,328,332,322,4017,272,68,111,296,214,951,511,264,280,1017,421,151,172,1015,369,255,194
0500000US51087,51087,"Henrico County, Virginia",64929,869,26960,630,850,583,3340,1124,6119,1428,1549,629,5352,1230,2237,1011,4360,1090,3153,895,37969,581,644,428,1909,959,9704,1922,883,544,9146,1643,5120,1313,5545,1576,5018,1218
0500000US51095,51095,"James City County, Virginia",6466,1144,3068,726,136,198,262,234,626,358,173,198,453,380,384,506,299,366,735,610,3398,557,209,225,680,665,858,402,53,100,340,299,204,349,641,420,413,297
0500000US51107,51107,"Loudoun County, Virginia",21110,1573,10572,958,207,261,375,338,1902,761,204,173,998,504,540,392,4334,1165,2012,709,10538,839,185,210,536,561,1796,692,69,122,1993,670,476,267,3698,1112,1785,604
0500000US51153,51153,"Prince William County, Virginia",63371,1283,31362,1001,575,387,1410,654,8272,1687,887,423,5915,1326,2667,853,7959,1499,3677,888,32009,715,969,589,1000,494,6282,1622,618,416,7184,1302,2994,868,6922,1375,6040,1028
0500000US51177,51177,"Spotsylvania County, Virginia",13182,556,6257,350,124,196,503,534,1563,492,698,444,1308,581,416,299,1319,628,326,281,6925,376,111,122,660,432,1709,692,317,284,1698,623,374,288,1552,509,504,314
0500000US51179,51179,"Stafford County, Virginia",15454,724,7844,528,105,153,50,92,1305,622,338,285,1982,686,919,546,2082,694,1063,507,7610,488,54,90,416,341,468,351,0,204,1693,672,769,616,2365,863,1845,725
0500000US51199,51199,"York County, Virginia",6086,856,2780,634,94,127,45,78,485,369,0,204,710,511,748,648,450,377,248,247,3306,391,0,204,166,174,773,498,0,204,758,464,293,206,262,212,1054,500
0500000US51510,51510,"Alexandria city, Virginia",27312,767,13004,298,86,114,784,515,2106,965,245,309,3591,1072,895,501,4081,1541,1216,536,14308,795,241,219,1273,668,3078,920,64,95,2235,700,2036,777,3311,1044,2070,834
0500000US51550,51550,"Chesapeake city, Virginia",47639,1295,21061,950,300,309,822,440,5929,1478,1060,511,5679,1259,1331,640,3840,1129,2100,780,26578,910,201,207,1647,735,3343,996,413,372,7926,1469,3060,1111,5852,1488,4136,1003
0500000US51650,51650,"Hampton city, Virginia",43270,1053,19432,407,274,225,1987,856,5665,1231,933,427,5248,1124,1540,724,2424,895,1361,467,23838,812,335,282,892,467,5726,1254,349,318,7396,1469,2550,859,3566,1030,3024,847
0500000US51680,51680,"Lynchburg city, Virginia",12316,1025,5660,775,255,237,477,368,1957,593,210,159,1295,681,541,495,886,678,39,69,6656,692,568,416,541,347,1401,628,406,272,2138,958,949,582,498,388,155,188
0500000US51700,51700,"Newport News city, Virginia",45911,1074,20292,764,760,509,1353,564,6242,1289,1068,627,6016,1268,1999,632,1987,1102,867,411,25619,814,631,427,2722,1043,5760,1315,694,446,7715,1286,2624,908,3327,996,2146,742
0500000US51710,51710,"Norfolk city, Virginia",60817,987,27861,575,1613,787,3411,931,6291,1047,4020,1045,6401,1174,2227,697,2810,805,1088,534,32956,767,1179,433,5248,1077,6820,1186,1244,579,9559,1342,3477,1083,4136,898,1293,459
0500000US51740,51740,"Portsmouth city, Virginia",32381,846,13973,480,448,299,1655,580,3966,869,1387,716,3597,938,902,477,1719,695,299,261,18408,535,870,413,1136,496,4419,1099,534,282,5688,1202,2035,746,2608,793,1118,483
0500000US51760,51760,"Richmond city, Virginia",71078,1371,31244,691,1847,723,6182,1283,9079,1621,2184,775,5836,1676,1544,993,3297,997,1275,566,39834,1182,1955,977,5943,1308,9498,2052,2079,941,12181,1867,1975,678,3035,958,3168,1009
0500000US51770,51770,"Roanoke city, Virginia",19378,1638,9371,1057,354,382,686,471,3310,972,800,620,2490,920,1130,860,431,362,170,190,10007,1106,215,207,1058,841,2008,698,450,419,3169,1047,1566,917,1105,630,436,346
0500000US51800,51800,"Suffolk city, Virginia",24931,849,11360,751,1042,430,1013,740,3395,1066,518,390,2841,966,501,340,883,556,1167,704,13571,550,457,248,2093,875,3090,967,578,416,2710,880,1059,454,2172,633,1412,447
0500000US51810,51810,"Virginia Beach city, Virginia",55416,1377,25615,790,349,204,2147,799,6685,1310,1080,632,7169,1345,3171,1153,3527,954,1487,646,29801,1028,316,352,2007,801,3962,839,1811,844,7095,1456,4919,1321,5309,1140,4382,1057
0500000US53033,53033,"King County, Washington",89246,2704,46287,1445,855,520,3069,1163,8645,1978,2220,796,11473,2156,4122,1256,10963,1952,4940,1593,42959,2035,3697,1377,2623,1035,8842,2074,2044,803,11602,2247,5138,1401,6200,1370,2813,988
0500000US53053,53053,"Pierce County, Washington",40061,1695,21255,1391,472,347,1432,692,7505,1663,446,292,6056,1252,1915,687,2037,797,1392,784,18806,954,54,67,906,682,2570,788,573,319,6336,1447,2508,812,4545,977,1314,458
0500000US53061,53061,"Snohomish County, Washington",15584,968,9181,619,91,149,215,273,2143,675,477,389,2671,769,1207,696,1734,604,643,383,6403,726,270,187,595,355,1468,668,310,291,1692,683,649,483,981,545,438,262
0500000US54003,54003,"Berkeley County, West Virginia",5335,928,2749,734,37,74,386,355,754,471,0,200,661,452,400,356,124,129,387,443,2586,612,0,200,466,333,554,363,352,407,326,314,201,303,628,513,59,110
0500000US54039,54039,"Kanawha County, West Virginia",9665,1005,4542,736,0,200,71,122,1117,442,138,122,1218,472,533,339,1053,607,412,290,5123,569,0,200,130,177,1940,710,1,4,1215,486,1187,492,331,278,319,241
0500000US55025,55025,"Dane County, Wisconsin",14485,891,7062,697,0,151,894,691,1652,690,580,463,1780,621,240,201,1137,617,779,391,7423,511,28,47,552,430,832,477,257,240,1887,685,1198,602,1696,686,973,491
0500000US55059,55059,"Kenosha County, Wisconsin",6309,632,2840,517,167,193,284,254,1156,372,87,99,589,379,382,301,175,179,0,151,3469,418,187,161,264,268,1101,475,219,180,1147,594,206,266,167,233,178,187
0500000US55079,55079,"Milwaukee County, Wisconsin",146107,1235,63117,869,1939,695,8686,1414,22908,2371,2745,723,16201,2082,5034,1494,3892,1131,1712,553,82990,824,2514,700,9598,1599,25517,2430,2891,651,20884,2082,7999,1377,7673,1345,5914,1173
0500000US55101,55101,"Racine County, Wisconsin",11707,747,5449,365,498,493,1049,454,1095,456,665,376,1156,441,556,470,182,219,248,339,6258,496,95,164,940,473,1749,630,185,181,2149,730,551,467,490,294,99,151
