GEO.id,GEO.id2,GEO.display-label,HD01_VD01,HD02_VD01,HD01_VD02,HD02_VD02,HD01_VD03,HD02_VD03,HD01_VD04,HD02_VD04,HD01_VD05,HD02_VD05,HD01_VD06,HD02_VD06,HD01_VD07,HD02_VD07,HD01_VD08,HD02_VD08,HD01_VD09,HD02_VD09,HD01_VD10,HD02_VD10,HD01_VD11,HD02_VD11,HD01_VD12,HD02_VD12,HD01_VD13,HD02_VD13,HD01_VD14,HD02_VD14,HD01_VD15,HD02_VD15,HD01_VD16,HD02_VD16,HD01_VD17,HD02_VD17,HD01_VD18,HD02_VD18,HD01_VD19,HD02_VD19,HD01_VD20,HD02_VD20,HD01_VD21,HD02_VD21,HD01_VD22,HD02_VD22,HD01_VD23,HD02_VD23,HD01_VD24,HD02_VD24,HD01_VD25,HD02_VD25,HD01_VD26,HD02_VD26,HD01_VD27,HD02_VD27,HD01_VD28,HD02_VD28,HD01_VD29,HD02_VD29,HD01_VD30,HD02_VD30,HD01_VD31,HD02_VD31,HD01_VD32,HD02_VD32,HD01_VD33,HD02_VD33,HD01_VD34,HD02_VD34,HD01_VD35,HD02_VD35,HD01_VD36,HD02_VD36,HD01_VD37,HD02_VD37,HD01_VD38,HD02_VD38,HD01_VD39,HD02_VD39,HD01_VD40,HD02_VD40,HD01_VD41,HD02_VD41,HD01_VD42,HD02_VD42,HD01_VD43,HD02_VD43,HD01_VD44,HD02_VD44,HD01_VD45,HD02_VD45,HD01_VD46,HD02_VD46
Id,Id2,Geography,Estimate; Total:,Margin of Error; Total:,Estimate; Owner-occupied housing units:,Margin of Error; Owner-occupied housing units:,"Estimate; Owner-occupied housing units: - Less than $20,000:","Margin of Error; Owner-occupied housing units: - Less than $20,000:","Estimate; Owner-occupied housing units: - Less than $20,000: - Less than 20 percent","Margin of Error; Owner-occupied housing units: - Less than $20,000: - Less than 20 percent","Estimate; Owner-occupied housing units: - Less than $20,000: - 20 to 29 percent","Margin of Error; Owner-occupied housing units: - Less than $20,000: - 20 to 29 percent","Estimate; Owner-occupied housing units: - Less than $20,000: - 30 percent or more","Margin of Error; Owner-occupied housing units: - Less than $20,000: - 30 percent or more","Estimate; Owner-occupied housing units: - $20,000 to $34,999:","Margin of Error; Owner-occupied housing units: - $20,000 to $34,999:","Estimate; Owner-occupied housing units: - $20,000 to $34,999: - Less than 20 percent","Margin of Error; Owner-occupied housing units: - $20,000 to $34,999: - Less than 20 percent","Estimate; Owner-occupied housing units: - $20,000 to $34,999: - 20 to 29 percent","Margin of Error; Owner-occupied housing units: - $20,000 to $34,999: - 20 to 29 percent","Estimate; Owner-occupied housing units: - $20,000 to $34,999: - 30 percent or more","Margin of Error; Owner-occupied housing units: - $20,000 to $34,999: - 30 percent or more","Estimate; Owner-occupied housing units: - $35,000 to $49,999:","Margin of Error; Owner-occupied housing units: - $35,000 to $49,999:","Estimate; Owner-occupied housing units: - $35,000 to $49,999: - Less than 20 percent","Margin of Error; Owner-occupied housing units: - $35,000 to $49,999: - Less than 20 percent","Estimate; Owner-occupied housing units: - $35,000 to $49,999: - 20 to 29 percent","Margin of Error; Owner-occupied housing units: - $35,000 to $49,999: - 20 to 29 percent","Estimate; Owner-occupied housing units: - $35,000 to $49,999: - 30 percent or more","Margin of Error; Owner-occupied housing units: - $35,000 to $49,999: - 30 percent or more","Estimate; Owner-occupied housing units: - $50,000 to $74,999:","Margin of Error; Owner-occupied housing units: - $50,000 to $74,999:","Estimate; Owner-occupied housing units: - $50,000 to $74,999: - Less than 20 percent","Margin of Error; Owner-occupied housing units: - $50,000 to $74,999: - Less than 20 percent","Estimate; Owner-occupied housing units: - $50,000 to $74,999: - 20 to 29 percent","Margin of Error; Owner-occupied housing units: - $50,000 to $74,999: - 20 to 29 percent","Estimate; Owner-occupied housing units: - $50,000 to $74,999: - 30 percent or more","Margin of Error; Owner-occupied housing units: - $50,000 to $74,999: - 30 percent or more","Estimate; Owner-occupied housing units: - $75,000 or more:","Margin of Error; Owner-occupied housing units: - $75,000 or more:","Estimate; Owner-occupied housing units: - $75,000 or more: - Less than 20 percent","Margin of Error; Owner-occupied housing units: - $75,000 or more: - Less than 20 percent","Estimate; Owner-occupied housing units: - $75,000 or more: - 20 to 29 percent","Margin of Error; Owner-occupied housing units: - $75,000 or more: - 20 to 29 percent","Estimate; Owner-occupied housing units: - $75,000 or more: - 30 percent or more","Margin of Error; Owner-occupied housing units: - $75,000 or more: - 30 percent or more",Estimate; Owner-occupied housing units: - Zero or negative income,Margin of Error; Owner-occupied housing units: - Zero or negative income,Estimate; Renter-occupied housing units:,Margin of Error; Renter-occupied housing units:,"Estimate; Renter-occupied housing units: - Less than $20,000:","Margin of Error; Renter-occupied housing units: - Less than $20,000:","Estimate; Renter-occupied housing units: - Less than $20,000: - Less than 20 percent","Margin of Error; Renter-occupied housing units: - Less than $20,000: - Less than 20 percent","Estimate; Renter-occupied housing units: - Less than $20,000: - 20 to 29 percent","Margin of Error; Renter-occupied housing units: - Less than $20,000: - 20 to 29 percent","Estimate; Renter-occupied housing units: - Less than $20,000: - 30 percent or more","Margin of Error; Renter-occupied housing units: - Less than $20,000: - 30 percent or more","Estimate; Renter-occupied housing units: - $20,000 to $34,999:","Margin of Error; Renter-occupied housing units: - $20,000 to $34,999:","Estimate; Renter-occupied housing units: - $20,000 to $34,999: - Less than 20 percent","Margin of Error; Renter-occupied housing units: - $20,000 to $34,999: - Less than 20 percent","Estimate; Renter-occupied housing units: - $20,000 to $34,999: - 20 to 29 percent","Margin of Error; Renter-occupied housing units: - $20,000 to $34,999: - 20 to 29 percent","Estimate; Renter-occupied housing units: - $20,000 to $34,999: - 30 percent or more","Margin of Error; Renter-occupied housing units: - $20,000 to $34,999: - 30 percent or more","Estimate; Renter-occupied housing units: - $35,000 to $49,999:","Margin of Error; Renter-occupied housing units: - $35,000 to $49,999:","Estimate; Renter-occupied housing units: - $35,000 to $49,999: - Less than 20 percent","Margin of Error; Renter-occupied housing units: - $35,000 to $49,999: - Less than 20 percent","Estimate; Renter-occupied housing units: - $35,000 to $49,999: - 20 to 29 percent","Margin of Error; Renter-occupied housing units: - $35,000 to $49,999: - 20 to 29 percent","Estimate; Renter-occupied housing units: - $35,000 to $49,999: - 30 percent or more","Margin of Error; Renter-occupied housing units: - $35,000 to $49,999: - 30 percent or more","Estimate; Renter-occupied housing units: - $50,000 to $74,999:","Margin of Error; Renter-occupied housing units: - $50,000 to $74,999:","Estimate; Renter-occupied housing units: - $50,000 to $74,999: - Less than 20 percent","Margin of Error; Renter-occupied housing units: - $50,000 to $74,999: - Less than 20 percent","Estimate; Renter-occupied housing units: - $50,000 to $74,999: - 20 to 29 percent","Margin of Error; Renter-occupied housing units: - $50,000 to $74,999: - 20 to 29 percent","Estimate; Renter-occupied housing units: - $50,000 to $74,999: - 30 percent or more","Margin of Error; Renter-occupied housing units: - $50,000 to $74,999: - 30 percent or more","Estimate; Renter-occupied housing units: - $75,000 or more:","Margin of Error; Renter-occupied housing units: - $75,000 or more:","Estimate; Renter-occupied housing units: - $75,000 or more: - Less than 20 percent","Margin of Error; Renter-occupied housing units: - $75,000 or more: - Less than 20 percent","Estimate; Renter-occupied housing units: - $75,000 or more: - 20 to 29 percent","Margin of Error; Renter-occupied housing units: - $75,000 or more: - 20 to 29 percent","Estimate; Renter-occupied housing units: - $75,000 or more: - 30 percent or more","Margin of Error; Renter-occupied housing units: - $75,000 or more: - 30 percent or more",Estimate; Renter-occupied housing units: - Zero or negative income,Margin of Error; Renter-occupied housing units: - Zero or negative income,Estimate; Renter-occupied housing units: - No cash rent,Margin of Error; Renter-occupied housing units: - No cash rent
1400000US21111000200,21111000200,"Census Tract 2, Jefferson County, Kentucky",840,120,261,89,57,42,6,10,20,27,31,33,83,57,38,38,29,37,16,19,32,27,17,19,11,16,4,10,57,40,57,40,0,11,0,11,32,21,32,21,0,11,0,11,0,11,579,110,278,83,0,11,0,11,278,83,118,80,51,55,19,22,48,44,87,72,34,49,53,57,0,11,82,65,75,64,7,11,0,11,0,11,0,11,0,11,0,11,0,11,14,17
1400000US21111000300,21111000300,"Census Tract 3, Jefferson County, Kentucky",964,85,396,90,125,62,11,18,11,18,103,59,130,58,76,52,27,25,27,24,62,43,24,25,25,27,13,23,31,25,31,25,0,11,0,11,44,28,44,28,0,11,0,11,4,8,568,128,233,94,0,11,20,31,213,92,147,85,0,11,43,47,104,62,102,69,22,32,71,64,9,14,10,15,10,15,0,11,0,11,15,21,15,21,0,11,0,11,11,17,50,41
1400000US21111000400,21111000400,"Census Tract 4, Jefferson County, Kentucky",1804,116,1063,118,201,75,24,22,8,12,169,68,168,59,28,24,48,34,92,45,246,86,172,79,56,43,18,20,243,78,148,68,41,29,54,44,194,75,183,76,11,16,0,11,11,14,741,122,358,109,8,12,70,46,280,103,162,81,8,12,47,47,107,64,76,47,6,10,26,22,44,39,62,52,16,21,46,48,0,11,27,31,9,15,18,27,0,11,23,37,33,30
1400000US21111000600,21111000600,"Census Tract 6, Jefferson County, Kentucky",679,68,193,45,27,23,0,11,4,8,23,21,55,27,36,20,0,11,19,19,43,27,21,19,22,23,0,11,36,30,30,28,6,10,0,11,32,21,32,21,0,11,0,11,0,11,486,71,171,59,0,11,0,11,171,59,139,48,24,27,36,22,79,36,73,50,14,22,42,35,17,20,43,34,11,16,32,28,0,11,34,25,34,25,0,11,0,11,26,29,0,11
1400000US21111000700,21111000700,"Census Tract 7, Jefferson County, Kentucky",1107,107,516,113,188,72,19,28,19,20,150,70,66,42,21,23,19,22,26,25,77,59,26,42,26,28,25,33,88,47,65,42,23,29,0,11,97,70,97,70,0,11,0,11,0,11,591,119,294,87,0,11,43,51,251,84,69,53,0,11,0,11,69,53,68,55,0,11,58,55,10,15,60,45,60,45,0,11,0,11,0,11,0,11,0,11,0,11,56,42,44,57
1400000US21111000800,21111000800,"Census Tract 8, Jefferson County, Kentucky",762,68,478,74,110,54,4,6,13,12,93,53,106,47,22,16,27,16,57,44,57,30,29,28,6,9,22,14,71,36,31,18,28,29,12,12,134,52,128,51,6,9,0,11,0,11,284,72,84,54,0,11,0,11,84,54,57,44,0,11,52,44,5,9,78,42,17,17,30,26,31,36,55,46,50,45,5,9,0,11,4,7,4,7,0,11,0,11,0,11,6,9
1400000US21111000900,21111000900,"Census Tract 9, Jefferson County, Kentucky",797,83,390,69,84,40,0,11,11,12,73,40,107,54,48,36,22,26,37,33,87,52,54,42,5,7,28,32,45,24,38,23,7,10,0,11,67,42,67,42,0,11,0,11,0,11,407,88,227,82,57,49,35,27,135,69,61,39,18,29,6,8,37,29,13,14,7,10,6,9,0,11,17,15,12,13,5,8,0,11,36,33,30,32,0,11,6,9,13,13,40,41
1400000US21111001000,21111001000,"Census Tract 10, Jefferson County, Kentucky",937,100,419,104,90,44,9,14,18,28,63,44,111,63,37,34,26,25,48,42,102,57,78,54,18,22,6,9,50,34,44,33,6,11,0,11,66,51,66,51,0,11,0,11,0,11,518,106,174,82,50,39,0,11,124,67,124,86,7,20,54,64,63,55,66,61,0,11,36,41,30,43,43,42,34,40,9,14,0,11,70,57,70,57,0,11,0,11,30,46,11,17
1400000US21111001100,21111001100,"Census Tract 11, Jefferson County, Kentucky",1263,137,743,128,129,54,32,29,23,28,74,48,82,46,31,21,31,37,20,24,163,74,73,51,36,29,54,52,167,80,119,69,48,48,0,11,202,76,202,76,0,11,0,11,0,11,520,136,167,80,0,11,24,38,143,75,40,33,0,11,15,17,25,30,119,72,5,8,106,71,8,13,99,79,99,79,0,11,0,11,34,47,34,47,0,11,0,11,41,43,20,19
1400000US21111001200,21111001200,"Census Tract 12, Jefferson County, Kentucky",1209,100,591,116,130,78,0,11,0,11,130,78,130,58,63,37,23,23,44,44,106,61,70,52,6,10,30,28,133,56,85,47,41,34,7,11,92,54,92,54,0,11,0,11,0,11,618,110,213,84,9,14,0,11,204,84,174,82,28,45,0,11,146,74,140,83,36,32,11,15,93,78,44,44,35,42,9,14,0,11,0,11,0,11,0,11,0,11,31,49,16,20
1400000US21111001400,21111001400,"Census Tract 14, Jefferson County, Kentucky",1077,79,333,93,22,27,0,11,0,11,22,27,38,26,0,11,5,8,33,25,24,20,0,11,18,18,6,10,88,75,19,22,69,73,0,11,156,82,142,81,14,15,0,11,5,8,744,122,270,96,18,14,44,35,208,94,270,110,45,48,118,83,107,75,24,22,24,22,0,11,0,11,115,85,84,68,31,49,0,11,17,23,17,23,0,11,0,11,23,30,25,40
1400000US21111001500,21111001500,"Census Tract 15, Jefferson County, Kentucky",1183,141,490,107,61,37,11,19,11,18,39,34,121,72,82,63,25,24,14,20,106,67,77,58,18,26,11,17,179,81,133,72,46,46,0,11,23,26,23,26,0,11,0,11,0,11,693,140,414,127,23,23,52,52,339,119,130,96,23,35,0,11,107,92,46,59,24,42,0,11,22,34,31,47,31,47,0,11,0,11,22,25,22,25,0,11,0,11,11,17,39,58
1400000US21111001600,21111001600,"Census Tract 16, Jefferson County, Kentucky",928,96,480,94,114,54,0,11,40,37,74,40,88,45,6,10,30,31,52,33,56,35,38,31,12,16,6,9,65,41,52,37,13,16,0,11,142,62,133,59,9,15,0,11,15,23,448,100,184,71,0,11,0,11,184,71,136,56,0,11,37,34,99,51,39,30,0,11,39,30,0,11,34,29,5,9,29,27,0,11,32,38,32,38,0,11,0,11,0,11,23,27
1400000US21111001700,21111001700,"Census Tract 17, Jefferson County, Kentucky",813,82,383,80,122,55,17,16,25,24,80,45,136,53,36,21,24,19,76,51,34,26,17,20,17,17,0,11,42,28,15,17,16,15,11,17,49,35,49,35,0,11,0,11,0,11,430,84,219,76,13,21,24,21,182,71,86,51,0,11,4,6,82,51,52,33,12,21,29,22,11,18,52,36,25,33,27,29,0,11,9,12,9,12,0,11,0,11,12,21,0,11
1400000US21111001800,21111001800,"Census Tract 18, Jefferson County, Kentucky",563,67,162,48,26,22,0,11,4,6,22,22,28,19,5,7,3,6,20,18,70,39,37,21,33,36,0,11,24,17,20,16,4,6,0,11,14,20,14,20,0,11,0,11,0,11,401,65,193,50,0,11,27,29,166,49,85,47,40,34,11,17,34,32,24,18,0,11,20,17,4,6,22,21,6,9,12,18,4,8,29,34,29,34,0,11,0,11,25,24,23,28
1400000US21111002100,21111002100,"Census Tract 21, Jefferson County, Kentucky",857,79,256,51,73,40,6,11,26,27,41,31,62,26,27,19,28,18,7,9,24,16,10,11,10,12,4,6,56,27,56,27,0,11,0,11,34,23,34,23,0,11,0,11,7,12,601,76,285,68,0,11,31,27,254,69,125,49,0,11,25,20,100,47,91,51,31,34,43,33,17,24,52,37,38,31,0,11,14,20,22,23,22,23,0,11,0,11,4,6,22,23
1400000US21111002300,21111002300,"Census Tract 23, Jefferson County, Kentucky",885,75,294,53,89,39,11,12,32,18,46,28,79,34,27,23,30,23,22,17,65,34,45,28,20,25,0,11,25,24,19,22,6,9,0,11,36,25,14,10,22,24,0,11,0,11,591,80,264,69,0,11,15,19,249,69,105,50,0,11,28,29,77,42,94,49,27,26,58,39,9,16,40,37,40,37,0,11,0,11,37,35,37,35,0,11,0,11,36,32,15,17
1400000US21111002400,21111002400,"Census Tract 24, Jefferson County, Kentucky",2152,191,434,159,124,90,0,16,0,16,124,90,67,61,0,16,53,58,14,23,59,49,29,34,30,34,0,16,100,77,85,69,15,25,0,16,84,77,69,71,15,24,0,16,0,16,1718,241,820,217,75,84,123,119,622,201,373,188,55,63,42,49,276,166,128,95,13,23,75,79,40,64,274,140,261,143,13,22,0,16,0,16,0,16,0,16,0,16,111,83,12,22
1400000US21111002700,21111002700,"Census Tract 27, Jefferson County, Kentucky",1018,129,183,57,58,35,0,11,35,28,23,20,54,32,34,26,15,19,5,8,57,53,30,27,27,44,0,11,10,15,6,11,4,8,0,11,4,8,4,8,0,11,0,11,0,11,835,136,456,119,0,11,11,14,445,120,85,59,18,16,51,51,16,18,86,71,86,71,0,11,0,11,48,39,42,41,6,11,0,11,33,30,33,30,0,11,0,11,89,68,38,48
1400000US21111002800,21111002800,"Census Tract 28, Jefferson County, Kentucky",716,58,290,54,73,35,3,5,0,11,70,35,62,33,3,5,45,33,14,9,60,28,22,17,25,20,13,14,47,31,43,30,4,6,0,11,48,29,48,29,0,11,0,11,0,11,426,67,169,45,0,11,12,13,157,44,112,42,5,7,37,30,70,37,29,21,17,17,8,11,4,7,57,31,40,27,17,19,0,11,31,27,31,27,0,11,0,11,8,11,20,23
1400000US21111003000,21111003000,"Census Tract 30, Jefferson County, Kentucky",1382,95,0,11,0,11,0,11,0,11,0,11,0,11,0,11,0,11,0,11,0,11,0,11,0,11,0,11,0,11,0,11,0,11,0,11,0,11,0,11,0,11,0,11,0,11,1382,95,1026,130,200,93,335,114,491,139,97,47,53,43,22,34,22,25,35,46,35,46,0,11,0,11,0,11,0,11,0,11,0,11,23,31,23,31,0,11,0,11,75,42,126,83
1400000US21111003500,21111003500,"Census Tract 35, Jefferson County, Kentucky",1169,75,118,52,24,18,0,16,7,10,17,15,10,11,5,8,5,7,0,16,8,10,4,7,4,7,0,16,27,21,18,16,9,14,0,16,49,47,49,47,0,16,0,16,0,16,1051,82,456,92,60,44,91,38,305,81,199,52,47,35,15,12,137,48,198,98,23,21,62,45,113,89,43,32,32,27,11,17,0,16,30,29,23,26,7,12,0,16,89,42,36,33
1400000US21111003600,21111003600,"Census Tract 36, Jefferson County, Kentucky",1979,147,799,156,129,80,0,16,44,41,85,65,208,91,85,62,94,70,29,33,176,88,44,48,86,60,46,52,203,87,153,80,50,41,0,16,83,51,83,51,0,16,0,16,0,16,1180,203,317,174,0,16,51,79,266,155,354,161,0,16,102,94,252,138,192,127,123,115,24,26,45,51,152,98,77,75,60,60,15,23,47,75,47,75,0,16,0,16,68,78,50,57
1400000US21111003700,21111003700,"Census Tract 37, Jefferson County, Kentucky",713,72,209,47,50,30,10,9,0,11,40,29,49,30,10,10,19,19,20,18,28,17,11,17,6,9,11,12,49,24,33,20,16,13,0,11,33,21,33,21,0,11,0,11,0,11,504,66,175,49,0,11,24,22,151,44,136,45,16,13,34,26,86,41,49,29,10,15,27,24,12,15,83,37,45,30,21,23,17,19,29,24,29,24,0,11,0,11,13,20,19,19
1400000US21111003800,21111003800,"Census Tract 38, Jefferson County, Kentucky",1317,111,514,125,130,59,13,11,52,53,65,57,130,63,6,10,60,37,64,51,64,43,15,15,34,34,15,18,84,49,66,45,18,21,0,11,89,60,81,58,8,13,0,11,17,21,803,150,159,96,0,11,0,11,159,96,229,94,0,11,37,37,192,88,228,98,16,19,122,69,90,74,55,53,30,47,25,25,0,11,104,85,104,85,0,11,0,11,10,17,18,20
1400000US21111003900,21111003900,"Census Tract 39, Jefferson County, Kentucky",1263,118,716,96,88,55,45,51,17,22,26,20,157,65,39,30,22,28,96,50,120,48,26,27,65,42,29,33,232,98,139,72,82,71,11,17,113,58,113,58,0,11,0,11,6,10,547,118,60,52,0,11,0,11,60,52,196,83,0,11,50,56,146,55,76,48,24,36,16,17,36,32,108,68,74,56,34,38,0,11,46,49,38,46,8,14,0,11,34,33,27,25
1400000US21111004000,21111004000,"Census Tract 40, Jefferson County, Kentucky",664,75,290,49,30,19,0,11,5,7,25,19,62,31,17,15,15,14,30,23,44,23,13,10,23,19,8,9,91,38,70,34,21,15,0,11,58,34,51,32,7,9,0,11,5,7,374,83,119,59,22,22,0,11,97,56,105,52,33,28,38,36,34,22,49,36,0,11,37,30,12,15,63,40,48,36,15,18,0,11,19,24,19,24,0,11,0,11,10,15,9,10
1400000US21111004100,21111004100,"Census Tract 41, Jefferson County, Kentucky",1171,116,337,87,31,25,8,13,0,11,23,23,87,44,20,23,24,26,43,29,69,46,23,26,32,25,14,23,40,33,26,27,14,20,0,11,110,61,102,60,8,16,0,11,0,11,834,140,265,103,0,11,0,11,265,103,183,99,15,23,88,78,80,64,87,53,39,34,42,55,6,13,208,113,153,97,46,53,9,17,28,32,19,29,9,14,0,11,37,47,26,31
1400000US21111004301,21111004301,"Census Tract 43.01, Jefferson County, Kentucky",1816,106,297,97,69,48,0,11,0,11,69,48,47,42,41,41,6,9,0,11,29,20,23,20,0,11,6,10,124,64,106,62,18,28,0,11,28,27,28,27,0,11,0,11,0,11,1519,129,860,156,69,72,72,43,719,146,240,93,50,48,114,57,76,55,188,92,69,66,94,67,25,32,156,78,156,78,0,11,0,11,46,49,46,49,0,11,0,11,15,25,14,22
1400000US21111004302,21111004302,"Census Tract 43.02, Jefferson County, Kentucky",494,55,147,41,15,14,0,11,0,11,15,14,16,17,6,9,0,11,10,15,38,24,19,16,9,12,10,14,64,34,64,34,0,11,0,11,14,15,14,15,0,11,0,11,0,11,347,61,168,52,0,11,0,11,168,52,74,37,0,11,26,27,48,28,47,33,6,9,38,31,3,5,26,20,7,10,19,19,0,11,28,23,28,23,0,11,0,11,4,6,0,11
1400000US21111004400,21111004400,"Census Tract 44, Jefferson County, Kentucky",1804,131,1084,93,211,90,0,11,59,34,152,85,160,65,65,43,35,27,60,40,201,71,111,55,73,47,17,19,202,57,142,54,60,36,0,11,310,73,273,68,37,29,0,11,0,11,720,132,267,97,0,11,25,40,242,90,183,82,0,11,98,68,85,49,174,101,53,50,31,42,90,73,64,34,48,31,16,19,0,11,25,38,25,38,0,11,0,11,0,11,7,11
1400000US21111004500,21111004500,"Census Tract 45, Jefferson County, Kentucky",1154,131,581,124,126,78,51,52,0,11,75,68,51,42,41,39,10,17,0,11,97,61,30,28,45,45,22,17,114,57,100,50,14,23,0,11,193,67,185,64,8,14,0,11,0,11,573,128,177,95,0,11,0,11,177,95,192,107,0,11,81,72,111,85,57,37,0,11,22,21,35,37,26,31,26,31,0,11,0,11,40,37,40,37,0,11,0,11,45,62,36,34
1400000US21111004600,21111004600,"Census Tract 46, Jefferson County, Kentucky",1550,98,983,121,124,68,0,11,29,25,95,65,222,77,98,60,47,35,77,39,140,73,40,25,91,67,9,15,141,57,109,55,32,28,0,11,338,78,273,80,56,30,9,14,18,20,567,121,122,71,9,14,0,11,113,69,123,79,0,11,58,58,65,56,109,77,84,73,25,26,0,11,71,50,71,50,0,11,0,11,107,58,107,58,0,11,0,11,0,11,35,34
1400000US21111004900,21111004900,"Census Tract 49, Jefferson County, Kentucky",1541,142,129,53,9,14,0,11,0,11,9,14,11,16,0,11,0,11,11,16,0,11,0,11,0,11,0,11,38,25,19,17,19,20,0,11,71,41,71,41,0,11,0,11,0,11,1412,134,740,138,40,40,199,75,501,127,253,83,101,61,49,42,103,65,119,69,29,32,56,51,34,34,67,37,32,28,35,30,0,11,144,60,130,56,0,11,14,23,46,35,43,32
1400000US21111005000,21111005000,"Census Tract 50, Jefferson County, Kentucky",1090,78,87,38,30,25,5,8,0,11,25,24,12,11,7,8,0,11,5,7,14,23,14,23,0,11,0,11,26,19,22,16,0,11,4,7,5,7,5,7,0,11,0,11,0,11,1003,84,486,88,15,23,129,56,342,81,213,72,34,32,54,51,125,50,108,56,21,27,68,41,19,18,55,35,32,27,23,24,0,11,63,40,63,40,0,11,0,11,33,32,45,41
1400000US21111005100,21111005100,"Census Tract 51, Jefferson County, Kentucky",2156,160,260,90,25,29,0,11,0,11,25,29,0,11,0,11,0,11,0,11,26,29,14,22,0,11,12,19,81,76,14,23,40,65,27,32,128,53,105,45,11,19,12,19,0,11,1896,175,1290,194,105,83,369,149,816,186,385,133,102,64,189,115,94,87,114,62,71,51,15,23,28,31,0,11,0,11,0,11,0,11,75,77,75,77,0,11,0,11,15,24,17,26
1400000US21111005200,21111005200,"Census Tract 52, Jefferson County, Kentucky",2027,116,349,93,28,27,0,11,8,13,20,24,52,48,14,22,5,14,33,37,0,11,0,11,0,11,0,11,45,37,29,32,0,11,16,18,224,71,175,77,29,36,20,32,0,11,1678,135,839,173,0,11,0,11,839,173,412,162,24,37,129,94,259,150,165,97,90,73,41,37,34,54,103,63,90,61,0,11,13,20,58,60,58,60,0,11,0,11,101,94,0,11
1400000US21111005300,21111005300,"Census Tract 53, Jefferson County, Kentucky",821,90,44,24,12,13,0,11,0,11,12,13,12,13,6,9,0,11,6,9,6,10,0,11,6,10,0,11,0,11,0,11,0,11,0,11,14,15,14,15,0,11,0,11,0,11,777,91,305,88,11,21,10,18,284,87,163,68,0,11,18,18,145,67,158,71,72,49,73,50,13,14,30,22,13,14,11,14,6,9,53,35,53,35,0,11,0,11,30,36,38,43
1400000US21111005600,21111005600,"Census Tract 56, Jefferson County, Kentucky",1417,158,292,67,23,21,0,11,7,11,16,18,65,40,21,19,3,8,41,36,48,38,25,21,23,34,0,11,70,39,57,35,13,18,0,11,86,38,75,36,11,20,0,11,0,11,1125,150,287,83,37,43,14,12,236,74,330,95,9,14,158,73,163,74,232,105,148,86,44,48,40,51,149,78,146,78,3,6,0,11,89,73,89,73,0,11,0,11,0,11,38,38
1400000US21111005900,21111005900,"Census Tract 59, Jefferson County, Kentucky",2523,191,225,94,0,11,0,11,0,11,0,11,41,43,10,20,0,11,31,37,45,36,16,16,15,24,14,22,33,35,33,35,0,11,0,11,106,63,90,61,0,11,16,25,0,11,2298,202,1168,223,247,121,474,151,447,177,398,170,43,51,65,75,290,143,316,156,113,90,192,119,11,16,72,54,53,47,19,29,0,11,89,58,41,38,32,38,16,26,225,133,30,34
1400000US21111006200,21111006200,"Census Tract 62, Jefferson County, Kentucky",680,79,216,58,38,22,0,11,8,11,30,20,51,33,29,25,0,11,22,18,11,14,3,6,0,11,8,13,71,42,60,42,11,17,0,11,45,29,45,29,0,11,0,11,0,11,464,85,158,64,20,29,0,11,138,60,99,51,0,11,4,6,95,50,76,41,26,23,50,36,0,11,57,41,51,40,6,11,0,11,39,43,39,43,0,11,0,11,22,25,13,20
1400000US21111006300,21111006300,"Census Tract 63, Jefferson County, Kentucky",810,70,492,67,103,37,0,11,5,8,98,38,56,29,14,13,11,11,31,22,67,27,16,15,20,15,31,19,98,45,67,38,25,14,6,8,164,57,143,49,21,28,0,11,4,6,318,69,49,38,0,11,0,11,49,38,118,51,0,11,26,27,92,44,79,39,26,26,36,24,17,18,36,30,11,13,25,28,0,11,9,9,9,9,0,11,0,11,7,10,20,24
1400000US21111006400,21111006400,"Census Tract 64, Jefferson County, Kentucky",951,65,408,59,30,20,6,9,0,11,24,19,70,38,9,9,26,22,35,29,33,22,4,7,5,7,24,20,82,41,31,20,47,38,4,7,193,49,154,38,39,28,0,11,0,11,543,77,87,46,0,11,0,11,87,46,145,58,5,7,30,28,110,52,100,48,25,26,42,28,33,38,69,38,33,25,36,28,0,11,128,49,91,44,37,39,0,11,4,7,10,10
1400000US21111006500,21111006500,"Census Tract 65, Jefferson County, Kentucky",1196,109,277,70,101,56,0,11,41,41,60,49,44,34,9,13,20,25,15,17,42,43,34,42,8,13,0,11,45,41,14,16,31,39,0,11,45,35,45,35,0,11,0,11,0,11,919,111,392,95,58,48,31,40,303,94,272,96,50,48,59,53,163,77,58,48,10,14,17,27,31,35,146,81,87,69,39,31,20,32,16,19,16,19,0,11,0,11,28,27,7,15
1400000US21111006600,21111006600,"Census Tract 66, Jefferson County, Kentucky",944,99,280,71,25,27,0,11,0,11,25,27,38,39,16,27,0,11,22,27,45,32,23,24,15,15,7,11,68,47,44,38,24,32,0,11,104,51,95,50,9,12,0,11,0,11,664,95,254,99,0,11,0,11,254,99,133,58,19,25,63,38,51,37,114,66,79,60,24,20,11,16,35,35,19,24,16,24,0,11,79,47,59,40,0,11,20,29,34,29,15,20
1400000US21111006800,21111006800,"Census Tract 68, Jefferson County, Kentucky",963,87,603,94,78,43,11,17,10,16,57,38,114,68,34,36,64,54,16,18,67,39,18,17,33,30,16,17,102,47,58,34,44,32,0,11,231,58,203,57,28,24,0,11,11,18,360,93,92,59,0,11,0,11,92,59,75,45,0,11,22,29,53,35,61,60,0,11,34,44,27,43,28,24,0,11,28,24,0,11,68,57,43,43,25,38,0,11,28,25,8,14
1400000US21111006900,21111006900,"Census Tract 69, Jefferson County, Kentucky",1049,72,629,84,16,17,0,11,0,11,16,17,122,46,33,28,29,27,60,36,117,59,34,26,60,50,23,22,146,52,51,42,95,50,0,11,220,65,213,65,7,12,0,11,8,12,420,91,80,61,0,11,0,11,80,61,41,33,0,11,19,21,22,21,93,56,0,11,71,53,22,32,131,71,116,70,15,16,0,11,75,46,75,46,0,11,0,11,0,11,0,11
1400000US21111007000,21111007000,"Census Tract 70, Jefferson County, Kentucky",946,41,756,72,82,41,5,8,9,10,68,39,91,30,38,20,26,17,27,19,74,36,15,12,37,31,22,15,189,59,60,25,73,41,56,40,314,65,284,65,29,28,1,3,6,8,190,62,35,21,0,11,0,11,35,21,30,18,0,11,3,6,27,17,41,31,17,14,8,12,16,25,56,43,9,12,47,37,0,11,14,15,14,15,0,11,0,11,0,11,14,15
1400000US21111007100,21111007100,"Census Tract 71, Jefferson County, Kentucky",2129,176,946,164,230,131,70,73,15,27,145,111,85,64,55,53,13,21,17,29,74,73,50,66,14,24,10,15,209,107,107,77,82,72,20,30,335,105,289,107,46,49,0,11,13,21,1183,204,360,138,17,28,35,41,308,134,300,134,55,61,115,83,130,85,280,128,34,41,216,119,30,36,106,102,106,102,0,11,0,11,56,56,56,56,0,11,0,11,68,71,13,20
1400000US21111007400,21111007400,"Census Tract 74, Jefferson County, Kentucky",1198,85,659,90,99,48,0,11,15,15,84,48,58,35,13,17,7,13,38,31,92,53,21,23,31,23,40,42,123,51,68,37,55,35,0,11,287,77,236,67,51,38,0,11,0,11,539,103,105,46,0,11,0,11,105,46,125,72,0,11,68,54,57,46,23,22,0,11,6,10,17,21,124,74,69,41,55,58,0,11,119,69,106,66,13,23,0,11,32,38,11,17
1400000US21111007501,21111007501,"Census Tract 75.01, Jefferson County, Kentucky",2067,115,2010,117,36,18,0,16,0,16,36,18,128,50,8,8,46,34,74,35,135,68,26,18,31,21,78,63,212,78,77,35,69,67,66,32,1490,93,1133,93,242,56,115,45,9,10,57,37,0,16,0,16,0,16,0,16,20,22,0,16,0,16,20,22,0,16,0,16,0,16,0,16,1,2,0,16,0,16,1,2,16,21,16,21,0,16,0,16,0,16,20,17
1400000US21111007502,21111007502,"Census Tract 75.02, Jefferson County, Kentucky",2196,130,2039,140,45,31,0,16,0,16,45,31,126,59,8,7,33,29,85,51,205,65,45,34,70,41,90,46,290,123,100,46,46,43,144,111,1351,155,1085,163,161,62,105,51,22,28,157,77,0,16,0,16,0,16,0,16,0,16,0,16,0,16,0,16,36,35,0,16,17,25,19,25,43,67,43,67,0,16,0,16,51,36,49,36,2,4,0,16,0,16,27,23
1400000US21111007601,21111007601,"Census Tract 76.01, Jefferson County, Kentucky",998,68,467,80,8,12,0,11,0,11,8,12,65,46,33,40,0,11,32,24,88,54,61,46,0,11,27,32,102,43,59,39,16,18,27,24,204,76,170,70,28,21,6,10,0,11,531,101,113,50,0,11,0,11,113,50,108,67,0,11,84,65,24,19,85,41,26,23,59,33,0,11,91,44,81,42,10,15,0,11,134,75,134,75,0,11,0,11,0,11,0,11
1400000US21111007602,21111007602,"Census Tract 76.02, Jefferson County, Kentucky",1982,111,619,107,51,45,0,11,0,11,51,45,153,68,9,14,53,40,91,59,109,50,41,32,46,29,22,24,143,57,54,40,81,42,8,12,153,59,144,57,9,14,0,11,10,15,1363,159,343,112,10,16,31,41,302,113,382,102,51,45,164,80,167,64,294,101,119,61,122,68,53,45,175,86,135,75,40,39,0,11,151,96,151,96,0,11,0,11,9,14,9,14
1400000US21111007603,21111007603,"Census Tract 76.03, Jefferson County, Kentucky",1335,67,483,78,34,22,0,11,0,11,34,22,23,20,0,11,7,10,16,17,86,49,29,24,52,38,5,7,165,60,100,37,65,48,0,11,175,54,146,57,29,22,0,11,0,11,852,87,107,55,0,11,0,11,107,55,198,67,0,11,16,17,182,68,120,56,0,11,70,41,50,41,238,74,144,63,94,44,0,11,180,80,180,80,0,11,0,11,0,11,9,13
1400000US21111007700,21111007700,"Census Tract 77, Jefferson County, Kentucky",1572,76,1001,108,104,54,0,11,12,18,92,50,174,76,22,29,57,48,95,57,99,48,21,21,59,42,19,22,61,35,25,26,11,16,25,24,553,94,442,86,91,51,20,18,10,14,571,103,181,86,0,11,0,11,181,86,120,80,0,11,54,69,66,48,89,57,0,11,71,50,18,28,92,61,63,51,11,18,18,27,70,49,50,41,20,23,0,11,0,11,19,20
1400000US21111007800,21111007800,"Census Tract 78, Jefferson County, Kentucky",1479,85,1014,103,49,33,0,11,9,14,40,31,61,38,17,20,8,13,36,28,61,29,31,23,23,19,7,12,205,72,129,59,68,39,8,13,638,97,497,96,133,67,8,13,0,11,465,109,95,66,0,11,0,11,95,66,63,40,0,11,18,20,45,38,149,73,35,36,66,58,48,40,32,21,8,13,16,20,8,11,118,59,110,62,8,15,0,11,0,11,8,12
1400000US21111007900,21111007900,"Census Tract 79, Jefferson County, Kentucky",966,35,539,73,90,33,0,11,0,11,90,33,60,26,5,8,15,14,40,20,69,34,25,17,10,11,34,28,64,28,21,17,32,23,11,8,256,55,185,49,43,23,28,29,0,11,427,67,54,27,0,11,6,9,48,28,81,38,0,11,25,17,56,35,49,28,22,24,21,16,6,9,135,48,85,46,50,29,0,11,97,47,92,46,5,7,0,11,0,11,11,11
1400000US21111008100,21111008100,"Census Tract 81, Jefferson County, Kentucky",1634,110,711,82,45,28,9,14,12,18,24,22,85,46,63,42,0,11,22,25,149,76,72,66,55,41,22,22,168,65,94,43,74,54,0,11,257,72,248,70,9,13,0,11,7,11,923,115,254,84,19,31,96,34,139,72,239,92,0,11,42,35,197,83,137,63,32,34,92,60,13,14,137,69,51,35,50,46,36,43,146,65,132,62,14,17,0,11,10,12,0,11
1400000US21111008200,21111008200,"Census Tract 82, Jefferson County, Kentucky",2255,153,835,123,73,49,0,11,0,11,73,49,15,26,0,11,0,11,15,26,49,36,0,11,28,34,21,23,98,63,73,56,15,24,10,17,600,117,504,113,60,41,36,34,0,11,1420,170,280,106,0,11,0,11,280,106,304,143,0,11,158,101,146,99,147,76,51,41,72,51,24,27,334,137,301,132,33,31,0,11,278,99,252,97,26,30,0,11,50,40,27,32
1400000US21111008300,21111008300,"Census Tract 83, Jefferson County, Kentucky",1279,93,709,94,45,30,0,11,6,10,39,26,20,21,20,21,0,11,0,11,37,28,26,24,11,16,0,11,161,53,95,34,54,37,12,18,446,97,372,88,65,41,9,15,0,11,570,122,39,31,0,11,9,15,30,27,127,69,0,11,70,50,57,53,129,61,46,36,28,27,55,47,122,62,98,58,17,19,7,11,72,57,72,57,0,11,0,11,0,11,81,69
1400000US21111008400,21111008400,"Census Tract 84, Jefferson County, Kentucky",1374,69,831,86,19,21,0,11,0,11,19,21,121,43,47,29,17,19,57,34,103,60,27,24,49,45,27,26,172,58,81,39,45,35,46,44,416,87,352,84,64,41,0,11,0,11,543,100,63,37,0,11,0,11,63,37,88,43,8,13,54,35,26,24,136,76,26,41,51,36,59,57,78,46,61,40,17,19,0,11,143,74,133,76,10,16,0,11,8,14,27,24
1400000US21111008500,21111008500,"Census Tract 85, Jefferson County, Kentucky",1095,54,506,66,31,26,0,11,0,11,31,26,34,26,6,11,6,11,22,20,24,22,14,16,0,11,10,14,56,34,9,14,17,19,30,25,361,67,303,62,50,32,8,13,0,11,589,69,124,65,0,11,0,11,124,65,105,51,0,11,20,22,85,46,127,60,71,47,38,33,18,19,126,50,72,38,54,33,0,11,97,52,91,51,0,11,6,10,10,15,0,11
1400000US21111008700,21111008700,"Census Tract 87, Jefferson County, Kentucky",1596,32,1409,59,68,60,0,11,0,11,68,60,148,51,32,28,62,40,54,38,121,52,21,24,46,32,54,32,140,55,80,43,8,13,52,41,932,94,705,104,161,60,66,36,0,11,187,51,21,28,0,11,0,11,21,28,11,18,0,11,0,11,11,18,74,67,11,17,23,30,40,62,39,38,27,35,0,11,12,17,32,41,32,41,0,11,0,11,10,15,0,11
1400000US21111008800,21111008800,"Census Tract 88, Jefferson County, Kentucky",1521,71,967,116,68,62,0,11,0,11,68,62,63,36,9,14,37,27,17,18,68,36,17,18,10,15,41,27,136,55,51,36,59,38,26,21,632,89,536,91,82,43,14,17,0,11,554,119,158,85,0,11,0,11,158,85,73,41,0,11,27,25,46,33,85,61,17,15,68,59,0,11,101,43,71,39,26,14,4,7,137,71,110,68,27,25,0,11,0,11,0,11
1400000US21111008900,21111008900,"Census Tract 89, Jefferson County, Kentucky",1633,84,1281,93,51,33,0,11,12,19,39,26,152,49,34,25,49,31,69,38,65,42,37,30,19,22,9,14,160,57,65,34,71,44,24,21,853,108,615,100,220,89,18,20,0,11,352,70,112,45,11,16,83,39,18,20,9,13,0,11,0,11,9,13,30,28,0,11,18,21,12,18,61,32,47,30,10,16,4,9,122,58,109,54,13,20,0,11,0,11,18,20
1400000US21111009000,21111009000,"Census Tract 90, Jefferson County, Kentucky",2547,209,1268,184,159,88,0,16,0,16,159,88,221,95,74,59,74,64,73,69,185,102,60,46,90,91,35,42,356,141,242,87,114,103,0,16,329,120,273,115,56,62,0,16,18,29,1279,225,571,207,0,16,0,16,571,207,220,114,0,16,0,16,220,114,219,130,35,42,166,125,18,28,158,103,90,91,68,62,0,16,29,34,29,34,0,16,0,16,0,16,82,103
1400000US21111009103,21111009103,"Census Tract 91.03, Jefferson County, Kentucky",579,43,319,49,30,21,8,11,0,11,22,19,73,34,36,28,0,11,37,28,65,31,39,25,11,12,15,14,47,25,32,23,10,10,5,7,98,34,98,34,0,11,0,11,6,9,260,59,129,55,0,11,11,18,118,52,57,41,0,11,40,36,17,21,26,19,6,12,13,14,7,10,35,38,9,14,26,33,0,11,12,19,12,19,0,11,0,11,0,11,1,5
1400000US21111009105,21111009105,"Census Tract 91.05, Jefferson County, Kentucky",1130,109,496,86,47,31,10,15,0,11,37,27,101,53,27,21,38,31,36,46,81,50,19,21,27,43,35,31,92,73,45,48,38,50,9,14,166,70,166,70,0,11,0,11,9,14,634,117,170,72,9,15,39,24,122,70,224,100,19,21,20,23,185,98,119,80,24,30,95,74,0,11,50,44,39,39,11,18,0,11,71,72,71,72,0,11,0,11,0,11,0,11
1400000US21111009106,21111009106,"Census Tract 91.06, Jefferson County, Kentucky",1899,74,1231,121,133,63,22,24,0,16,111,57,226,93,42,35,31,28,153,80,176,66,93,43,45,45,38,25,167,60,110,49,30,23,27,26,483,107,473,105,10,15,0,16,46,46,668,109,119,71,0,16,0,16,119,71,219,110,0,16,70,66,149,96,173,80,8,12,106,69,59,54,87,65,8,14,79,63,0,16,62,53,56,53,6,10,0,16,0,16,8,12
1400000US21111009300,21111009300,"Census Tract 93, Jefferson County, Kentucky",2209,102,1719,137,165,81,18,31,5,6,142,73,258,107,146,77,58,73,54,34,240,89,102,59,52,39,86,49,351,129,160,72,190,103,1,3,703,135,640,123,48,42,15,24,2,3,490,101,160,60,0,11,0,11,160,60,85,47,0,11,58,40,27,27,37,34,18,27,12,14,7,12,136,74,49,42,74,68,13,20,24,23,24,23,0,11,0,11,21,28,27,32
1400000US21111009400,21111009400,"Census Tract 94, Jefferson County, Kentucky",2829,93,2051,179,208,96,51,45,68,74,89,49,435,149,186,98,33,32,216,111,210,69,125,60,33,29,52,39,277,93,217,78,47,39,13,10,921,154,783,155,120,53,18,13,0,16,778,169,238,102,48,75,0,16,190,83,226,129,0,16,19,27,207,127,191,91,85,65,36,41,70,56,49,39,20,22,29,31,0,16,72,66,72,66,0,16,0,16,0,16,2,5
1400000US21111009600,21111009600,"Census Tract 96, Jefferson County, Kentucky",1985,115,1748,120,113,75,14,22,0,11,99,71,251,92,30,34,148,70,73,59,161,87,83,77,27,33,51,39,284,90,160,73,98,76,26,29,939,149,738,172,163,87,38,49,0,11,237,93,39,37,0,11,0,11,39,37,20,31,0,11,20,31,0,11,69,73,0,11,15,24,54,82,48,45,35,39,0,11,13,21,13,21,13,21,0,11,0,11,16,26,32,36
1400000US21111009700,21111009700,"Census Tract 97, Jefferson County, Kentucky",1214,77,888,104,78,52,0,11,6,7,72,50,103,61,22,20,11,17,70,57,76,33,45,26,18,15,13,14,151,44,105,42,36,23,10,9,480,100,360,80,120,64,0,11,0,11,326,92,8,11,0,11,0,11,8,11,50,32,10,13,8,11,32,26,88,66,0,11,65,59,23,21,92,59,55,59,11,17,26,23,49,33,37,27,12,18,0,11,9,15,30,23
1400000US21111009800,21111009800,"Census Tract 98, Jefferson County, Kentucky",1287,76,996,85,69,34,0,11,2,5,67,33,66,27,13,11,14,13,39,21,87,33,34,20,36,22,17,12,175,39,98,33,37,22,40,22,597,68,482,64,106,36,9,7,2,4,291,61,25,21,0,11,0,11,25,21,51,38,0,11,0,11,51,38,53,43,0,11,19,19,34,39,74,37,40,27,19,19,15,16,72,46,71,47,1,2,0,11,1,3,15,13
1400000US21111009900,21111009900,"Census Tract 99, Jefferson County, Kentucky",1376,73,1033,93,97,36,3,4,2,3,92,37,110,40,15,13,32,21,63,32,115,37,83,34,9,8,23,13,160,58,120,56,19,11,21,16,547,65,484,64,55,20,8,8,4,6,343,80,47,42,0,11,0,11,47,42,53,34,0,11,8,10,45,29,79,52,5,6,21,16,53,49,57,27,40,23,16,13,1,3,84,44,69,41,15,16,0,11,11,15,12,13
1400000US21111010001,21111010001,"Census Tract 100.01, Jefferson County, Kentucky",2089,91,1977,102,127,44,6,9,6,8,115,45,228,71,39,27,87,51,102,37,196,55,69,32,74,40,53,26,265,67,133,45,70,34,62,32,1142,125,948,118,178,82,16,11,19,13,112,38,0,11,0,11,0,11,0,11,4,6,0,11,0,11,4,6,5,8,0,11,0,11,5,8,43,31,0,11,16,20,27,26,49,26,18,13,31,21,0,11,0,11,11,9
1400000US21111010004,21111010004,"Census Tract 100.04, Jefferson County, Kentucky",2159,134,561,115,60,43,3,8,12,20,45,37,143,73,57,47,15,22,71,58,100,50,31,23,32,30,37,35,83,55,79,54,4,8,0,11,175,79,151,71,24,25,0,11,0,11,1598,141,274,144,0,11,0,11,274,144,215,84,0,11,53,40,162,86,332,118,40,41,198,93,94,54,459,160,356,159,103,86,0,11,291,112,291,112,0,11,0,11,12,20,15,18
1400000US21111010005,21111010005,"Census Tract 100.05, Jefferson County, Kentucky",1778,107,1374,108,64,35,1,4,0,11,63,35,136,61,40,32,0,11,96,59,199,60,56,33,59,35,84,35,375,98,160,56,185,79,30,28,599,85,539,86,51,25,9,13,1,2,404,85,66,46,0,11,0,11,66,46,93,58,11,17,22,26,60,46,76,51,9,11,12,18,55,46,62,47,14,19,39,37,9,13,85,42,74,39,11,17,0,11,2,5,20,20
1400000US21111010006,21111010006,"Census Tract 100.06, Jefferson County, Kentucky",1602,71,1154,69,83,31,4,6,16,11,63,26,143,40,17,8,44,24,82,34,184,44,96,31,40,16,48,27,291,53,154,37,102,33,35,19,449,57,394,55,53,21,2,3,4,4,448,72,81,58,0,11,0,11,81,58,95,57,0,11,22,20,73,55,113,58,3,4,65,47,45,39,49,25,20,16,21,17,8,9,79,40,73,39,6,6,0,11,0,11,31,20
1400000US21111010007,21111010007,"Census Tract 100.07, Jefferson County, Kentucky",1603,103,1465,109,56,29,0,11,1,3,55,29,129,50,15,11,43,25,71,39,145,35,66,26,7,7,72,34,215,44,118,32,69,30,28,17,919,99,683,90,194,50,42,17,1,2,138,55,0,11,0,11,0,11,0,11,4,7,0,11,0,11,4,7,34,33,9,12,15,22,10,12,15,22,0,11,14,22,1,2,33,17,15,10,17,13,1,2,1,2,51,38
1400000US21111010008,21111010008,"Census Tract 100.08, Jefferson County, Kentucky",1692,76,1083,76,60,23,0,11,7,6,53,22,94,25,19,12,38,22,37,16,121,28,63,27,20,14,38,15,186,31,101,26,52,22,33,13,622,58,508,53,93,28,21,10,0,11,609,61,112,42,2,3,0,11,110,41,113,38,0,11,12,12,101,37,94,28,3,4,45,24,46,20,161,62,116,59,32,20,13,9,115,40,91,33,14,14,10,13,5,5,9,7
1400000US21111010102,21111010102,"Census Tract 101.02, Jefferson County, Kentucky",1666,63,1617,68,73,34,0,11,11,15,62,32,81,32,32,22,14,11,35,26,144,46,41,27,43,25,60,33,299,74,141,42,98,50,60,32,1017,90,911,86,102,39,4,5,3,4,49,24,0,11,0,11,0,11,0,11,0,11,0,11,0,11,0,11,6,6,0,11,0,11,6,6,7,5,0,11,5,4,2,3,25,21,23,21,2,3,0,11,0,11,11,9
1400000US21111010103,21111010103,"Census Tract 101.03, Jefferson County, Kentucky",1989,141,867,128,59,45,11,16,0,11,48,47,126,70,20,23,10,15,96,64,127,58,27,26,59,42,41,32,160,63,67,36,71,41,22,25,395,95,321,95,74,45,0,11,0,11,1122,125,170,86,0,11,19,21,151,86,237,90,0,11,78,42,159,78,179,70,0,11,117,52,62,49,262,102,95,47,167,87,0,11,231,103,220,103,11,18,0,11,32,51,11,18
1400000US21111010104,21111010104,"Census Tract 101.04, Jefferson County, Kentucky",1575,80,690,83,25,19,7,10,0,11,18,17,78,39,20,20,31,27,27,27,76,41,24,22,19,21,33,27,150,66,98,57,49,37,3,4,361,72,296,69,63,36,2,3,0,11,885,86,148,67,0,11,0,11,148,67,109,56,0,11,9,12,100,55,276,108,26,29,187,95,63,40,140,73,48,53,85,56,7,10,155,69,133,69,11,16,11,12,19,31,38,41
1400000US21111010307,21111010307,"Census Tract 103.07, Jefferson County, Kentucky",2245,97,2186,104,17,20,0,16,8,14,9,14,77,51,0,16,9,14,68,49,146,68,39,36,30,29,77,58,194,75,43,33,88,52,63,43,1729,131,1273,148,392,125,64,45,23,21,59,33,7,12,0,16,0,16,7,12,0,16,0,16,0,16,0,16,0,16,0,16,0,16,0,16,0,16,0,16,0,16,0,16,33,29,15,22,18,21,0,16,0,16,19,20
1400000US21111010309,21111010309,"Census Tract 103.09, Jefferson County, Kentucky",1895,68,1525,98,63,33,11,16,0,11,52,28,61,30,22,19,18,17,21,17,136,46,68,32,21,19,47,26,156,47,92,37,20,16,44,28,1109,93,899,89,148,48,62,47,0,11,370,89,60,60,0,11,0,11,60,60,25,24,0,11,11,16,14,18,61,36,0,11,47,32,14,19,126,68,43,34,65,60,18,23,63,39,63,39,0,11,0,11,0,11,35,33
1400000US21111010311,21111010311,"Census Tract 103.11, Jefferson County, Kentucky",3163,123,2244,162,114,63,17,25,3,5,94,60,242,101,36,31,71,48,135,72,215,83,46,22,101,75,68,34,571,143,199,70,347,134,25,18,1099,121,919,128,157,63,23,25,3,4,919,154,145,99,0,16,0,16,145,99,50,40,0,16,0,16,50,40,135,106,0,16,26,27,109,104,221,84,31,34,148,71,42,36,355,115,321,115,34,33,0,16,10,15,3,5
1400000US21111010312,21111010312,"Census Tract 103.12, Jefferson County, Kentucky",1425,89,1340,103,49,51,0,11,0,11,49,51,132,62,0,11,28,25,104,63,94,58,51,44,20,24,23,25,159,66,62,42,19,22,78,52,895,106,717,110,86,49,92,49,11,18,85,59,0,11,0,11,0,11,0,11,32,48,0,11,0,11,32,48,27,27,9,14,12,19,6,12,0,11,0,11,0,11,0,11,26,28,26,28,0,11,0,11,0,11,0,11
1400000US21111010313,21111010313,"Census Tract 103.13, Jefferson County, Kentucky",1885,131,1653,124,72,47,0,11,20,23,52,42,51,38,0,11,16,25,35,28,107,82,0,11,35,60,72,53,173,86,75,53,56,41,42,38,1250,120,944,130,197,77,109,51,0,11,232,87,10,16,0,11,0,11,10,16,8,13,0,11,0,11,8,13,10,16,0,11,0,11,10,16,45,39,0,11,16,25,29,31,131,80,131,80,0,11,0,11,0,11,28,32
1400000US21111010314,21111010314,"Census Tract 103.14, Jefferson County, Kentucky",2178,86,1868,116,16,26,0,16,0,16,16,26,0,16,0,16,0,16,0,16,112,86,16,24,0,16,96,78,209,104,128,83,46,43,35,41,1531,123,1191,143,246,106,94,76,0,16,310,118,91,76,0,16,0,16,91,76,55,68,0,16,0,16,55,68,57,68,0,16,14,24,43,65,49,53,13,21,36,49,0,16,58,51,44,46,14,21,0,16,0,16,0,16
1400000US21111010315,21111010315,"Census Tract 103.15, Jefferson County, Kentucky",1403,65,793,71,47,28,0,11,7,12,40,28,14,15,0,11,6,9,8,12,14,16,0,11,7,12,7,11,69,46,52,43,0,11,17,19,640,81,480,80,109,51,51,40,9,14,610,93,98,63,0,11,0,11,98,63,52,44,0,11,0,11,52,44,56,35,0,11,6,10,50,34,63,37,10,14,53,35,0,11,322,93,268,82,47,43,7,12,12,18,7,11
1400000US21111010316,21111010316,"Census Tract 103.16, Jefferson County, Kentucky",1701,68,1518,83,56,35,0,11,0,11,56,35,39,27,18,21,11,17,10,16,21,23,0,11,12,18,9,15,122,47,35,28,36,29,51,33,1260,94,1072,109,156,62,32,26,20,21,183,67,96,50,0,11,0,11,96,50,22,33,0,11,0,11,22,33,0,11,0,11,0,11,0,11,23,34,23,34,0,11,0,11,34,25,34,25,0,11,0,11,0,11,8,13
1400000US21111010317,21111010317,"Census Tract 103.17, Jefferson County, Kentucky",1696,41,1616,57,33,31,0,11,0,11,33,31,63,28,4,5,20,17,39,21,70,45,12,8,21,21,37,34,234,63,73,32,41,29,120,44,1203,84,971,82,169,53,63,32,13,14,80,45,0,11,0,11,0,11,0,11,0,11,0,11,0,11,0,11,0,11,0,11,0,11,0,11,0,11,0,11,0,11,0,11,56,40,6,9,42,39,8,11,0,11,24,21
1400000US21111010318,21111010318,"Census Tract 103.18, Jefferson County, Kentucky",2519,149,1383,97,58,32,0,16,6,9,52,31,80,34,7,5,28,22,45,26,120,36,37,24,26,21,57,30,223,69,126,46,69,39,28,21,895,100,733,100,129,44,33,25,7,8,1136,144,226,114,0,16,17,24,209,113,105,50,0,16,0,16,105,50,134,80,0,16,33,27,101,78,326,120,64,55,178,90,84,73,293,104,209,65,84,78,0,16,43,55,9,13
1400000US21111010319,21111010319,"Census Tract 103.19, Jefferson County, Kentucky",1873,99,1390,102,69,38,10,16,9,14,50,32,167,61,48,36,51,29,68,42,200,66,92,48,62,36,46,38,267,85,93,48,99,58,75,57,687,98,530,78,157,67,0,11,0,11,483,93,65,49,0,11,0,11,65,49,55,41,0,11,13,22,42,34,110,61,16,21,27,25,67,48,113,53,72,47,41,30,0,11,131,66,112,70,19,24,0,11,9,15,0,11
1400000US21111010320,21111010320,"Census Tract 103.20, Jefferson County, Kentucky",1400,109,797,80,44,41,0,11,0,11,44,41,47,27,4,6,8,13,35,27,82,37,35,21,19,19,28,25,105,38,26,20,38,23,41,23,519,79,364,66,147,65,8,13,0,11,603,122,84,66,0,11,0,11,84,66,52,50,0,11,8,12,44,49,127,77,39,56,16,19,72,52,213,113,50,43,163,108,0,11,118,66,109,65,9,11,0,11,9,14,0,11
1400000US21111010402,21111010402,"Census Tract 104.02, Jefferson County, Kentucky",2879,224,2144,242,39,27,0,16,0,16,39,27,292,133,56,42,86,95,150,86,290,108,109,54,46,41,135,87,405,101,239,85,128,63,38,34,1118,175,959,165,147,90,12,20,0,16,735,145,124,93,41,65,0,16,83,70,66,54,0,16,0,16,66,54,158,61,12,19,35,36,111,52,250,122,68,73,113,69,69,67,108,76,108,76,0,16,0,16,13,20,16,25
1400000US21111010403,21111010403,"Census Tract 104.03, Jefferson County, Kentucky",1665,67,1359,97,126,50,0,11,20,21,106,49,117,51,10,15,62,35,45,29,177,71,58,31,32,25,87,54,190,51,98,45,14,15,78,32,735,87,585,80,122,40,28,16,14,15,306,86,23,21,0,11,0,11,23,21,28,27,0,11,0,11,28,27,35,44,0,11,3,5,32,44,112,62,28,41,75,49,9,8,85,46,74,43,0,11,11,17,10,14,13,15
1400000US21111010405,21111010405,"Census Tract 104.05, Jefferson County, Kentucky",2075,128,1276,155,89,70,0,11,0,11,89,70,211,106,31,30,52,46,128,101,147,63,31,27,36,34,80,46,212,80,132,64,61,45,19,25,617,128,518,134,79,55,20,28,0,11,799,143,50,40,0,11,0,11,50,40,137,92,3,6,0,11,134,92,121,82,0,11,34,37,87,72,279,111,114,78,134,83,31,34,176,96,92,81,54,62,30,35,12,20,24,28
1400000US21111010406,21111010406,"Census Tract 104.06, Jefferson County, Kentucky",2330,145,1646,126,55,42,0,16,14,23,41,35,163,74,27,33,73,49,63,45,133,61,62,47,36,37,35,37,260,80,148,71,30,31,82,48,1032,117,925,128,74,43,33,26,3,5,684,147,318,147,0,16,162,116,156,107,19,25,0,16,0,16,19,25,173,126,15,23,128,121,30,36,71,61,42,47,0,16,29,37,103,68,88,65,15,23,0,16,0,16,0,16
1400000US21111010500,21111010500,"Census Tract 105, Jefferson County, Kentucky",1726,83,1066,105,42,31,0,11,19,20,23,21,92,50,34,31,24,23,34,29,145,65,79,51,26,25,40,36,166,57,117,48,8,13,41,26,621,104,501,96,120,48,0,11,0,11,660,98,211,73,26,25,67,39,118,77,112,63,0,11,19,22,93,61,85,49,26,24,51,40,8,12,98,64,18,19,63,60,17,19,124,51,115,49,9,14,0,11,12,17,18,21
1400000US21111010601,21111010601,"Census Tract 106.01, Jefferson County, Kentucky",1576,96,865,96,55,34,11,17,0,11,44,30,75,45,22,20,11,17,42,39,136,61,79,42,21,20,36,44,148,51,67,37,46,34,35,22,443,76,371,74,65,37,7,8,8,11,711,96,169,80,0,11,0,11,169,80,100,53,37,45,16,18,47,27,106,46,40,32,31,25,35,23,87,50,25,23,50,42,12,17,232,85,190,78,42,37,0,11,0,11,17,18
1400000US21111010602,21111010602,"Census Tract 106.02, Jefferson County, Kentucky",1882,131,411,66,14,17,6,10,0,11,8,14,28,25,10,15,0,11,18,21,46,35,19,22,0,11,27,25,99,51,53,40,27,23,19,24,224,61,199,57,25,24,0,11,0,11,1471,129,153,83,0,11,0,11,153,83,333,114,0,11,58,58,275,99,293,112,20,33,198,92,75,47,294,102,166,70,123,67,5,14,381,91,344,89,37,28,0,11,0,11,17,18
1400000US21111010701,21111010701,"Census Tract 107.01, Jefferson County, Kentucky",2272,170,1372,97,29,33,0,16,0,16,29,33,35,34,0,16,0,16,35,34,165,68,66,50,12,19,87,52,179,74,119,59,18,29,42,35,964,125,780,137,149,93,35,40,0,16,900,157,228,115,57,62,42,40,129,85,95,61,30,32,6,11,59,45,43,34,0,16,15,24,28,23,247,101,68,67,143,109,36,39,257,109,257,109,0,16,0,16,30,34,0,16
1400000US21111010702,21111010702,"Census Tract 107.02, Jefferson County, Kentucky",2461,107,1324,107,45,27,5,7,0,16,40,26,102,44,19,13,42,26,41,31,151,51,65,29,3,5,83,44,305,73,147,54,71,40,87,43,721,100,591,95,130,69,0,16,0,16,1137,130,96,61,0,16,0,16,96,61,251,102,55,84,0,16,196,72,117,60,5,7,82,44,30,28,325,82,199,61,117,54,9,9,317,104,317,104,0,16,0,16,13,14,18,19
1400000US21111010705,21111010705,"Census Tract 107.05, Jefferson County, Kentucky",2887,129,1744,124,79,46,0,16,14,18,65,43,90,47,33,28,16,14,41,39,192,72,83,53,83,43,26,20,343,105,140,65,175,80,28,32,1040,160,845,164,178,83,17,26,0,16,1143,150,66,82,0,16,0,16,66,82,59,51,0,16,0,16,59,51,177,110,0,16,125,97,52,56,294,142,162,119,132,74,0,16,446,151,426,150,20,32,0,16,45,71,56,76
1400000US21111010706,21111010706,"Census Tract 107.06, Jefferson County, Kentucky",1419,125,1145,101,45,39,9,14,0,11,36,36,120,56,41,29,16,19,63,40,118,58,53,35,35,30,30,29,254,80,162,72,55,37,37,50,608,80,454,79,127,63,27,25,0,11,274,76,0,11,0,11,0,11,0,11,45,29,9,15,0,11,36,26,60,47,0,11,39,45,21,24,111,75,90,70,21,25,0,11,40,32,40,32,0,11,0,11,10,16,8,13
1400000US21111010800,21111010800,"Census Tract 108, Jefferson County, Kentucky",1485,80,946,97,98,32,7,10,12,12,79,31,78,32,38,22,23,18,17,12,137,57,36,24,37,36,64,43,151,51,83,46,64,27,4,7,474,89,453,88,21,18,0,11,8,12,539,87,168,71,0,11,0,11,168,71,56,27,0,11,9,12,47,24,55,31,0,11,45,31,10,11,105,40,21,17,72,34,12,16,127,53,96,46,31,24,0,11,0,11,28,23
1400000US21111010901,21111010901,"Census Tract 109.01, Jefferson County, Kentucky",2146,146,1225,161,112,69,15,25,0,11,97,65,334,171,174,105,27,32,133,141,205,95,134,72,22,27,49,57,333,120,194,97,139,106,0,11,241,91,150,75,72,81,19,29,0,11,921,173,249,122,0,11,0,11,249,122,176,111,0,11,102,83,74,62,188,130,0,11,167,119,21,38,75,88,63,84,0,11,12,19,214,109,214,109,0,11,0,11,0,11,19,31
1400000US21111010902,21111010902,"Census Tract 109.02, Jefferson County, Kentucky",1884,69,1426,119,107,46,9,15,19,20,79,44,238,80,102,60,17,19,119,64,198,67,65,35,83,44,50,38,238,67,99,48,101,47,38,30,628,109,579,107,49,31,0,11,17,20,458,119,100,60,0,11,0,11,100,60,91,74,0,11,72,66,19,29,99,61,19,20,58,46,22,28,81,69,12,18,69,65,0,11,54,33,54,33,0,11,0,11,0,11,33,51
1400000US21111011002,21111011002,"Census Tract 110.02, Jefferson County, Kentucky",2244,154,344,81,64,43,17,22,0,16,47,38,82,63,23,24,21,23,38,53,15,11,8,7,0,16,7,8,95,50,43,32,49,35,3,5,86,51,59,43,27,30,0,16,2,5,1900,170,674,184,14,21,48,57,612,182,499,134,46,56,148,87,305,117,358,120,87,63,231,90,40,48,201,96,184,88,17,19,0,16,77,57,75,57,2,5,0,16,0,16,91,61
1400000US21111011003,21111011003,"Census Tract 110.03, Jefferson County, Kentucky",2673,103,1787,165,128,73,0,16,44,42,84,59,295,118,191,103,18,29,86,62,315,141,103,63,126,117,86,90,435,160,305,141,102,72,28,33,614,145,529,135,85,58,0,16,0,16,886,181,109,85,0,16,0,16,109,85,147,124,0,16,114,121,33,39,271,186,34,56,219,179,18,30,177,125,151,115,26,35,0,16,166,95,166,95,0,16,0,16,16,25,0,16
1400000US21111011004,21111011004,"Census Tract 110.04, Jefferson County, Kentucky",2922,145,1700,175,126,76,0,16,49,41,77,74,215,101,85,56,30,35,100,79,290,121,85,56,83,77,122,96,484,132,249,95,223,98,12,20,567,133,518,119,49,54,0,16,18,27,1222,179,249,136,0,16,0,16,249,136,408,173,76,76,126,94,206,122,227,143,39,63,188,124,0,16,135,113,71,57,64,99,0,16,135,109,135,109,0,16,0,16,60,76,8,14
1400000US21111011005,21111011005,"Census Tract 110.05, Jefferson County, Kentucky",1284,58,518,84,70,47,8,14,9,15,53,45,92,48,37,30,0,11,55,39,151,68,29,25,111,61,11,19,92,52,58,48,34,30,0,11,113,61,104,60,9,16,0,11,0,11,766,88,134,74,0,11,0,11,134,74,101,56,0,11,31,31,70,45,164,76,25,24,97,57,42,46,232,99,155,88,53,43,24,34,62,48,62,48,0,11,0,11,11,17,62,67
1400000US21111011102,21111011102,"Census Tract 111.02, Jefferson County, Kentucky",2776,97,2130,167,97,53,24,28,2,3,71,50,191,72,110,61,31,32,50,39,215,101,125,87,41,38,49,41,519,140,304,132,141,69,74,41,1089,176,845,175,197,102,47,42,19,29,646,163,47,41,0,16,0,16,47,41,104,95,0,16,1,2,103,95,168,109,0,16,78,72,90,83,141,104,115,98,25,29,1,2,158,85,153,85,5,8,0,16,0,16,28,32
1400000US21111011106,21111011106,"Census Tract 111.06, Jefferson County, Kentucky",2821,155,1773,240,62,46,0,16,0,16,62,46,165,101,86,80,9,15,70,52,405,154,215,97,19,31,171,117,515,159,239,98,226,134,50,62,626,179,582,171,36,41,8,14,0,16,1048,227,96,67,0,16,0,16,96,67,209,122,21,45,75,68,113,102,300,191,92,88,151,113,57,89,202,113,124,85,54,61,24,38,143,104,101,86,42,67,0,16,18,34,80,94
1400000US21111011109,21111011109,"Census Tract 111.09, Jefferson County, Kentucky",857,44,673,58,18,15,0,11,0,11,18,15,50,23,24,16,4,8,22,17,127,43,31,17,41,24,55,37,156,44,61,24,84,37,11,11,317,51,272,57,45,37,0,11,5,7,184,56,29,26,0,11,0,11,29,26,38,30,0,11,0,11,38,30,11,11,6,9,5,8,0,11,52,34,16,22,36,29,0,11,54,35,46,35,4,6,4,7,0,11,0,11
1400000US21111011110,21111011110,"Census Tract 111.10, Jefferson County, Kentucky",2476,132,2117,169,133,78,0,16,14,23,119,74,131,61,37,35,12,20,82,52,273,106,145,83,51,42,77,58,396,125,130,67,237,104,29,33,1157,178,898,186,259,94,0,16,27,32,359,119,59,61,0,16,0,16,59,61,60,43,14,22,28,32,18,32,28,34,0,16,28,34,0,16,105,86,27,31,78,81,0,16,67,41,67,41,0,16,0,16,11,18,29,30
1400000US21111011111,21111011111,"Census Tract 111.11, Jefferson County, Kentucky",2363,93,1483,143,89,54,5,6,2,4,82,53,157,66,50,43,52,42,55,44,143,62,66,45,44,38,33,27,265,99,106,50,141,85,18,23,829,117,736,127,93,47,0,16,0,16,880,127,124,79,0,16,0,16,124,79,97,79,0,16,0,16,97,79,154,101,0,16,79,62,75,76,307,153,249,145,58,49,0,16,171,107,126,91,45,64,0,16,13,21,14,20
1400000US21111011112,21111011112,"Census Tract 111.12, Jefferson County, Kentucky",1466,85,932,92,52,34,17,20,0,11,35,27,50,33,28,24,0,11,22,25,98,45,29,25,31,27,38,29,131,49,62,32,34,28,35,27,594,88,463,79,107,57,24,24,7,12,534,91,96,57,0,11,0,11,96,57,138,72,0,11,89,63,49,42,87,67,0,11,46,50,41,49,95,57,8,12,87,57,0,11,111,76,79,62,32,38,0,11,0,11,7,12
1400000US21111011113,21111011113,"Census Tract 111.13, Jefferson County, Kentucky",1268,86,922,105,70,43,0,11,11,18,59,39,106,47,18,20,49,34,39,32,120,47,80,37,17,20,23,20,175,60,77,39,71,33,27,30,451,92,402,83,49,36,0,11,0,11,346,95,18,21,9,15,0,11,9,14,78,51,7,12,30,23,41,45,43,34,0,11,43,34,0,11,55,41,36,35,19,21,0,11,152,85,152,85,0,11,0,11,0,11,0,11
1400000US21111011114,21111011114,"Census Tract 111.14, Jefferson County, Kentucky",2183,82,1771,143,114,64,0,16,51,49,63,42,79,59,11,20,19,30,49,45,242,114,126,78,83,71,33,37,399,130,182,78,121,80,96,79,937,155,772,161,103,62,62,77,0,16,412,132,102,89,0,16,0,16,102,89,157,104,0,16,20,34,137,98,37,41,24,37,0,16,13,21,23,37,23,37,0,16,0,16,52,54,37,50,15,23,0,16,0,16,41,44
1400000US21111011200,21111011200,"Census Tract 112, Jefferson County, Kentucky",2355,205,980,149,147,80,0,16,41,38,106,69,180,69,91,59,33,30,56,37,239,138,180,134,44,41,15,24,140,73,102,68,30,38,8,17,274,107,253,103,21,35,0,16,0,16,1375,228,542,206,0,16,0,16,542,206,188,108,29,33,25,29,134,93,191,132,26,33,143,127,22,34,233,133,216,129,17,28,0,16,156,116,137,115,19,32,0,16,56,49,9,18
1400000US21111011301,21111011301,"Census Tract 113.01, Jefferson County, Kentucky",1030,69,570,95,118,56,35,38,21,23,62,34,59,25,18,12,4,6,37,22,100,55,44,28,53,44,3,6,114,47,88,44,13,9,13,14,173,52,157,53,16,16,0,11,6,7,460,80,211,59,13,14,83,37,115,44,71,40,12,19,10,16,49,32,51,33,13,17,25,27,13,11,64,51,44,46,20,23,0,11,20,17,20,17,0,11,0,11,2,5,41,32
1400000US21111011302,21111011302,"Census Tract 113.02, Jefferson County, Kentucky",2347,197,1280,204,277,144,59,61,38,36,180,133,152,82,53,46,16,25,83,73,308,108,121,73,136,83,51,53,199,95,152,88,47,49,0,16,329,132,315,133,14,23,0,16,15,24,1067,201,375,149,0,16,51,84,324,150,237,119,0,16,31,38,206,119,123,98,7,12,64,80,52,61,125,100,96,93,29,35,0,16,68,73,68,73,0,16,0,16,11,18,128,101
1400000US21111011403,21111011403,"Census Tract 114.03, Jefferson County, Kentucky",768,42,559,61,91,37,15,12,11,9,65,34,117,42,45,20,38,32,34,19,113,31,51,23,48,25,14,10,131,37,96,29,30,22,5,9,107,33,99,31,8,9,0,11,0,11,209,48,23,14,0,11,0,11,23,14,37,29,0,11,15,16,22,25,41,31,3,4,31,29,7,8,42,29,13,15,29,20,0,11,40,37,40,37,0,11,0,11,17,22,9,8
1400000US21111011404,21111011404,"Census Tract 114.04, Jefferson County, Kentucky",1473,124,482,72,63,44,9,13,0,11,54,42,117,55,85,47,0,11,32,37,85,55,39,41,46,43,0,11,139,60,59,34,67,43,13,21,78,35,56,32,22,18,0,11,0,11,991,119,256,95,0,11,12,14,244,95,284,96,7,11,94,57,183,73,243,101,53,40,187,92,3,6,75,46,75,46,0,11,0,11,98,80,98,80,0,11,0,11,7,10,28,37
1400000US21111011405,21111011405,"Census Tract 114.05, Jefferson County, Kentucky",2192,160,1101,158,202,118,14,22,0,16,188,115,48,59,0,16,13,21,35,53,134,57,61,43,32,36,41,40,258,127,116,78,142,110,0,16,459,117,459,117,0,16,0,16,0,16,1091,208,357,163,0,16,0,16,357,163,293,131,16,26,30,35,247,124,182,124,81,85,77,80,24,36,79,77,79,77,0,16,0,16,57,46,36,43,21,34,0,16,55,82,68,84
1400000US21111011406,21111011406,"Census Tract 114.06, Jefferson County, Kentucky",1950,77,806,104,44,31,9,15,10,15,25,22,82,43,46,31,19,21,17,19,205,86,86,41,37,25,82,65,229,81,132,64,89,60,8,13,237,66,212,63,25,23,0,11,9,15,1144,106,143,68,28,45,0,11,115,58,271,107,0,11,107,75,164,81,246,116,45,44,190,110,11,17,320,136,216,116,104,76,0,11,140,68,113,54,27,43,0,11,15,17,9,14
1400000US21111011505,21111011505,"Census Tract 115.05, Jefferson County, Kentucky",2725,93,1813,122,159,121,0,16,47,68,112,91,120,75,40,43,6,6,74,63,269,80,201,63,45,40,23,25,354,102,248,86,97,68,9,8,895,150,819,161,76,64,0,16,16,25,912,133,102,58,0,16,0,16,102,58,181,100,0,16,134,92,47,43,159,96,78,53,48,62,33,38,196,127,196,127,0,16,0,16,240,118,184,102,56,75,0,16,0,16,34,38
1400000US21111011506,21111011506,"Census Tract 115.06, Jefferson County, Kentucky",2031,135,1617,134,102,74,0,16,0,16,102,74,93,56,49,45,31,35,13,22,152,78,75,56,29,35,48,56,452,132,252,90,126,73,74,69,818,148,714,147,104,64,0,16,0,16,414,124,149,107,0,16,0,16,149,107,31,55,0,16,0,16,31,55,13,21,0,16,0,16,13,21,125,109,125,109,0,16,0,16,69,71,56,69,13,21,0,16,0,16,27,31
1400000US21111011508,21111011508,"Census Tract 115.08, Jefferson County, Kentucky",1993,126,1754,140,67,49,13,20,16,24,38,39,156,70,26,28,48,39,82,51,273,103,63,45,72,49,138,83,286,88,117,56,119,64,50,39,972,148,821,152,146,75,5,6,0,16,239,102,16,23,0,16,0,16,16,23,55,64,0,16,0,16,55,64,31,36,0,16,31,36,0,16,53,40,24,27,16,22,13,20,69,71,69,71,0,16,0,16,0,16,15,25
1400000US21111011509,21111011509,"Census Tract 115.09, Jefferson County, Kentucky",1800,100,707,105,86,58,0,11,22,25,64,53,133,48,40,34,83,53,10,15,121,62,12,18,73,55,36,33,91,46,45,34,33,31,13,20,276,82,256,83,20,23,0,11,0,11,1093,132,173,60,22,25,32,25,119,54,247,112,11,16,11,17,225,108,153,87,0,11,103,65,50,43,290,96,202,76,88,84,0,11,203,111,192,106,11,18,0,11,0,11,27,31
1400000US21111011513,21111011513,"Census Tract 115.13, Jefferson County, Kentucky",1704,83,1210,101,54,36,0,11,18,21,36,29,122,62,16,18,45,35,61,44,192,73,90,44,95,60,7,11,333,77,176,67,111,60,46,44,509,106,414,96,79,45,16,24,0,11,494,84,214,86,0,11,105,39,109,78,81,54,0,11,9,17,72,54,21,23,0,11,21,23,0,11,62,59,0,11,31,39,31,41,83,52,73,50,10,16,0,11,0,11,33,26
1400000US21111011514,21111011514,"Census Tract 115.14, Jefferson County, Kentucky",1473,78,1204,101,119,87,0,11,13,22,106,86,184,68,45,32,47,37,92,57,155,67,40,34,46,35,69,52,362,115,275,97,76,57,11,11,384,81,271,81,106,53,7,10,0,11,269,86,60,59,0,11,0,11,60,59,61,64,10,15,0,11,51,62,69,52,8,13,49,47,12,21,13,20,0,11,13,20,0,11,49,36,49,36,0,11,0,11,7,11,10,18
1400000US21111011515,21111011515,"Census Tract 115.15, Jefferson County, Kentucky",1837,67,1690,90,100,57,9,13,6,10,85,51,184,59,57,30,49,42,78,40,242,77,107,50,73,44,62,42,366,118,193,75,137,85,36,27,798,114,700,106,98,44,0,16,0,16,147,75,0,16,0,16,0,16,0,16,0,16,0,16,0,16,0,16,20,24,0,16,0,16,20,24,35,47,0,16,35,47,0,16,61,47,59,47,2,6,0,16,0,16,31,35
1400000US21111011516,21111011516,"Census Tract 115.16, Jefferson County, Kentucky",1816,67,1257,114,75,40,0,11,19,21,56,34,137,44,69,38,10,15,58,29,156,62,19,20,35,27,102,54,207,72,117,65,74,40,16,18,682,108,585,106,97,44,0,11,0,11,559,96,75,54,0,11,0,11,75,54,137,65,0,11,32,23,105,62,174,78,41,49,126,71,7,12,125,62,69,43,56,49,0,11,36,31,36,31,0,11,0,11,0,11,12,19
1400000US21111011517,21111011517,"Census Tract 115.17, Jefferson County, Kentucky",2095,121,1473,152,27,30,0,16,13,20,14,21,114,67,70,52,0,16,44,41,115,58,27,34,16,25,72,42,247,97,80,55,128,81,39,37,957,159,810,151,147,66,0,16,13,22,622,135,92,83,0,16,0,16,92,83,111,87,0,16,42,48,69,72,86,60,0,16,86,60,0,16,190,96,62,53,113,81,15,24,97,68,97,68,0,16,0,16,0,16,46,53
1400000US21111011518,21111011518,"Census Tract 115.18, Jefferson County, Kentucky",777,16,754,21,14,10,7,10,0,11,7,10,7,11,7,11,0,11,0,11,13,13,6,9,0,11,7,10,85,31,52,26,0,11,33,23,635,39,467,50,158,50,10,10,0,11,23,18,0,11,0,11,0,11,0,11,0,11,0,11,0,11,0,11,0,11,0,11,0,11,0,11,0,11,0,11,0,11,0,11,12,12,4,7,0,11,8,11,0,11,11,12
1400000US21111011519,21111011519,"Census Tract 115.19, Jefferson County, Kentucky",1981,118,1533,135,54,33,0,16,15,16,39,28,79,47,12,17,13,20,54,40,199,77,83,52,40,33,76,55,361,117,180,79,85,47,96,61,840,129,583,128,241,72,16,19,0,16,448,140,28,24,0,16,0,16,28,24,110,89,0,16,0,16,110,89,62,42,0,16,42,35,20,19,61,60,21,28,40,51,0,16,187,92,165,89,22,29,0,16,0,16,0,16
1400000US21111011520,21111011520,"Census Tract 115.20, Jefferson County, Kentucky",1323,59,1217,50,55,35,0,11,0,11,55,35,54,33,21,23,9,14,24,22,60,39,30,26,21,22,9,13,195,57,79,39,41,41,75,37,844,65,557,79,255,67,32,25,9,14,106,48,14,16,0,11,8,12,6,10,17,18,0,11,0,11,17,18,7,12,0,11,0,11,7,12,34,27,0,11,25,23,9,13,34,35,12,11,22,33,0,11,0,11,0,11
1400000US21111011601,21111011601,"Census Tract 116.01, Jefferson County, Kentucky",2588,168,2281,179,111,80,14,22,0,16,97,78,98,65,34,39,11,17,53,47,118,94,70,79,29,35,19,31,258,138,130,70,56,54,72,87,1679,146,1320,152,277,92,82,63,17,26,307,104,0,16,0,16,0,16,0,16,47,38,0,16,0,16,47,38,12,19,0,16,12,19,0,16,71,58,14,23,27,30,30,44,167,100,123,87,44,46,0,16,0,16,10,17
1400000US21111011603,21111011603,"Census Tract 116.03, Jefferson County, Kentucky",2008,76,1668,133,64,58,0,11,0,11,64,58,108,45,37,29,8,13,63,36,236,84,85,57,74,52,77,52,270,90,109,61,78,39,83,43,984,125,761,134,223,80,0,11,6,11,340,119,0,11,0,11,0,11,0,11,9,15,0,11,0,11,9,15,185,116,0,11,68,75,117,82,42,35,0,11,42,35,0,11,76,50,76,50,0,11,0,11,0,11,28,28
1400000US21111011604,21111011604,"Census Tract 116.04, Jefferson County, Kentucky",1006,50,962,57,28,21,0,11,0,11,28,21,72,41,31,24,11,19,30,24,128,48,70,41,50,29,8,13,155,55,69,41,9,12,77,41,579,78,376,74,126,62,77,33,0,11,44,29,3,5,0,11,0,11,3,5,10,11,0,11,6,9,4,6,3,6,0,11,0,11,3,6,0,11,0,11,0,11,0,11,5,9,5,9,0,11,0,11,0,11,23,26
1400000US21111011706,21111011706,"Census Tract 117.06, Jefferson County, Kentucky",1491,67,1278,87,82,33,0,11,8,12,74,33,147,53,62,32,33,26,52,41,138,52,102,42,0,11,36,29,279,79,170,67,80,42,29,27,632,93,532,99,100,58,0,11,0,11,213,76,21,24,0,11,0,11,21,24,36,30,0,11,0,11,36,30,33,28,8,13,17,19,8,13,69,42,0,11,69,42,0,11,19,22,0,11,19,22,0,11,0,11,35,28
1400000US21111011707,21111011707,"Census Tract 117.07, Jefferson County, Kentucky",1990,170,1710,191,53,46,0,16,14,22,39,42,145,71,33,38,19,31,93,55,291,153,58,53,126,113,107,85,405,127,130,82,229,101,46,38,791,165,679,158,51,46,61,91,25,40,280,152,53,58,0,16,0,16,53,58,112,116,0,16,0,16,112,116,0,16,0,16,0,16,0,16,54,45,40,41,14,24,0,16,50,39,50,39,0,16,0,16,0,16,11,18
1400000US21111011708,21111011708,"Census Tract 117.08, Jefferson County, Kentucky",2043,82,1890,129,145,74,0,16,44,51,101,55,217,100,39,33,95,65,83,65,212,93,97,60,17,27,98,69,329,121,128,67,100,67,101,79,977,171,712,137,253,125,12,18,10,16,153,94,0,16,0,16,0,16,0,16,17,19,0,16,0,16,17,19,46,53,33,51,13,20,0,16,49,60,49,60,0,16,0,16,34,44,34,44,0,16,0,16,0,16,7,12
1400000US21111011709,21111011709,"Census Tract 117.09, Jefferson County, Kentucky",1679,71,1559,88,54,29,3,5,14,11,37,25,80,36,25,23,34,25,21,18,254,59,114,42,73,53,67,40,295,70,149,52,101,46,45,29,860,89,554,102,261,77,45,49,16,17,120,70,31,42,0,11,0,11,31,42,0,11,0,11,0,11,0,11,8,12,8,12,0,11,0,11,27,40,25,40,2,4,0,11,54,41,54,41,0,11,0,11,0,11,0,11
1400000US21111011710,21111011710,"Census Tract 117.10, Jefferson County, Kentucky",1063,73,685,68,34,21,0,11,0,11,34,21,94,43,24,20,51,32,19,22,156,61,42,41,74,43,40,28,111,43,56,37,47,35,8,13,282,75,231,68,51,36,0,11,8,12,378,86,56,45,0,11,0,11,56,45,71,57,0,11,0,11,71,57,92,43,6,10,41,33,45,43,115,57,95,52,20,23,0,11,44,34,44,34,0,11,0,11,0,11,0,11
1400000US21111011711,21111011711,"Census Tract 117.11, Jefferson County, Kentucky",2133,125,1704,184,167,86,0,16,28,33,139,86,140,94,0,16,19,29,121,93,265,126,68,44,85,87,112,86,323,122,158,81,142,96,23,25,809,160,739,154,70,58,0,16,0,16,429,167,22,34,0,16,0,16,22,34,95,75,0,16,45,58,50,54,47,53,0,16,47,53,0,16,179,121,80,74,80,94,19,35,70,90,70,90,0,16,0,16,0,16,16,24
1400000US21111011712,21111011712,"Census Tract 117.12, Jefferson County, Kentucky",1842,66,1169,120,65,38,0,11,17,20,48,33,238,84,78,54,32,24,128,69,153,88,29,23,28,26,96,76,309,92,189,68,113,71,7,11,382,86,343,83,39,34,0,11,22,18,673,115,41,38,0,11,0,11,41,38,174,85,0,11,9,13,165,86,207,105,0,11,112,71,95,66,196,85,71,57,104,68,21,23,55,35,55,35,0,11,0,11,0,11,0,11
1400000US21111011713,21111011713,"Census Tract 117.13, Jefferson County, Kentucky",1048,109,511,86,105,69,0,11,28,45,77,61,65,36,8,14,7,12,50,30,80,36,37,25,19,22,24,22,160,58,160,58,0,11,0,11,101,46,91,44,10,16,0,11,0,11,537,100,138,79,0,11,10,15,128,78,116,83,0,11,42,46,74,68,77,64,0,11,62,60,15,23,120,77,25,23,95,74,0,11,41,46,41,46,0,11,0,11,27,35,18,21
1400000US21111011800,21111011800,"Census Tract 118, Jefferson County, Kentucky",1185,86,558,74,86,50,33,38,12,18,41,28,121,53,39,27,8,12,74,59,112,53,27,25,48,38,37,32,110,50,67,37,31,27,12,19,129,59,119,57,10,15,0,11,0,11,627,96,163,81,0,11,11,19,152,78,207,82,23,20,79,59,105,63,74,48,11,17,63,47,0,11,56,51,56,51,0,11,0,11,98,66,68,47,30,42,0,11,0,11,29,33
1400000US21111011901,21111011901,"Census Tract 119.01, Jefferson County, Kentucky",330,50,214,49,69,47,0,11,27,28,42,37,49,32,3,5,24,20,22,23,43,31,28,27,15,16,0,11,19,13,19,13,0,11,0,11,10,16,10,16,0,11,0,11,24,29,116,47,24,27,0,11,0,11,24,27,30,30,0,11,16,24,14,22,37,42,22,33,15,24,0,11,17,15,17,15,0,11,0,11,0,11,0,11,0,11,0,11,0,11,8,12
1400000US21111011904,21111011904,"Census Tract 119.04, Jefferson County, Kentucky",956,91,375,84,57,34,0,11,0,11,57,34,56,34,27,22,9,14,20,22,73,43,27,23,37,33,9,15,91,44,64,38,27,27,0,11,98,54,98,54,0,11,0,11,0,11,581,90,156,77,0,11,10,15,146,75,265,71,11,19,162,92,92,59,83,63,83,63,0,11,0,11,46,33,37,28,9,14,0,11,31,38,31,38,0,11,0,11,0,11,0,11
1400000US21111011905,21111011905,"Census Tract 119.05, Jefferson County, Kentucky",2865,158,1589,240,135,88,0,16,16,26,119,83,212,91,115,60,26,30,71,52,373,128,121,65,59,49,193,106,361,121,202,86,159,85,0,16,494,137,494,137,0,16,0,16,14,24,1276,246,278,124,13,21,0,16,265,121,296,125,13,21,126,106,157,94,156,119,57,69,99,94,0,16,214,107,132,85,82,71,0,16,229,131,229,131,0,16,0,16,0,16,103,103
1400000US21111011906,21111011906,"Census Tract 119.06, Jefferson County, Kentucky",1548,90,722,117,40,28,0,11,10,16,30,22,151,71,62,39,42,54,47,37,99,56,36,29,32,28,31,38,214,80,122,66,81,48,11,16,208,69,176,68,32,30,0,11,10,15,826,119,305,128,27,34,25,28,253,127,201,86,9,13,76,57,116,64,107,59,28,34,50,40,29,46,150,88,120,77,23,37,7,11,12,19,12,19,0,11,0,11,30,38,21,23
1400000US21111011907,21111011907,"Census Tract 119.07, Jefferson County, Kentucky",1811,63,1553,104,156,64,45,32,21,23,90,46,278,78,138,62,63,32,77,36,250,92,75,38,60,38,115,77,350,91,147,47,153,79,50,50,519,93,455,96,64,43,0,11,0,11,258,106,84,64,6,10,0,11,78,63,64,59,0,11,0,11,64,59,9,14,0,11,9,14,0,11,44,53,44,53,0,11,0,11,31,29,31,29,0,11,0,11,0,11,26,24
1400000US21111012001,21111012001,"Census Tract 120.01, Jefferson County, Kentucky",1170,103,907,104,185,71,13,15,71,31,101,55,102,38,58,29,8,10,36,22,95,39,55,31,11,12,29,23,190,50,129,45,40,23,21,19,306,93,269,90,30,26,7,11,29,41,263,86,59,43,7,10,9,14,43,42,39,26,0,11,20,19,19,18,50,39,12,21,27,37,11,14,52,47,29,38,11,16,12,22,23,38,23,38,0,11,0,11,2,4,38,38
1400000US21111012002,21111012002,"Census Tract 120.02, Jefferson County, Kentucky",2162,178,1444,196,256,117,40,63,63,53,153,92,156,100,31,38,81,82,44,46,155,101,69,53,70,74,16,27,346,100,228,83,105,79,13,23,469,144,415,140,54,49,0,16,62,75,718,188,106,91,0,16,0,16,106,91,243,122,0,16,121,66,122,108,151,107,72,60,79,87,0,16,180,95,124,90,56,69,0,16,38,43,38,43,0,16,0,16,0,16,0,16
1400000US21111012003,21111012003,"Census Tract 120.03, Jefferson County, Kentucky",1181,111,987,106,118,76,0,11,35,51,83,50,141,64,49,34,20,23,72,50,130,72,59,33,22,24,49,60,271,96,131,61,121,88,19,22,327,86,327,86,0,11,0,11,0,11,194,97,38,51,0,11,0,11,38,51,26,25,0,11,0,11,26,25,42,47,42,47,0,11,0,11,0,11,0,11,0,11,0,11,68,57,52,50,16,26,0,11,10,16,10,16
1400000US21111012103,21111012103,"Census Tract 121.03, Jefferson County, Kentucky",1193,116,901,112,125,56,21,23,30,28,74,46,148,61,104,53,16,20,28,23,74,40,38,29,23,19,13,15,217,73,183,68,13,16,21,20,337,72,275,70,62,34,0,11,0,11,292,99,28,26,0,11,18,20,10,15,39,35,0,11,10,16,29,31,40,30,0,11,28,23,12,19,72,57,0,11,72,57,0,11,56,44,56,44,0,11,0,11,21,22,36,41
1400000US21111012104,21111012104,"Census Tract 121.04, Jefferson County, Kentucky",1469,110,1023,173,121,63,17,19,0,11,104,61,159,92,40,31,39,32,80,77,186,93,69,45,84,82,33,35,220,102,123,65,97,80,0,11,301,114,270,104,31,38,0,11,36,31,446,127,67,49,0,11,9,14,58,47,48,51,0,11,0,11,48,51,92,60,0,11,42,33,50,58,182,112,29,38,100,95,53,65,22,23,21,24,1,5,0,11,0,11,35,30
1400000US21111012105,21111012105,"Census Tract 121.05, Jefferson County, Kentucky",1797,109,1129,118,119,63,0,11,19,21,100,59,112,49,28,25,8,13,76,35,179,82,102,46,57,51,20,23,233,79,149,58,56,40,28,21,478,85,412,80,56,43,10,17,8,13,668,133,82,54,0,11,0,11,82,54,207,99,19,31,28,40,160,97,205,98,31,35,125,85,49,53,50,38,14,22,36,29,0,11,113,64,113,64,0,11,0,11,0,11,11,18
1400000US21111012106,21111012106,"Census Tract 121.06, Jefferson County, Kentucky",2872,163,2032,176,97,86,0,16,25,29,72,81,168,71,60,43,26,28,82,56,271,108,136,70,54,43,81,50,605,152,333,117,180,81,92,83,884,179,834,179,50,44,0,16,7,11,840,210,61,83,0,16,0,16,61,83,292,129,12,19,66,81,214,115,68,73,28,33,40,55,0,16,196,128,95,78,101,89,0,16,162,122,162,122,0,16,0,16,16,25,45,43
1400000US21111012107,21111012107,"Census Tract 121.07, Jefferson County, Kentucky",2012,161,1698,165,285,134,15,25,21,33,249,131,226,88,165,82,29,32,32,40,229,129,146,109,48,53,35,42,348,134,239,121,73,52,36,44,580,129,516,124,43,41,21,36,30,35,314,130,88,81,0,16,0,16,88,81,108,63,0,16,51,50,57,61,16,26,0,16,16,26,0,16,74,93,17,28,57,89,0,16,28,40,28,40,0,16,0,16,0,16,0,16
1400000US21111012202,21111012202,"Census Tract 122.02, Jefferson County, Kentucky",2578,150,1584,195,178,84,0,16,52,47,126,73,292,98,158,82,32,39,102,60,229,112,163,105,65,53,1,13,348,142,266,130,63,53,19,31,537,117,516,123,21,34,0,16,0,16,994,230,434,191,0,16,53,74,381,199,136,117,0,16,17,30,119,114,157,100,70,80,63,57,24,43,123,103,75,91,17,28,31,48,61,77,61,77,0,16,0,16,83,64,0,16
1400000US21111012203,21111012203,"Census Tract 122.03, Jefferson County, Kentucky",2410,111,1798,139,92,55,0,16,30,36,62,51,134,86,73,66,18,30,43,42,299,112,96,53,90,54,113,89,394,141,253,113,63,45,78,62,863,133,774,131,89,55,0,16,16,27,612,146,131,110,0,16,0,16,131,110,102,97,0,16,80,89,22,35,69,89,0,16,69,89,0,16,214,110,146,87,68,89,0,16,34,38,34,38,0,16,0,16,0,16,62,73
1400000US21111012204,21111012204,"Census Tract 122.04, Jefferson County, Kentucky",1703,150,979,136,34,27,0,11,0,11,34,27,76,45,46,33,14,17,16,19,132,63,90,52,42,29,0,11,155,66,95,40,46,47,14,18,582,115,413,98,161,66,8,12,0,11,724,154,156,83,0,11,0,11,156,83,248,138,0,11,85,75,163,99,129,96,71,76,58,63,0,11,56,44,56,44,0,11,0,11,81,72,81,72,0,11,0,11,12,19,42,41
1400000US21111012301,21111012301,"Census Tract 123.01, Jefferson County, Kentucky",1363,57,1128,73,110,45,19,20,26,24,65,35,64,41,15,17,9,14,40,36,206,82,114,64,33,29,59,35,354,83,194,63,149,65,11,19,376,89,359,87,17,19,0,11,18,20,235,70,36,29,0,11,0,11,36,29,36,43,0,11,25,40,11,16,18,24,0,11,12,20,6,11,65,55,0,11,65,55,0,11,61,47,52,44,9,14,0,11,0,11,19,30
1400000US21111012302,21111012302,"Census Tract 123.02, Jefferson County, Kentucky",2190,183,1142,181,139,92,0,16,0,16,139,92,103,69,56,51,0,16,47,51,127,65,53,47,28,35,46,42,166,91,106,66,42,48,18,30,607,170,546,168,61,45,0,16,0,16,1048,213,201,131,0,16,0,16,201,131,268,165,0,16,16,28,252,167,186,109,0,16,172,104,14,24,174,111,114,103,40,40,20,29,95,76,83,76,12,18,0,16,15,24,109,105
1400000US21111012406,21111012406,"Census Tract 124.06, Jefferson County, Kentucky",2225,102,1565,167,148,107,31,35,0,16,117,102,184,93,74,58,79,55,31,36,387,112,265,102,45,43,77,57,396,129,308,120,68,62,20,31,439,136,372,120,67,56,0,16,11,18,660,170,154,100,36,57,9,20,109,88,189,93,0,16,47,61,142,91,194,117,63,62,64,84,67,68,66,62,0,16,66,62,0,16,46,60,46,60,0,16,0,16,0,16,11,19
1400000US21111012407,21111012407,"Census Tract 124.07, Jefferson County, Kentucky",1950,44,1592,104,117,64,0,16,8,14,109,65,201,63,70,32,18,20,113,56,254,81,88,44,119,61,47,36,388,98,220,74,159,72,9,13,615,107,563,107,52,48,0,16,17,18,358,90,34,34,0,16,0,16,34,34,53,34,0,16,24,22,29,25,100,76,0,16,12,19,88,74,18,20,18,20,0,16,0,16,145,92,145,92,0,16,0,16,0,16,8,12
1400000US21111012408,21111012408,"Census Tract 124.08, Jefferson County, Kentucky",917,42,633,60,37,28,19,25,5,7,13,12,135,44,65,32,24,17,46,31,143,45,75,30,34,25,34,20,180,50,68,28,78,38,34,23,138,41,138,41,0,11,0,11,0,11,284,70,78,37,0,11,5,7,73,36,40,28,0,11,18,20,22,20,67,50,0,11,39,37,28,31,10,11,6,9,4,6,0,11,83,42,83,42,0,11,0,11,3,7,3,6
1400000US21111012409,21111012409,"Census Tract 124.09, Jefferson County, Kentucky",1222,90,1018,88,86,52,0,11,19,22,67,45,258,80,47,32,22,21,189,74,170,73,58,35,101,60,11,15,314,91,189,79,125,69,0,11,190,70,162,66,28,27,0,11,0,11,204,70,67,40,0,11,0,11,67,40,31,29,0,11,0,11,31,29,18,21,0,11,18,21,0,11,32,35,20,31,12,19,0,11,21,23,21,23,0,11,0,11,9,14,26,29
1400000US21111012410,21111012410,"Census Tract 124.10, Jefferson County, Kentucky",1761,80,1225,114,122,62,0,11,22,21,100,60,158,69,60,54,28,25,70,49,188,60,93,48,52,30,43,34,204,68,123,54,61,39,20,22,542,93,488,91,46,28,8,11,11,17,536,102,195,79,0,11,0,11,195,79,114,58,0,11,41,38,73,46,20,22,0,11,20,22,0,11,96,60,21,23,75,59,0,11,51,47,51,47,0,11,0,11,0,11,60,41
1400000US21111012411,21111012411,"Census Tract 124.11, Jefferson County, Kentucky",2468,104,2005,187,135,92,15,25,22,25,98,86,187,89,102,66,13,22,72,56,244,126,95,56,101,100,48,47,444,156,243,106,162,107,39,43,995,165,877,167,118,77,0,16,0,16,463,158,86,94,0,16,0,16,86,94,141,94,0,16,0,16,141,94,44,42,0,16,15,24,29,33,15,24,15,24,0,16,0,16,154,110,154,110,0,16,0,16,23,40,0,16
1400000US21111012501,21111012501,"Census Tract 125.01, Jefferson County, Kentucky",1210,113,457,84,61,47,0,11,34,44,27,24,103,56,34,28,27,41,42,33,80,59,33,39,8,12,39,45,97,55,97,55,0,11,0,11,116,48,91,43,25,28,0,11,0,11,753,111,184,77,0,11,0,11,184,77,162,79,20,30,82,46,60,66,228,97,91,51,137,86,0,11,45,43,18,20,27,37,0,11,70,48,70,48,0,11,0,11,34,38,30,44
1400000US21111012502,21111012502,"Census Tract 125.02, Jefferson County, Kentucky",2320,155,1253,196,182,110,10,16,0,16,172,109,144,83,42,38,0,16,102,82,210,126,107,94,47,59,56,66,171,71,89,61,82,38,0,16,533,148,506,146,27,32,0,16,13,21,1067,195,451,169,0,16,47,59,404,154,298,122,38,60,116,117,144,70,76,79,44,70,32,39,0,16,105,101,46,75,59,67,0,16,73,73,45,63,28,44,0,16,38,66,26,29
1400000US21111012503,21111012503,"Census Tract 125.03, Jefferson County, Kentucky",1598,120,1127,110,105,51,20,22,7,11,78,46,189,66,89,46,46,34,54,45,194,77,102,56,52,37,40,38,309,99,158,77,122,63,29,43,330,80,260,77,70,39,0,11,0,11,471,120,231,98,0,11,0,11,231,98,71,62,0,11,7,11,64,57,57,44,27,31,30,35,0,11,64,50,59,48,5,10,0,11,48,52,40,51,8,12,0,11,0,11,0,11
1400000US21111012601,21111012601,"Census Tract 126.01, Jefferson County, Kentucky",2878,200,2010,246,219,100,18,29,69,60,132,85,238,98,66,55,27,32,145,86,303,127,44,43,96,66,163,108,460,145,254,110,206,138,0,16,754,182,579,185,154,115,21,35,36,42,868,203,276,160,0,16,0,16,276,160,210,97,21,35,120,90,69,53,200,141,24,32,176,151,0,16,33,39,33,39,0,16,0,16,34,40,34,40,0,16,0,16,101,144,14,23
1400000US21111012603,21111012603,"Census Tract 126.03, Jefferson County, Kentucky",1181,109,677,108,147,78,12,18,23,24,112,75,123,59,57,42,32,28,34,38,97,55,61,42,16,19,20,25,125,62,103,60,11,16,11,18,185,78,185,78,0,11,0,11,0,11,504,120,289,109,0,11,0,11,289,109,59,47,0,11,0,11,59,47,92,57,0,11,81,54,11,19,43,37,29,30,14,22,0,11,10,16,10,16,0,11,0,11,11,17,0,11
1400000US21111012604,21111012604,"Census Tract 126.04, Jefferson County, Kentucky",2147,127,1234,162,88,62,25,29,0,16,63,51,167,78,37,36,67,43,63,59,295,111,122,63,81,61,92,62,201,88,85,50,57,55,59,58,483,140,466,135,17,21,0,16,0,16,913,169,252,138,0,16,0,16,252,138,252,126,35,50,0,16,217,126,240,144,57,76,92,80,91,95,145,108,66,70,79,84,0,16,24,27,24,27,0,16,0,16,0,16,0,16
1400000US21111012701,21111012701,"Census Tract 127.01, Jefferson County, Kentucky",1454,111,742,92,81,45,7,10,31,32,43,30,135,60,61,38,20,28,54,38,240,81,73,47,74,57,93,54,183,62,100,54,64,30,19,21,103,46,103,46,0,11,0,11,0,11,712,133,304,108,9,13,0,11,295,111,164,74,0,11,54,38,110,60,89,63,27,33,53,50,9,14,30,35,30,35,0,11,0,11,55,42,55,42,0,11,0,11,22,34,48,43
1400000US21111012702,21111012702,"Census Tract 127.02, Jefferson County, Kentucky",732,56,570,71,115,40,22,16,25,18,68,31,108,38,56,24,13,13,39,30,122,48,57,33,57,39,8,11,109,45,66,31,43,35,0,11,106,37,96,35,10,11,0,11,10,10,162,59,52,35,0,11,0,11,52,35,61,43,0,11,20,17,41,38,8,13,0,11,8,13,0,11,10,13,7,12,3,5,0,11,5,8,5,8,0,11,0,11,0,11,26,26
1400000US21111012703,21111012703,"Census Tract 127.03, Jefferson County, Kentucky",2356,174,1886,181,145,81,0,16,54,59,91,57,171,99,98,80,15,23,58,57,385,158,134,118,129,85,122,67,390,165,276,124,102,91,12,25,795,238,642,210,153,126,0,16,0,16,470,145,199,97,0,16,49,55,150,95,42,59,0,16,0,16,42,59,69,61,0,16,47,51,22,34,56,53,56,53,0,16,0,16,81,71,81,71,0,16,0,16,12,24,11,20
1400000US21111012801,21111012801,"Census Tract 128.01, Jefferson County, Kentucky",1253,103,637,97,83,41,10,16,20,20,53,36,119,67,54,52,6,9,59,37,152,62,61,35,77,46,14,17,144,59,112,57,32,27,0,11,139,65,133,64,6,10,0,11,0,11,616,104,322,79,6,10,24,40,292,84,105,74,0,11,53,57,52,45,89,70,51,58,15,18,23,26,25,27,0,11,25,27,0,11,29,39,29,39,0,11,0,11,0,11,46,35
1400000US21111012802,21111012802,"Census Tract 128.02, Jefferson County, Kentucky",953,114,549,80,72,51,11,16,11,17,50,46,118,60,10,16,17,19,91,51,115,59,72,42,17,26,26,31,151,84,109,70,42,46,0,11,93,59,93,59,0,11,0,11,0,11,404,111,238,109,0,11,97,89,141,85,66,51,38,44,0,11,28,26,40,41,30,37,10,18,0,11,28,32,17,26,11,17,0,11,0,11,0,11,0,11,0,11,32,45,0,11
1400000US21111013100,21111013100,"Census Tract 131, Jefferson County, Kentucky",843,42,765,45,33,11,3,4,0,11,30,10,44,15,3,4,17,9,24,10,55,13,33,10,7,5,15,7,121,26,76,19,18,16,27,13,508,36,394,30,91,20,23,10,4,6,78,22,6,5,0,11,0,11,6,5,11,11,0,11,0,11,11,11,14,8,0,11,5,5,9,6,7,5,0,11,5,5,2,3,30,16,24,13,6,8,0,11,0,11,10,10
1400000US21111980100,21111980100,"Census Tract 9801, Jefferson County, Kentucky",0,11,0,11,0,11,0,11,0,11,0,11,0,11,0,11,0,11,0,11,0,11,0,11,0,11,0,11,0,11,0,11,0,11,0,11,0,11,0,11,0,11,0,11,0,11,0,11,0,11,0,11,0,11,0,11,0,11,0,11,0,11,0,11,0,11,0,11,0,11,0,11,0,11,0,11,0,11,0,11,0,11,0,11,0,11,0,11,0,11,0,11
