GEO.id,GEO.id2,GEO.display-label,HD01_VD02,HD02_VD02,HD01_VD04,HD02_VD04,HD01_VD05,HD02_VD05,HD01_VD06,HD02_VD06,HD01_VD08,HD02_VD08,HD01_VD09,HD02_VD09,HD01_VD10,HD02_VD10
Id,Id2,Geography,Estimate; Median earnings in the past 12 months (in 2012 inflation-adjusted dollars) -- - Total:,Margin of Error; Median earnings in the past 12 months (in 2012 inflation-adjusted dollars) -- - Total:,Estimate; Median earnings in the past 12 months (in 2012 inflation-adjusted dollars) -- - Male -- - Total,Margin of Error; Median earnings in the past 12 months (in 2012 inflation-adjusted dollars) -- - Male -- - Total,"Estimate; Median earnings in the past 12 months (in 2012 inflation-adjusted dollars) -- - Male -- - Worked full-time, year-round in the past 12 months","Margin of Error; Median earnings in the past 12 months (in 2012 inflation-adjusted dollars) -- - Male -- - Worked full-time, year-round in the past 12 months",Estimate; Median earnings in the past 12 months (in 2012 inflation-adjusted dollars) -- - Male -- - Other,Margin of Error; Median earnings in the past 12 months (in 2012 inflation-adjusted dollars) -- - Male -- - Other,Estimate; Median earnings in the past 12 months (in 2012 inflation-adjusted dollars) -- - Female -- - Total,Margin of Error; Median earnings in the past 12 months (in 2012 inflation-adjusted dollars) -- - Female -- - Total,"Estimate; Median earnings in the past 12 months (in 2012 inflation-adjusted dollars) -- - Female -- - Worked full-time, year-round in the past 12 months","Margin of Error; Median earnings in the past 12 months (in 2012 inflation-adjusted dollars) -- - Female -- - Worked full-time, year-round in the past 12 months",Estimate; Median earnings in the past 12 months (in 2012 inflation-adjusted dollars) -- - Female -- - Other,Margin of Error; Median earnings in the past 12 months (in 2012 inflation-adjusted dollars) -- - Female -- - Other
0500000US01003,01003,"Baldwin County, Alabama",25428,3199,25644,2236,26712,5215,25364,16663,20754,18802,31288,20470,11853,6340
0500000US01015,01015,"Calhoun County, Alabama",21677,1577,21002,2545,20886,2533,-,**,22758,8430,24783,11298,19656,15352
0500000US01043,01043,"Cullman County, Alabama",14132,5394,15158,6947,17247,5745,11497,4004,13441,4467,20357,15660,13235,5240
0500000US01049,01049,"DeKalb County, Alabama",25052,16789,27182,14448,32571,14672,11918,33735,12871,10391,15616,3298,3643,1802
0500000US01055,01055,"Etowah County, Alabama",27083,14376,31599,18797,61577,2149,26632,19484,16050,7466,21451,15829,7760,13728
0500000US01069,01069,"Houston County, Alabama",20900,4405,29375,8506,30632,7369,10142,6248,15701,10361,34896,29371,11074,659
0500000US01073,01073,"Jefferson County, Alabama",18650,1673,19413,1671,20706,1916,13937,4552,15757,2849,25875,8264,8491,4497
0500000US01077,01077,"Lauderdale County, Alabama",56924,22967,60823,6454,60823,6454,-,**,18125,15541,-,**,-,**
0500000US01089,01089,"Madison County, Alabama",21153,3848,24165,12233,41993,30397,4529,6391,13952,5366,35597,14282,6925,4075
0500000US01095,01095,"Marshall County, Alabama",20194,3095,20275,6057,24368,8811,10267,8107,20152,7715,20947,4092,5675,2373
0500000US01097,01097,"Mobile County, Alabama",25866,3929,26640,6890,31285,14968,"2,500-",***,20677,12608,46216,17538,7473,10130
0500000US01101,01101,"Montgomery County, Alabama",19703,1434,19678,1701,21292,5069,10337,5329,19934,7926,28578,14118,18351,17606
0500000US01103,01103,"Morgan County, Alabama",16875,4506,20732,4560,25118,4227,11929,2721,10321,1970,21131,9652,7875,3339
0500000US01115,01115,"St. Clair County, Alabama",22060,11238,26495,25271,50522,52842,-,**,11624,7350,12383,2103,"2,500-",***
0500000US01117,01117,"Shelby County, Alabama",17201,4420,20551,2585,22440,2530,10487,6321,11320,2401,18329,5002,5733,9716
0500000US01121,01121,"Talladega County, Alabama",11778,20772,10975,12444,-,**,10417,1165,30357,14874,-,**,30357,14874
0500000US01125,01125,"Tuscaloosa County, Alabama",11938,2822,12141,3419,15519,4665,11276,344,11365,1157,24911,31697,10321,7324
0500000US02020,02020,"Anchorage Municipality, Alaska",30103,6960,31179,2980,35158,5421,11686,6353,23434,5294,35194,7357,13097,6397
0500000US02090,02090,"Fairbanks North Star Borough, Alaska",22287,12933,27884,12009,46250,26778,20411,19294,11148,23090,31692,17293,8380,12432
0500000US02170,02170,"Matanuska-Susitna Borough, Alaska",37383,12830,41239,13859,55238,18643,16776,38338,25139,26832,56323,7878,6231,1898
0500000US04001,04001,"Apache County, Arizona",20581,12806,40689,7876,45015,7530,4432,5412,13037,12518,23103,47267,"2,500-",***
0500000US04003,04003,"Cochise County, Arizona",17108,1893,17340,2179,28371,8286,8412,2293,16836,2783,25874,2352,5065,2644
0500000US04005,04005,"Coconino County, Arizona",21671,1807,23682,5063,38080,16399,11368,1111,20492,2719,30616,10391,4918,2714
0500000US04013,04013,"Maricopa County, Arizona",22383,499,24904,851,31089,531,11310,661,20055,704,29462,1394,9863,797
0500000US04015,04015,"Mohave County, Arizona",16294,1258,18931,7743,24940,6227,10140,6513,16033,1189,17260,5987,10954,1562
0500000US04017,04017,"Navajo County, Arizona",26793,13096,21740,18156,37460,25578,12206,9729,30245,11236,33333,4372,14403,6195
0500000US04019,04019,"Pima County, Arizona",20934,867,22438,1614,31692,1196,9800,955,19159,1562,27371,1578,8732,776
0500000US04021,04021,"Pinal County, Arizona",24216,1974,28771,5440,38244,3042,8951,2131,20946,1576,27580,6553,9187,1908
0500000US04025,04025,"Yavapai County, Arizona",16633,6109,21580,6409,26342,6638,12144,6001,11316,2503,24523,10477,8750,4822
0500000US04027,04027,"Yuma County, Arizona",17215,1806,21597,1596,30556,2268,9227,1612,11825,1297,26813,4006,6861,754
0500000US05007,05007,"Benton County, Arkansas",20043,2167,21399,2073,26002,1164,10820,706,18470,1994,20137,3136,10759,1752
0500000US05031,05031,"Craighead County, Arkansas",21626,9889,21967,13348,25448,26185,18987,12349,16107,26214,32874,30519,15125,23296
0500000US05045,05045,"Faulkner County, Arkansas",20495,9332,21979,6955,26213,8191,10837,7781,11012,825,15962,24913,10151,5837
0500000US05051,05051,"Garland County, Arkansas",16123,1681,16445,999,16942,4782,15744,6067,13925,17545,26875,15182,"2,500-",***
0500000US05069,05069,"Jefferson County, Arkansas",21135,11291,21135,11291,22859,2539,"2,500-",***,-,**,-,**,-,**
0500000US05085,05085,"Lonoke County, Arkansas",18801,10442,40762,24127,42027,19365,16081,5842,3488,3425,26613,13250,2655,2840
0500000US05119,05119,"Pulaski County, Arkansas",20994,814,21302,736,21727,721,12125,5374,18054,4665,24011,3311,16439,1269
0500000US05125,05125,"Saline County, Arkansas",25941,9499,26338,6330,26790,8258,18029,39948,19361,21724,31828,23563,11238,2824
0500000US05131,05131,"Sebastian County, Arkansas",18799,4393,23997,4970,25037,4200,16772,12812,14307,5095,16200,2743,6612,5286
0500000US05143,05143,"Washington County, Arkansas",21068,4307,25389,3506,27213,3703,10279,2887,16711,4203,24174,4457,8533,2456
0500000US06001,06001,"Alameda County, California",24426,1007,26260,1092,36518,1947,12167,1094,21259,1240,32416,2427,9725,1090
0500000US06007,06007,"Butte County, California",15397,3255,17717,5635,28692,9364,4889,2437,11430,3948,23798,3894,5668,2638
0500000US06013,06013,"Contra Costa County, California",24741,1601,27182,2209,40226,3664,12506,1536,21003,1316,35704,4726,10443,1154
0500000US06017,06017,"El Dorado County, California",17779,5336,20094,5590,29723,3645,10219,3418,16523,4240,38092,6344,11505,1676
0500000US06019,06019,"Fresno County, California",17856,830,19601,836,29241,3040,9532,923,15078,1418,28224,2234,8260,745
0500000US06023,06023,"Humboldt County, California",15313,3143,16606,4342,35321,26714,15131,14849,11877,3810,23604,4275,6489,1407
0500000US06025,06025,"Imperial County, California",20130,2127,23993,2882,35804,5098,9730,2481,13377,3233,28479,3558,7656,1181
0500000US06029,06029,"Kern County, California",18474,1186,21536,596,30092,1578,11072,630,14241,1628,24358,2504,8147,545
0500000US06031,06031,"Kings County, California",19927,1647,22076,2366,29804,3093,8565,1031,16471,1522,22237,2799,7136,1799
0500000US06033,06033,"Lake County, California",13588,4453,13735,5941,25618,6342,6989,7575,13277,7761,17306,11652,8058,7637
0500000US06037,06037,"Los Angeles County, California",21067,152,22701,336,30417,267,11359,210,18313,360,27634,700,9438,260
0500000US06039,06039,"Madera County, California",17976,1574,18937,2167,26977,4215,12392,2635,16216,3252,27869,4756,9493,2067
0500000US06041,06041,"Marin County, California",19826,2591,22495,6399,31679,2394,7141,3246,15395,4077,26935,6592,7101,2631
0500000US06045,06045,"Mendocino County, California",13858,1990,14443,4493,22191,7771,7686,7262,11804,7477,19968,34139,9606,5719
0500000US06047,06047,"Merced County, California",21125,1259,24399,1927,32838,5479,11890,1176,15829,2733,26267,5631,7215,844
0500000US06053,06053,"Monterey County, California",18617,1185,20461,988,30237,2126,12266,967,15976,1338,25592,2779,10190,782
0500000US06055,06055,"Napa County, California",20848,3258,25218,7898,35768,4261,13074,2052,17842,2636,29504,7989,10447,2801
0500000US06057,06057,"Nevada County, California",20914,2373,21509,11855,23479,17709,16534,10714,20611,2538,21514,707,10849,14997
0500000US06059,06059,"Orange County, California",21739,518,24517,820,30810,815,11540,581,18348,816,28470,2244,10115,466
0500000US06061,06061,"Placer County, California",23822,2752,30147,8908,40705,3677,13525,2919,17279,4474,28464,7534,7953,2485
0500000US06065,06065,"Riverside County, California",21584,502,25060,912,33818,2076,10625,704,17363,858,28466,1767,8710,504
0500000US06067,06067,"Sacramento County, California",22458,1179,24031,1545,35268,2602,10431,912,21125,1347,33837,2303,8455,764
0500000US06071,06071,"San Bernardino County, California",22595,644,26326,781,36486,1250,10482,806,18629,859,30039,1912,8942,656
0500000US06073,06073,"San Diego County, California",22734,753,25918,742,32888,1501,11853,537,19616,930,30366,998,9856,581
0500000US06075,06075,"San Francisco County, California",28036,3310,30149,3639,40195,3465,10912,1017,25974,5044,43148,9432,10891,1346
0500000US06077,06077,"San Joaquin County, California",22004,1270,26326,1000,32409,2432,12079,1782,15094,1723,31919,1793,6965,952
0500000US06079,06079,"San Luis Obispo County, California",21289,1539,26818,4871,32366,8434,10890,1452,16175,1748,24714,3130,10068,3240
0500000US06081,06081,"San Mateo County, California",25192,1651,26509,1331,35072,2889,13637,2055,21935,2099,34549,3911,11401,1916
0500000US06083,06083,"Santa Barbara County, California",19998,1244,22653,1388,29546,3151,11578,801,16247,1893,28131,3389,8847,1557
0500000US06085,06085,"Santa Clara County, California",24981,1158,26797,1127,37029,2220,11640,1270,21645,982,36400,3146,10537,755
0500000US06087,06087,"Santa Cruz County, California",20218,1639,22326,3516,31298,5388,11496,1696,17266,2117,29191,5168,12468,1747
0500000US06089,06089,"Shasta County, California",25314,9450,30869,9448,48109,12492,12106,6694,20898,7178,31142,9415,"2,500-",***
0500000US06095,06095,"Solano County, California",21651,1243,22306,1851,35182,4779,12365,2524,20607,2167,34730,7275,10698,1018
0500000US06097,06097,"Sonoma County, California",21695,1453,23632,1487,28596,3517,13345,3136,18081,2783,27245,4748,10441,1737
0500000US06099,06099,"Stanislaus County, California",20831,827,25055,2581,36339,1989,11168,1191,14759,2248,29554,3208,7917,1212
0500000US06101,06101,"Sutter County, California",20581,3961,24361,4163,33204,3021,8264,2257,16362,4128,38889,10617,7356,2989
0500000US06107,06107,"Tulare County, California",16288,1224,19767,2555,31298,1440,8729,434,13460,1763,25535,1686,7739,587
0500000US06111,06111,"Ventura County, California",21382,603,22656,1421,31999,1143,10888,740,18782,2372,30791,1794,9726,888
0500000US06113,06113,"Yolo County, California",21770,1703,25181,3514,34459,4619,10492,975,20599,1981,35463,3477,8749,1995
0500000US06115,06115,"Yuba County, California",18980,2413,25447,4346,32086,9393,11070,3252,12719,5293,22286,3139,6781,1057
0500000US08001,08001,"Adams County, Colorado",22165,926,24925,1291,31543,1988,12144,2339,17058,1610,28449,2989,8231,1600
0500000US08005,08005,"Arapahoe County, Colorado",23554,2218,26201,1541,32864,3599,11177,1752,20420,1896,32065,4812,7638,2461
0500000US08013,08013,"Boulder County, Colorado",23665,3148,26475,4395,32193,5847,13832,5541,17467,6369,26817,6937,4829,3064
0500000US08031,08031,"Denver County, Colorado",21348,1017,22186,1613,31350,1815,11257,1985,20194,1814,30637,1964,9151,1288
0500000US08035,08035,"Douglas County, Colorado",32012,7011,36108,8504,50035,12943,11315,8706,26871,8634,41085,5466,8020,4263
0500000US08041,08041,"El Paso County, Colorado",23250,2074,24855,2638,30439,2719,9810,3200,21892,1899,31140,2880,8717,1849
0500000US08059,08059,"Jefferson County, Colorado",28724,4340,32249,3162,41299,2333,11827,1339,24576,4529,35861,1783,10742,1516
0500000US08069,08069,"Larimer County, Colorado",17723,4559,21053,10201,39138,5231,8986,1718,15308,5405,31570,9532,7917,3443
0500000US08077,08077,"Mesa County, Colorado",22388,3050,23718,5539,30592,7306,10310,10270,18708,7019,26678,6460,11002,7581
0500000US08101,08101,"Pueblo County, Colorado",21542,2166,25941,2102,36800,3441,8413,3000,17234,2939,31125,3423,7776,2574
0500000US08123,08123,"Weld County, Colorado",21357,1992,24086,3503,34314,5771,14836,8610,17643,3978,27032,5215,9917,3611
0500000US09001,09001,"Fairfield County, Connecticut",22306,1209,26041,2004,34105,4589,12372,1656,18058,2682,31318,4226,10013,1245
0500000US09003,09003,"Hartford County, Connecticut",23924,2200,26345,3691,34898,3188,11691,841,21335,1422,34155,2870,10267,1406
0500000US09005,09005,"Litchfield County, Connecticut",30181,6451,38360,8920,40705,4152,9495,8219,23498,13580,52506,30612,7996,3766
0500000US09007,09007,"Middlesex County, Connecticut",18130,8825,30329,31667,39375,25695,4754,7061,15724,8290,36111,38259,7453,5835
0500000US09009,09009,"New Haven County, Connecticut",21606,1470,23572,2839,36949,4534,11720,1326,19389,2392,30587,2754,10942,956
0500000US09011,09011,"New London County, Connecticut",22400,2685,28223,6283,41879,21593,11062,4677,19643,2085,23000,2777,10247,3867
0500000US09013,09013,"Tolland County, Connecticut",14199,8463,12852,10316,35697,21441,6457,9073,20931,11589,26391,14637,10226,10657
0500000US09015,09015,"Windham County, Connecticut",11960,8038,11555,6839,33260,4612,4123,5109,15361,17068,40361,8148,3732,10423
0500000US10001,10001,"Kent County, Delaware",24912,23455,35524,6664,50695,8469,17236,4521,11956,36737,61738,22538,5797,1843
0500000US10003,10003,"New Castle County, Delaware",24012,2522,25002,3115,31707,2272,10445,3445,22226,3641,31355,2775,10952,1052
0500000US10005,10005,"Sussex County, Delaware",17346,4427,22202,9020,35452,19633,7596,1716,12856,4191,21047,9681,8762,4686
0500000US11001,11001,"District of Columbia, District of Columbia",26667,2181,26913,5700,35326,2349,16474,948,26497,3125,41042,12125,12128,2816
0500000US12001,12001,"Alachua County, Florida",15534,4492,16323,10424,42407,21863,5801,5005,13482,6834,28357,7532,4022,1187
0500000US12005,12005,"Bay County, Florida",26034,4618,26670,15921,46480,36877,8225,11072,20613,12649,30530,11327,2890,15261
0500000US12009,12009,"Brevard County, Florida",25458,2726,31205,3934,39739,7683,9415,8706,18252,5370,26967,4364,11013,1801
0500000US12011,12011,"Broward County, Florida",25982,1029,28604,2910,37905,3319,11836,805,23363,1614,32143,1394,10818,867
0500000US12015,12015,"Charlotte County, Florida",25635,4269,22317,11235,40237,28755,7856,4194,26371,2473,35607,10708,14461,20666
0500000US12017,12017,"Citrus County, Florida",15571,14701,25606,19615,35746,17998,8326,4515,3467,19721,31795,21984,"2,500-",***
0500000US12019,12019,"Clay County, Florida",26229,8880,40253,17993,50527,19799,8839,20932,18435,8132,31462,7046,10370,3486
0500000US12021,12021,"Collier County, Florida",18553,2683,20757,2727,25938,1582,9015,3309,16748,757,22326,2323,9083,3681
0500000US12023,12023,"Columbia County, Florida",17772,9870,16622,21032,34104,27816,"2,500-",***,18911,17792,37905,17124,8358,22629
0500000US12031,12031,"Duval County, Florida",26157,1608,27426,5742,37331,6618,15371,7019,20164,2929,35110,6698,8414,3625
0500000US12033,12033,"Escambia County, Florida",19980,2298,21680,3662,31720,11661,12183,7550,12904,2663,20319,7014,4911,8093
0500000US12035,12035,"Flagler County, Florida",21404,11723,21313,34082,45065,74021,9620,2983,21457,11725,22489,21268,6597,5368
0500000US12053,12053,"Hernando County, Florida",25980,3357,26638,4414,41140,12986,14674,9454,25027,10513,30000,16761,4327,2101
0500000US12055,12055,"Highlands County, Florida",16978,3487,16529,4308,22296,9716,10636,1528,18533,5678,20576,6353,17690,12802
0500000US12057,12057,"Hillsborough County, Florida",21035,1030,23074,1912,30521,2141,10314,1281,18637,2062,26950,1317,8919,893
0500000US12061,12061,"Indian River County, Florida",20617,3787,21557,3312,33136,30291,15829,11479,18266,7306,26301,11229,11858,8426
0500000US12069,12069,"Lake County, Florida",22418,5735,26398,4343,34232,11107,11175,2488,21122,1965,22347,3978,15748,7425
0500000US12071,12071,"Lee County, Florida",19296,2028,20662,1549,26887,1311,11420,1121,16755,1947,23960,2313,10502,1700
0500000US12073,12073,"Leon County, Florida",10370,3148,11819,5551,40654,13311,5972,2562,8213,3299,32171,7213,4719,1909
0500000US12081,12081,"Manatee County, Florida",17417,3578,23248,5048,26507,1351,9324,4634,12024,2164,22585,3019,7551,3322
0500000US12083,12083,"Marion County, Florida",16333,5557,19009,6412,30630,14635,9207,4765,14415,4318,23990,2665,7893,2261
0500000US12085,12085,"Martin County, Florida",17546,3218,17986,3914,22066,3345,9784,2417,16424,5306,26339,79482,7383,7942
0500000US12086,12086,"Miami-Dade County, Florida",23438,581,25325,600,31785,580,11268,470,21665,446,29976,1107,10366,385
0500000US12087,12087,"Monroe County, Florida",21548,1833,24755,3161,26542,5110,10625,5984,17596,6627,21546,1005,8677,1359
0500000US12091,12091,"Okaloosa County, Florida",20035,5713,27085,9882,36719,19506,9092,8322,12962,4480,29433,14342,7197,4235
0500000US12095,12095,"Orange County, Florida",21169,766,22272,1681,30044,2414,11428,919,19993,1599,27381,2475,9017,1144
0500000US12097,12097,"Osceola County, Florida",20218,1975,20854,1586,26498,2766,10595,1909,18318,3867,24882,1774,8499,2292
0500000US12099,12099,"Palm Beach County, Florida",20145,1054,21242,1089,27848,3264,11035,997,17877,1478,27805,2775,10354,683
0500000US12101,12101,"Pasco County, Florida",22441,3288,25940,1913,37086,5757,9511,2909,20685,1923,28721,4069,8910,1945
0500000US12103,12103,"Pinellas County, Florida",22171,1969,24469,3024,30930,3182,9953,2628,20247,1977,29881,2707,10031,3633
0500000US12105,12105,"Polk County, Florida",21925,1466,23623,3642,31178,1523,10747,1507,20428,2390,27251,3303,8406,2280
0500000US12107,12107,"Putnam County, Florida",14866,2682,14355,2826,15100,3959,13154,7327,17269,16649,20917,11440,13311,46754
0500000US12109,12109,"St. Johns County, Florida",21164,9333,17456,22169,57804,38856,11126,6095,22707,9786,32182,40533,15544,11370
0500000US12111,12111,"St. Lucie County, Florida",20812,3950,23821,5395,26268,1150,13543,2181,18798,2041,25542,3892,7853,9296
0500000US12113,12113,"Santa Rosa County, Florida",29061,1088,29912,17398,39351,20337,16639,13229,28090,25769,50286,35193,11459,28692
0500000US12115,12115,"Sarasota County, Florida",21477,1454,22699,2641,26533,1952,16372,2836,20515,2542,27233,7681,12008,4352
0500000US12117,12117,"Seminole County, Florida",20425,1317,20806,1642,30568,3510,10883,1346,20018,1932,27934,4172,11092,1505
0500000US12127,12127,"Volusia County, Florida",22320,2130,23147,4380,30915,4025,11741,2583,21843,1762,26400,2362,10749,2673
0500000US13021,13021,"Bibb County, Georgia",22290,8416,27169,22173,28723,49014,10353,11292,20474,4695,20884,4424,17232,9689
0500000US13031,13031,"Bulloch County, Georgia",18377,2088,18380,1845,18380,1845,-,**,4975,150538,-,**,"2,500-",***
0500000US13045,13045,"Carroll County, Georgia",17154,3704,16685,6154,25786,1782,9352,8128,20070,6634,41303,18944,16575,7067
0500000US13051,13051,"Chatham County, Georgia",17132,4077,16731,8343,35735,11149,10333,3049,17763,4025,24318,13810,6575,5431
0500000US13057,13057,"Cherokee County, Georgia",21746,3886,22177,7224,22260,10126,17334,18093,20793,5698,52013,44319,10397,10213
0500000US13059,13059,"Clarke County, Georgia",15875,5692,16547,8256,25622,3378,5343,4122,12132,8405,19620,12287,5859,3277
0500000US13063,13063,"Clayton County, Georgia",19489,2157,21404,1932,22241,2660,16334,4624,12063,2618,19495,2681,10292,2470
0500000US13067,13067,"Cobb County, Georgia",16643,1088,17968,1579,23735,1547,12326,1517,13800,2213,21986,5164,8107,1367
0500000US13073,13073,"Columbia County, Georgia",22335,18063,30492,27184,31144,35906,-,**,20781,19470,37169,28614,7235,16468
0500000US13077,13077,"Coweta County, Georgia",22969,10781,20679,19898,57674,31802,15651,14781,24832,7841,38263,25010,15969,16934
0500000US13089,13089,"DeKalb County, Georgia",18505,2685,20692,1229,22141,1190,15653,3185,12784,1917,22286,8713,10132,2126
0500000US13095,13095,"Dougherty County, Georgia",28988,16114,36887,17986,47603,151468,8763,2023,10994,29501,30892,1440,4047,704
0500000US13097,13097,"Douglas County, Georgia",29960,16578,37510,22468,41380,23233,16622,7024,28690,17378,29429,60833,3815,38471
0500000US13113,13113,"Fayette County, Georgia",28995,10862,32898,17801,45993,19983,8262,4062,28067,10179,32974,5541,10660,15340
0500000US13115,13115,"Floyd County, Georgia",16604,2484,15849,2995,38156,25431,11730,5673,20246,7435,24112,8409,7454,4721
0500000US13117,13117,"Forsyth County, Georgia",25693,5336,25245,7213,45188,22735,8182,7081,26088,9984,31235,12641,8736,2926
0500000US13121,13121,"Fulton County, Georgia",19919,2392,22223,3850,25778,1671,11586,1278,14845,3846,25436,9185,8134,1550
0500000US13127,13127,"Glynn County, Georgia",14606,3533,18199,8382,32012,18227,13135,2729,10761,8449,19835,10843,9308,7627
0500000US13135,13135,"Gwinnett County, Georgia",21568,1457,23562,2515,28826,2315,10512,2060,18483,2707,24310,2809,11051,1952
0500000US13139,13139,"Hall County, Georgia",17884,2827,20080,3282,23409,4453,15775,2352,15337,5419,20092,2387,5558,1795
0500000US13151,13151,"Henry County, Georgia",23525,16796,36177,33482,61523,23640,11173,1718,22594,18750,27226,45807,4709,2138
0500000US13153,13153,"Houston County, Georgia",50319,33442,51887,29888,52075,22066,-,**,31193,30362,32952,66817,6294,647
0500000US13179,13179,"Liberty County, Georgia",22333,6736,31225,12847,39468,3293,15725,14198,19222,4461,21262,1650,14821,9357
0500000US13185,13185,"Lowndes County, Georgia",20104,20188,20422,15090,21524,539,5588,2313,7612,17846,28703,12784,"2,500-",***
0500000US13215,13215,"Muscogee County, Georgia",24834,7065,21768,15804,39011,28562,3987,2253,26455,7009,28219,3147,10956,18108
0500000US13217,13217,"Newton County, Georgia",20427,30662,32388,54768,50980,13550,6307,5475,9807,39700,39347,16625,8383,3132
0500000US13223,13223,"Paulding County, Georgia",21114,17526,19810,36565,38462,41862,3763,53013,21365,7132,22065,8423,3531,3124
0500000US13245,13245,"Richmond County, Georgia",27813,7491,32162,6547,39963,18130,15010,6528,17303,15091,28069,8734,8931,1389
0500000US13247,13247,"Rockdale County, Georgia",15725,3923,15965,5613,17462,10208,7487,7676,15356,2175,20467,5405,10845,3352
0500000US13295,13295,"Walker County, Georgia",35857,31842,35964,27899,-,**,"2,500-",***,-,**,-,**,-,**
0500000US13297,13297,"Walton County, Georgia",4480,812,3796,543,-,**,3796,543,5082,1543,31390,619,4603,838
0500000US13313,13313,"Whitfield County, Georgia",19609,2974,20552,2107,22175,5886,7182,4265,17304,2827,20721,3719,7303,2077
0500000US15001,15001,"Hawaii County, Hawaii",21570,3284,25840,8120,36194,6768,8544,4129,19114,4006,28306,10050,13472,2590
0500000US15003,15003,"Honolulu County, Hawaii",28560,3223,31623,2432,40433,3164,12500,5807,24213,3960,33775,5232,8982,1459
0500000US15007,15007,"Kauai County, Hawaii",23253,6158,19811,17573,42783,9546,5899,5218,27220,10155,34205,2515,7246,22507
0500000US15009,15009,"Maui County, Hawaii",22061,2013,21997,4230,35619,3578,9159,4745,22102,3396,31512,14916,12326,11807
0500000US16001,16001,"Ada County, Idaho",16354,1912,25187,7234,32663,4529,4503,4302,13499,3853,26081,4061,6790,3482
0500000US16005,16005,"Bannock County, Idaho",16839,7746,18234,25321,44735,58643,5184,2490,12095,12736,25959,11060,10781,8979
0500000US16019,16019,"Bonneville County, Idaho",16642,7861,24469,10789,35752,5216,4378,10883,12709,1814,13235,1696,11724,3641
0500000US16027,16027,"Canyon County, Idaho",20367,3077,24003,3436,27468,4819,12879,9745,11693,6502,21379,1402,7794,4192
0500000US16055,16055,"Kootenai County, Idaho",15668,5667,15972,4945,30253,18152,7424,3515,12345,12289,37844,20555,4253,7636
0500000US16083,16083,"Twin Falls County, Idaho",18999,2983,20532,6004,29694,5007,10900,3542,17642,10028,31934,22268,5914,3453
0500000US17001,17001,"Adams County, Illinois",21883,8815,38418,29482,38987,3809,6698,1799,20965,1297,21068,956,6645,25424
0500000US17019,17019,"Champaign County, Illinois",16173,3430,17271,7552,35544,22016,7028,3177,14697,3282,38160,16639,6627,4165
0500000US17031,17031,"Cook County, Illinois",22657,617,25326,592,31449,607,11119,476,20298,443,27788,1106,10299,371
0500000US17037,17037,"DeKalb County, Illinois",12267,5663,13419,7193,31971,9390,5233,3512,11812,6919,53018,35689,4629,4649
0500000US17043,17043,"DuPage County, Illinois",22510,1826,24286,2650,34510,4628,12134,1704,21150,1652,29616,2522,8603,2642
0500000US17089,17089,"Kane County, Illinois",20704,658,22024,808,28136,2379,14137,2026,17709,1733,22455,1553,9176,1652
0500000US17091,17091,"Kankakee County, Illinois",20509,3984,19252,3685,22000,14005,5767,4528,22135,8669,25044,8065,20128,27031
0500000US17093,17093,"Kendall County, Illinois",40257,6751,40641,5966,41902,7852,11117,5134,33611,29192,41078,2823,12094,21174
0500000US17097,17097,"Lake County, Illinois",20612,881,22356,2200,31062,2797,13055,2296,17892,1348,22634,2065,9627,1880
0500000US17099,17099,"LaSalle County, Illinois",22387,2432,24207,9168,30562,4614,8715,21748,18854,1951,24430,2865,12018,5652
0500000US17111,17111,"McHenry County, Illinois",22476,2256,24537,4919,31365,4464,11432,5228,20920,4441,25955,3684,12837,3474
0500000US17113,17113,"McLean County, Illinois",17405,10920,30976,10276,37405,6967,4504,8230,10110,5143,13785,12110,8882,6713
0500000US17115,17115,"Macon County, Illinois",16857,10657,25860,17729,60449,45674,12803,29782,15618,5708,17486,10304,13786,39427
0500000US17119,17119,"Madison County, Illinois",21671,10256,22586,11513,34167,16105,4154,1910,21647,15308,40802,26680,8866,2715
0500000US17143,17143,"Peoria County, Illinois",22750,7677,25055,12071,41366,31064,3964,4682,22700,10837,31012,6572,8473,6212
0500000US17161,17161,"Rock Island County, Illinois",22334,2877,30104,6519,35097,6335,11059,7279,16928,4383,24168,6680,8276,4250
0500000US17163,17163,"St. Clair County, Illinois",21666,1975,24211,6688,30038,17957,8110,6822,17470,4244,21619,5367,11125,5714
0500000US17167,17167,"Sangamon County, Illinois",16978,8369,18712,9802,52901,56858,7284,5550,16556,18317,31721,21015,4676,6017
0500000US17179,17179,"Tazewell County, Illinois",22273,16463,23845,10974,30241,19585,10374,2850,7842,14343,25845,3132,5894,2258
0500000US17183,17183,"Vermilion County, Illinois",30425,2678,30913,1208,31256,1655,3927,4145,27788,8290,27788,8290,-,**
0500000US17197,17197,"Will County, Illinois",26010,1332,30161,3739,36593,4463,13288,2842,21785,1341,32105,6266,8005,2249
0500000US17201,17201,"Winnebago County, Illinois",21409,2723,25293,2441,28710,4167,6793,4118,19198,2177,25562,5137,8091,4710
0500000US18003,18003,"Allen County, Indiana",21860,3453,23705,3372,29766,7814,10367,4770,19507,5201,26967,5679,8221,3702
0500000US18005,18005,"Bartholomew County, Indiana",19720,4418,19528,7556,19931,8401,-,**,20550,5431,23091,3053,14164,5067
0500000US18019,18019,"Clark County, Indiana",19517,9233,21220,9669,26153,7131,15679,3172,17269,24579,25826,25036,"2,500-",***
0500000US18035,18035,"Delaware County, Indiana",8577,3367,6183,1233,"2,500-",***,6183,885,9754,9963,51160,30213,7819,8672
0500000US18039,18039,"Elkhart County, Indiana",21353,1913,24595,2384,26606,1345,7846,2924,16374,2246,26250,4390,7254,3579
0500000US18043,18043,"Floyd County, Indiana",21188,7799,25331,11214,26412,859,16063,8164,20188,7973,16948,131593,20583,11816
0500000US18053,18053,"Grant County, Indiana",46250,24941,53816,21635,53940,22940,-,**,18568,7340,51289,14411,17516,8432
0500000US18057,18057,"Hamilton County, Indiana",38422,18778,60165,56996,60935,34438,"2,500-",***,19938,34759,42425,39055,4520,13605
0500000US18063,18063,"Hendricks County, Indiana",20473,11431,4942,36133,36304,3786,"2,500-",***,21281,5589,21825,6376,-,**
0500000US18085,18085,"Kosciusko County, Indiana",20715,5816,21127,12463,27921,18350,7166,7743,20417,13057,28283,6643,6959,1437
0500000US18089,18089,"Lake County, Indiana",24195,3763,28332,4273,39227,4910,12115,2483,19161,2348,31958,2851,10059,1408
0500000US18091,18091,"LaPorte County, Indiana",22897,5045,33176,11299,35891,17826,11103,13684,15066,10456,35889,20235,6273,6061
0500000US18097,18097,"Marion County, Indiana",18254,1676,20044,1948,25266,2038,11507,2110,16278,2466,23935,4058,10079,2879
0500000US18109,18109,"Morgan County, Indiana",58263,21580,81182,23929,81318,20112,-,**,"2,500-",***,37226,7110,"2,500-",***
0500000US18127,18127,"Porter County, Indiana",25962,10935,38560,17558,56715,26622,8387,14240,17375,6754,40468,13125,7470,8164
0500000US18141,18141,"St. Joseph County, Indiana",20568,2732,22275,2461,27186,5764,12431,6473,17294,2759,31182,5555,9295,5118
0500000US18157,18157,"Tippecanoe County, Indiana",24216,7629,27534,11006,31193,1366,5933,19083,20396,5865,25614,663,3491,10107
0500000US18167,18167,"Vigo County, Indiana",12410,3324,13582,2734,14724,6292,10033,8850,11059,27958,40951,1412,10151,8539
0500000US18177,18177,"Wayne County, Indiana",16514,6189,23018,11351,23018,11351,-,**,8433,5350,9769,11923,7682,6974
0500000US19013,19013,"Black Hawk County, Iowa",25301,8412,26807,7025,29968,13889,15511,10848,17125,14210,28898,1545,8840,11024
0500000US19049,19049,"Dallas County, Iowa",20625,12081,35428,13653,40752,5458,"2,500-",***,15572,11691,16725,40325,15155,20217
0500000US19061,19061,"Dubuque County, Iowa",16133,8680,18404,25869,25048,47876,"2,500-",***,10389,3418,22222,15897,9074,5500
0500000US19103,19103,"Johnson County, Iowa",26454,9280,31716,10044,36966,14213,4265,4770,20511,14624,30565,9742,6147,2202
0500000US19113,19113,"Linn County, Iowa",14212,9274,10178,8760,22220,26329,3707,4269,23837,10456,29357,10279,10912,8988
0500000US19153,19153,"Polk County, Iowa",22655,2927,22237,5011,30035,8748,11634,4280,23115,3694,27846,1644,6580,4493
0500000US19155,19155,"Pottawattamie County, Iowa",25955,3727,28051,13679,29428,18334,25304,20346,25644,3157,25718,3122,9441,39560
0500000US19163,19163,"Scott County, Iowa",22371,8073,30641,15231,45357,14585,4712,17543,12432,16434,24266,34049,10274,2054
0500000US19169,19169,"Story County, Iowa",5194,2617,8600,2693,40917,26147,7466,3578,4277,1620,6711,18898,3961,980
0500000US19193,19193,"Woodbury County, Iowa",21437,3161,21651,5208,24611,9803,6916,4064,21230,3256,21481,3596,7150,28265
0500000US20015,20015,"Butler County, Kansas",28799,5021,28995,9832,31592,4790,5884,1942,27714,22351,31789,47184,4625,17142
0500000US20045,20045,"Douglas County, Kansas",11170,1697,11857,3316,23450,3494,8133,3797,10877,2292,28733,22299,7020,6403
0500000US20091,20091,"Johnson County, Kansas",27207,5073,31452,5067,39328,6666,15950,8596,24761,5105,35340,5009,8745,4312
0500000US20103,20103,"Leavenworth County, Kansas",17587,11677,30457,16669,31499,14276,"2,500-",***,12190,5349,18843,30977,6678,8083
0500000US20161,20161,"Riley County, Kansas",20808,16325,12236,15224,25349,14987,11278,764,23974,15028,34243,30000,5744,13871
0500000US20173,20173,"Sedgwick County, Kansas",19569,2080,21667,1282,29035,3638,9966,2221,14979,1987,22436,3363,10401,2577
0500000US20177,20177,"Shawnee County, Kansas",18089,3880,21769,2241,27059,6697,4298,4879,15880,2339,20658,4036,10116,1680
0500000US20209,20209,"Wyandotte County, Kansas",17422,1574,18609,3075,24258,3768,11631,2003,16426,2043,20970,1496,9031,3268
0500000US21015,21015,"Boone County, Kentucky",21539,19338,41119,59854,77574,87306,10063,8219,13772,7258,42684,35313,13094,6143
0500000US21029,21029,"Bullitt County, Kentucky",24721,3377,22899,5500,-,**,12168,11436,35479,11851,35348,12625,50500,48289
0500000US21047,21047,"Christian County, Kentucky",20382,3157,21967,8542,21967,8542,-,**,9094,3896,12439,19257,4599,6901
0500000US21059,21059,"Daviess County, Kentucky",20372,18553,20799,23850,51344,19115,"2,500-",***,-,**,-,**,-,**
0500000US21067,21067,"Fayette County, Kentucky",15903,1111,15989,1371,23669,2046,10666,2001,15756,1992,19665,4994,8304,2748
0500000US21093,21093,"Hardin County, Kentucky",31017,10608,36324,6860,37119,7151,16051,6246,15774,25390,32212,30677,4653,2541
0500000US21111,21111,"Jefferson County, Kentucky",19499,2811,21633,3966,32865,9893,9966,5206,15660,3362,23989,4707,5502,2255
0500000US21117,21117,"Kenton County, Kentucky",27917,15388,20017,12494,21242,13695,11531,172729,33018,19864,34695,16708,5146,7258
0500000US21145,21145,"McCracken County, Kentucky",13584,6801,30547,20055,30438,7664,60123,109186,12624,3161,-,**,12421,2826
0500000US21151,21151,"Madison County, Kentucky",5747,15701,28500,27966,28500,27966,-,**,"2,500-",***,-,**,"2,500-",***
0500000US21195,21195,"Pike County, Kentucky",15904,4763,17308,2937,17308,2937,-,**,"2,500-",***,-,**,"2,500-",***
0500000US21227,21227,"Warren County, Kentucky",14554,7474,22086,2941,22509,2799,9321,21535,8859,4527,10302,1882,4245,7425
0500000US22015,22015,"Bossier Parish, Louisiana",21783,2991,23573,2118,24762,4675,18078,18363,12131,12890,56172,38192,10639,5587
0500000US22017,22017,"Caddo Parish, Louisiana",30047,12739,22321,10194,22333,9446,14918,64301,35592,19133,36005,8085,"2,500-",***
0500000US22019,22019,"Calcasieu Parish, Louisiana",36328,17769,45603,16360,45632,16384,-,**,6949,9095,50067,32517,4685,2645
0500000US22033,22033,"East Baton Rouge Parish, Louisiana",17292,7575,22740,11139,41375,7151,11700,10888,9858,5265,14949,17195,6087,1699
0500000US22045,22045,"Iberia Parish, Louisiana",21780,21331,33597,13274,34492,8449,20860,5369,9929,18323,-,**,8589,800
0500000US22051,22051,"Jefferson Parish, Louisiana",22342,2353,24952,2221,28129,5772,12013,3374,17291,4040,25353,5169,11586,1892
0500000US22055,22055,"Lafayette Parish, Louisiana",21304,2677,27635,10450,40771,16412,10654,7453,12404,5235,21081,2250,9500,1986
0500000US22057,22057,"Lafourche Parish, Louisiana",31062,12860,36127,7311,36496,4457,18527,14453,20487,13517,22809,15138,14291,13736
0500000US22071,22071,"Orleans Parish, Louisiana",24021,3929,25642,3766,32334,17819,9241,1539,20906,8134,41186,8771,10128,2568
0500000US22073,22073,"Ouachita Parish, Louisiana",25487,9821,15871,15774,35417,17175,13693,6101,26807,4534,26807,4534,-,**
0500000US22097,22097,"St. Landry Parish, Louisiana",46029,7519,42232,7612,45750,16506,40839,1049,51271,88279,51271,88279,-,**
0500000US22103,22103,"St. Tammany Parish, Louisiana",17800,7366,18415,7998,24464,26277,10837,1836,14951,16875,40007,9415,9404,3716
0500000US22105,22105,"Tangipahoa Parish, Louisiana",22015,18952,21932,18050,30734,19020,20280,14103,32670,32431,33920,22841,"2,500-",***
0500000US22109,22109,"Terrebonne Parish, Louisiana",36860,12101,41119,14461,42651,19456,11976,12283,20106,18190,28348,15619,"2,500-",***
0500000US23001,23001,"Androscoggin County, Maine",27188,25123,28265,1930,28479,1661,3852,28352,3408,1406,-,**,3408,1406
0500000US23005,23005,"Cumberland County, Maine",18306,4587,17113,14706,26728,120040,3825,3646,19215,11157,42233,18061,12672,9533
0500000US24001,24001,"Allegany County, Maryland",4059,3445,"2,500-",***,"2,500-",***,5246,6364,4111,5453,12868,8758,3268,1657
0500000US24003,24003,"Anne Arundel County, Maryland",25806,2791,27520,3807,36755,6613,11315,3085,22921,5227,41649,9203,12324,3410
0500000US24005,24005,"Baltimore County, Maryland",29897,4665,32091,5188,36815,3788,7910,4921,17271,8441,27475,6519,7753,5481
0500000US24009,24009,"Calvert County, Maryland",25801,5452,26157,34740,59746,61295,23655,7869,25152,27088,99123,43156,8418,5585
0500000US24013,24013,"Carroll County, Maryland",30975,13342,25080,15633,32133,11619,11230,1043,54191,58337,88638,114388,6729,22394
0500000US24015,24015,"Cecil County, Maryland",15761,7887,16182,4291,88031,43318,15382,20796,11930,25588,33483,76294,10692,1857
0500000US24017,24017,"Charles County, Maryland",35728,10701,37395,14248,41511,26961,25992,9231,28025,23401,42241,17453,3597,2075
0500000US24021,24021,"Frederick County, Maryland",25855,2939,27055,6358,42269,11923,15017,12405,20874,9073,35173,2794,11912,5725
0500000US24025,24025,"Harford County, Maryland",31192,1151,41837,8144,43269,7530,5865,18745,21919,7311,40833,62388,8105,7895
0500000US24027,24027,"Howard County, Maryland",34831,5182,35266,7846,46871,18729,10580,4722,33380,22647,45549,9371,8829,3518
0500000US24031,24031,"Montgomery County, Maryland",24563,1283,26892,911,33354,3573,13337,2005,20781,1468,30850,3396,10643,640
0500000US24033,24033,"Prince George's County, Maryland",22582,1409,25404,1556,30390,1975,13912,1991,18017,2555,24616,2422,11063,1312
0500000US24037,24037,"St. Mary's County, Maryland",26766,18787,46895,51049,71602,51109,11635,31292,22117,11342,22983,10424,7433,95168
0500000US24043,24043,"Washington County, Maryland",20492,4086,30139,22228,30948,26287,16719,31388,20246,3072,45625,11105,18048,18567
0500000US24045,24045,"Wicomico County, Maryland",27899,2633,28313,1297,28921,2206,25302,37245,15421,27344,36890,34106,8732,4255
0500000US24510,24510,"Baltimore city, Maryland",21643,2786,23781,3119,30741,4794,14095,2905,15878,3488,35304,11116,10420,4195
0500000US25001,25001,"Barnstable County, Massachusetts",31434,21234,60128,64716,79420,32228,16809,104082,30329,17944,32148,2281,2850,4070
0500000US25003,25003,"Berkshire County, Massachusetts",16487,6353,21205,21742,36940,31206,16806,33343,11074,4931,37927,28872,9323,6681
0500000US25005,25005,"Bristol County, Massachusetts",22872,2815,25264,2474,29712,5065,11183,3341,16917,2627,28750,4297,7615,4562
0500000US25009,25009,"Essex County, Massachusetts",21926,1069,26901,2082,35108,2822,10521,1881,18621,1848,29220,2181,10163,1329
0500000US25013,25013,"Hampden County, Massachusetts",20399,2106,20669,3923,32029,3675,10008,3581,20126,2689,31662,3186,8895,1791
0500000US25015,25015,"Hampshire County, Massachusetts",7504,4909,7060,2025,32439,30703,5785,1176,10903,13907,27363,17736,3651,1055
0500000US25017,25017,"Middlesex County, Massachusetts",23281,3681,26548,2139,37880,4540,10584,2153,19951,2487,40773,3706,7941,2096
0500000US25021,25021,"Norfolk County, Massachusetts",30634,2873,32311,12091,65880,14852,7150,7125,30210,2687,43568,9730,10950,14641
0500000US25023,25023,"Plymouth County, Massachusetts",23842,4854,22452,9447,36020,13231,11605,4114,24066,9941,36517,5818,6350,6316
0500000US25025,25025,"Suffolk County, Massachusetts",22399,1195,24677,1819,32745,2106,11798,1235,20510,1603,35313,2674,11621,962
0500000US25027,25027,"Worcester County, Massachusetts",20860,1305,21104,1950,34064,8031,5813,2599,20470,2184,30639,2274,10608,2044
0500000US26005,26005,"Allegan County, Michigan",21784,4847,25013,10708,31167,13398,12656,11042,20447,12999,24487,14124,6455,4323
0500000US26017,26017,"Bay County, Michigan",25637,13095,22734,33274,25802,78635,7282,9505,32935,17648,38801,23379,11517,897
0500000US26021,26021,"Berrien County, Michigan",15434,3341,16279,1650,17378,3907,6786,8371,11521,5794,45234,45271,10363,6498
0500000US26025,26025,"Calhoun County, Michigan",21342,1930,25753,7288,30550,6692,4253,3234,20230,13245,21967,6163,11312,1567
0500000US26045,26045,"Eaton County, Michigan",16261,7169,16406,7941,26888,36195,2727,8574,15970,16587,36642,6716,10941,7529
0500000US26049,26049,"Genesee County, Michigan",15966,3690,21841,12457,31899,17191,5491,4157,14434,8034,30011,16034,3813,3286
0500000US26065,26065,"Ingham County, Michigan",17043,2130,18566,2502,36803,18061,7348,3528,15750,2028,21469,5492,7810,1847
0500000US26073,26073,"Isabella County, Michigan",5840,10619,4007,9698,55028,43760,3035,1748,12333,26213,23661,749,4785,1725
0500000US26075,26075,"Jackson County, Michigan",18498,5212,19730,3545,20405,3271,11671,14570,16014,10949,19907,17582,4935,8136
0500000US26077,26077,"Kalamazoo County, Michigan",19609,5030,23466,11088,31804,9406,3185,1472,18347,4739,21979,8438,8971,13829
0500000US26081,26081,"Kent County, Michigan",19365,2631,22235,2478,31009,5974,9586,2286,13004,3233,25057,3828,9554,1640
0500000US26087,26087,"Lapeer County, Michigan",17605,10892,18150,8367,35944,28006,14300,8762,11708,10683,22768,8647,8278,7669
0500000US26091,26091,"Lenawee County, Michigan",15748,9844,25126,28548,32210,33165,3645,1861,15455,5980,35214,8752,3571,2355
0500000US26093,26093,"Livingston County, Michigan",17398,9864,19369,8216,25223,50523,14354,2072,7311,26190,50308,17858,3750,5004
0500000US26099,26099,"Macomb County, Michigan",21820,6395,41098,20285,61065,18468,11203,4120,15628,2850,36118,5309,10613,5771
0500000US26111,26111,"Midland County, Michigan",37500,28075,14643,51000,58979,23326,9098,11909,52396,18373,52943,10362,7500,10093
0500000US26115,26115,"Monroe County, Michigan",18054,6628,17114,6807,27073,18525,10536,9142,21555,22786,31875,75708,6983,6505
0500000US26121,26121,"Muskegon County, Michigan",17775,9164,27219,17862,45003,3015,"2,500-",***,12107,9348,22134,19502,"2,500-",***
0500000US26125,26125,"Oakland County, Michigan",24423,4501,30531,4487,47500,17744,12862,3876,19851,5207,37157,7239,8735,1608
0500000US26139,26139,"Ottawa County, Michigan",20961,2434,26942,6154,28005,6286,18417,21784,10026,3157,23267,25293,4558,2767
0500000US26145,26145,"Saginaw County, Michigan",17379,4848,20610,8908,35450,16910,10820,2467,16786,4303,26878,10686,7394,5767
0500000US26147,26147,"St. Clair County, Michigan",14213,7386,23696,14063,40039,25436,12540,12604,12143,6881,25541,4405,"2,500-",***
0500000US26155,26155,"Shiawassee County, Michigan",15676,9515,30439,19952,42287,60357,7295,29848,13114,4672,-,**,12500,6632
0500000US26159,26159,"Van Buren County, Michigan",16223,10630,21180,25281,30919,37124,13425,5640,15061,6412,22013,16294,7500,7938
0500000US26161,26161,"Washtenaw County, Michigan",18999,4330,21817,4769,27292,8098,9766,4292,16295,3830,40169,27754,5190,3798
0500000US26163,26163,"Wayne County, Michigan",22317,2061,26215,2234,35512,4067,11527,1034,16656,1587,26545,2307,6105,917
0500000US27003,27003,"Anoka County, Minnesota",30526,3508,30275,5226,31545,1939,10054,7981,33313,12899,37252,6167,11630,11480
0500000US27013,27013,"Blue Earth County, Minnesota",19219,16836,11214,17234,65394,47289,4672,10540,35683,19955,37023,5703,14517,10447
0500000US27019,27019,"Carver County, Minnesota",27778,6051,28855,8336,37982,18706,11984,13384,12311,13374,35981,16872,3658,8920
0500000US27037,27037,"Dakota County, Minnesota",22211,3709,24699,7051,31209,5491,10245,3766,20576,5513,39639,16403,6573,3888
0500000US27053,27053,"Hennepin County, Minnesota",20657,1102,23125,1929,26974,1957,12370,3374,16656,1449,25216,3237,9789,1655
0500000US27109,27109,"Olmsted County, Minnesota",19976,12182,23672,13282,33014,21683,12088,5947,19023,10835,31711,14005,"2,500-",***
0500000US27123,27123,"Ramsey County, Minnesota",19605,2177,21778,6822,35825,6166,10136,4162,17701,2515,31823,8733,8230,3166
0500000US27137,27137,"St. Louis County, Minnesota",4950,5812,6655,12298,31022,11295,"2,500-",***,4105,4471,21404,757,3336,2255
0500000US27139,27139,"Scott County, Minnesota",39810,18451,76231,14024,77289,8424,26841,22821,21643,16351,22490,13442,13433,25451
0500000US27141,27141,"Sherburne County, Minnesota",21803,8694,32636,24624,40387,12838,5625,3775,20809,8354,-,**,12276,15822
0500000US27145,27145,"Stearns County, Minnesota",25315,9822,20872,10178,36106,7629,11569,15073,28611,16392,31182,28121,2917,40638
0500000US27163,27163,"Washington County, Minnesota",31097,2506,37107,8455,38425,8353,9071,4758,19286,16181,25814,6949,12471,19559
0500000US27171,27171,"Wright County, Minnesota",26694,42153,40733,52370,51442,4705,11463,12474,25659,44969,60663,15598,4671,3782
0500000US28033,28033,"DeSoto County, Mississippi",21883,8416,35333,14215,36471,4717,13890,13720,12206,3958,25389,18393,10233,5251
0500000US28035,28035,"Forrest County, Mississippi",20205,2120,21183,663,21241,809,20725,9411,5188,6492,-,**,"2,500-",***
0500000US28047,28047,"Harrison County, Mississippi",17495,2279,18677,3013,27102,5323,12110,4097,14603,2846,33970,19035,11718,5097
0500000US28049,28049,"Hinds County, Mississippi",21196,13848,22870,16012,27857,14388,11673,1871,20290,37737,31160,3457,3051,1902
0500000US28059,28059,"Jackson County, Mississippi",23920,14386,48969,28691,49332,25876,"2,500-",***,11405,11786,21542,963,6398,8479
0500000US28067,28067,"Jones County, Mississippi",23460,4780,20007,4351,21377,16084,15768,12416,28402,7703,28402,7703,-,**
0500000US28075,28075,"Lauderdale County, Mississippi",40075,43921,40693,27633,-,**,18150,5482,-,**,-,**,-,**
0500000US28081,28081,"Lee County, Mississippi",21701,6785,22154,6787,25390,6219,8707,12009,16484,31171,45645,36853,6575,6787
0500000US28089,28089,"Madison County, Mississippi",53301,15565,53464,750,54033,3119,"2,500-",***,"2,500-",***,-,**,"2,500-",***
0500000US28121,28121,"Rankin County, Mississippi",24457,3166,26392,588,26368,582,30363,21353,22387,1567,24293,27957,20543,5419
0500000US29019,29019,"Boone County, Missouri",15706,6845,20185,14972,29336,12579,8401,9768,15220,7544,17486,28325,4239,4731
0500000US29021,29021,"Buchanan County, Missouri",21419,1986,21913,4804,22037,9793,17004,26218,20683,8774,22106,4384,9883,4148
0500000US29031,29031,"Cape Girardeau County, Missouri",13182,13064,21822,8329,21989,73176,14692,23145,4276,4129,42548,22766,4010,1579
0500000US29037,29037,"Cass County, Missouri",21611,15083,41250,27007,50136,9203,10221,14578,7772,20829,36167,650,"2,500-",***
0500000US29043,29043,"Christian County, Missouri",13174,9677,9816,6525,13750,26,-,**,21875,16921,25020,4459,"2,500-",***
0500000US29047,29047,"Clay County, Missouri",30096,8727,40629,16724,68687,33685,11154,8740,24496,9200,32409,11623,18640,3556
0500000US29051,29051,"Cole County, Missouri",38228,32489,39066,4272,39367,6080,"2,500-",***,27138,63252,58843,67717,-,**
0500000US29077,29077,"Greene County, Missouri",22478,4185,21313,5378,30128,9553,8326,4516,25023,5582,31586,9904,17031,18644
0500000US29095,29095,"Jackson County, Missouri",20478,2657,23637,5843,32677,6038,11120,1617,16861,2370,26016,2841,10455,1902
0500000US29097,29097,"Jasper County, Missouri",19881,2882,21506,3649,33671,25981,9898,17404,16109,3639,19431,9360,4591,15773
0500000US29099,29099,"Jefferson County, Missouri",40833,26677,50443,25162,51576,15669,25581,36583,22659,29125,45191,7138,7815,8422
0500000US29165,29165,"Platte County, Missouri",35939,8126,50918,18995,52290,12417,-,**,27474,25835,36215,28203,"2,500-",***
0500000US29183,29183,"St. Charles County, Missouri",26407,6255,31902,9027,38578,24590,10315,3180,16712,18179,36034,5275,4491,6516
0500000US29189,29189,"St. Louis County, Missouri",22324,5359,22599,4750,27990,10307,10529,4090,21859,11927,36811,5694,6128,5511
0500000US29510,29510,"St. Louis city, Missouri",21765,3773,20932,3527,29375,10473,8594,4441,25268,6297,30160,8728,4196,1068
0500000US30029,30029,"Flathead County, Montana",16364,15677,12428,27393,37043,63365,9443,3256,16449,16686,31310,18682,6563,714
0500000US30031,30031,"Gallatin County, Montana",12679,8879,20498,13373,30336,12191,6743,3745,3231,6064,37438,11876,2887,3230
0500000US30111,30111,"Yellowstone County, Montana",28850,10767,31895,2783,33554,4316,8661,1325,20675,5028,29273,11680,9234,7624
0500000US31055,31055,"Douglas County, Nebraska",21063,702,21927,1228,25961,2484,12068,3331,19363,2896,22495,3331,6344,3728
0500000US31109,31109,"Lancaster County, Nebraska",20707,2034,22003,4386,31864,8836,7500,8646,18541,2226,27043,4748,11933,8241
0500000US31153,31153,"Sarpy County, Nebraska",25545,4060,37182,4570,39225,3061,19554,14467,17939,6803,22287,7452,4211,1869
0500000US32003,32003,"Clark County, Nevada",23106,823,24755,1087,30506,839,13557,1513,21887,701,28534,1330,10435,978
0500000US32031,32031,"Washoe County, Nevada",20438,1047,21732,1473,30414,3894,12015,2753,17044,1586,26089,4129,10614,1556
0500000US33005,33005,"Cheshire County, New Hampshire",50739,15721,27193,31115,31250,46401,-,**,55460,24702,55460,24702,-,**
0500000US33011,33011,"Hillsborough County, New Hampshire",25238,2423,25520,2891,29657,8028,14307,2497,24741,5445,33683,10175,13929,9936
0500000US33013,33013,"Merrimack County, New Hampshire",21974,19119,22422,33615,40833,6600,"2,500-",***,21400,19841,36319,6213,10527,5429
0500000US33015,33015,"Rockingham County, New Hampshire",35064,8432,36574,5755,39875,10048,8265,2378,25852,16346,51994,28495,14432,10755
0500000US33017,33017,"Strafford County, New Hampshire",25487,32331,8432,50224,101048,82335,"2,500-",***,26385,21705,52099,6563,25616,33410
0500000US34001,34001,"Atlantic County, New Jersey",22250,3288,28129,7938,32508,4043,11879,3640,21026,1903,26213,1532,8212,2858
0500000US34003,34003,"Bergen County, New Jersey",31519,2031,36621,2468,45908,4920,11721,2340,26073,1486,34794,3068,10419,1273
0500000US34005,34005,"Burlington County, New Jersey",27585,7197,35392,9089,42118,9185,13773,5898,23513,6536,38350,10443,10383,1533
0500000US34007,34007,"Camden County, New Jersey",23821,2238,27248,4681,31981,2592,10084,3600,19798,2775,27324,6085,10330,3863
0500000US34009,34009,"Cape May County, New Jersey",25283,7326,25620,4393,29210,15493,23144,29534,17097,22353,33998,7539,15456,11153
0500000US34011,34011,"Cumberland County, New Jersey",19396,2581,18604,3007,32449,4205,8885,3620,20880,7960,35420,3932,6050,1232
0500000US34013,34013,"Essex County, New Jersey",23517,1743,25708,1840,35105,3846,11753,941,20342,2059,35499,2059,9166,842
0500000US34015,34015,"Gloucester County, New Jersey",24490,10966,32186,10786,36508,14920,12193,15445,17116,8451,31377,21121,7202,5050
0500000US34017,34017,"Hudson County, New Jersey",24548,1235,28281,2989,35937,1602,11437,1501,20883,1227,31165,2490,10549,697
0500000US34021,34021,"Mercer County, New Jersey",21536,1884,26115,3328,33533,4817,11515,1622,17493,3179,31636,6624,8523,1510
0500000US34023,34023,"Middlesex County, New Jersey",23110,2441,25032,2109,31531,3867,11415,1556,21581,1417,30493,2001,10846,1364
0500000US34025,34025,"Monmouth County, New Jersey",23291,3015,25297,3208,32856,6012,12662,4732,20356,3668,31120,11085,9440,2814
0500000US34027,34027,"Morris County, New Jersey",30185,4902,31167,3356,39541,3848,12051,1665,24853,4225,36815,3695,10882,2156
0500000US34029,34029,"Ocean County, New Jersey",20562,2580,21836,3218,31511,4315,12373,1979,17985,3712,37661,10434,9859,2751
0500000US34031,34031,"Passaic County, New Jersey",24978,1347,29134,1996,31652,1933,15504,3146,20506,1249,26248,2514,10368,1196
0500000US34033,34033,"Salem County, New Jersey",21986,10682,21816,16127,31125,8613,19840,17524,22832,35150,34897,9764,3627,363
0500000US34035,34035,"Somerset County, New Jersey",26737,2656,31473,7412,37035,4446,13765,2534,21207,3059,30773,8974,10835,2013
0500000US34037,34037,"Sussex County, New Jersey",37609,13735,39644,5263,51174,18807,11357,15759,24941,10752,52848,5548,10966,4684
0500000US34039,34039,"Union County, New Jersey",22649,1991,25360,2130,31254,2020,11263,1227,20335,2044,28916,4147,11647,1354
0500000US34041,34041,"Warren County, New Jersey",24208,8230,22381,3785,30824,12380,14074,2971,36503,22296,46441,2569,16287,17251
0500000US35001,35001,"Bernalillo County, New Mexico",25132,1002,26867,1585,34600,2294,10491,1328,23296,1394,31146,896,10167,1354
0500000US35005,35005,"Chaves County, New Mexico",20814,1381,24575,2485,34625,4432,8956,2153,16801,2127,22420,3491,7418,2974
0500000US35013,35013,"Doa Ana County, New Mexico",17288,1631,18918,3200,28192,5219,6561,1042,16500,1498,26400,4460,7411,1416
0500000US35025,35025,"Lea County, New Mexico",25705,2530,41384,13349,47276,5443,12307,13046,16555,3586,21502,1532,12000,2791
0500000US35031,35031,"McKinley County, New Mexico",29745,6510,30977,11940,31403,15037,23222,56811,22451,17262,40134,23352,13988,11851
0500000US35035,35035,"Otero County, New Mexico",8480,4129,10261,3894,25138,9472,4578,2677,5550,5830,22277,4516,2685,2085
0500000US35043,35043,"Sandoval County, New Mexico",31294,2497,32503,2534,35393,3238,12756,2583,26073,5602,36320,5588,14155,10139
0500000US35045,35045,"San Juan County, New Mexico",27837,4846,30784,5471,40217,9103,10122,9186,25206,3765,31481,8235,7020,3848
0500000US35049,35049,"Santa Fe County, New Mexico",21657,2518,22759,3647,32164,2796,10728,2012,20497,3127,34413,3784,7425,1735
0500000US35061,35061,"Valencia County, New Mexico",21537,2840,25927,2504,30454,3495,12146,6283,15736,1643,27364,5567,7310,2389
0500000US36001,36001,"Albany County, New York",24202,3271,24728,7726,33465,11359,9502,3611,22527,11597,28322,10525,10350,6026
0500000US36005,36005,"Bronx County, New York",21059,672,23360,1397,30397,1704,10674,910,17486,950,30506,1075,8949,745
0500000US36013,36013,"Chautauqua County, New York",15263,5432,15111,10086,27346,10467,5423,10904,15557,6349,19225,11479,9402,2426
0500000US36015,36015,"Chemung County, New York",41922,16890,52434,113179,100677,94369,51086,735,40554,47259,40871,36384,-,**
0500000US36019,36019,"Clinton County, New York",32514,52651,"2,500-",***,-,**,"2,500-",***,34731,11870,36521,15158,4963,60853
0500000US36027,36027,"Dutchess County, New York",22632,4787,27474,5811,36709,11445,9864,4139,17597,9971,40088,4365,6088,2991
0500000US36029,36029,"Erie County, New York",21168,3105,22144,4099,40141,12341,6044,2717,19872,5317,30659,1699,7465,4879
0500000US36045,36045,"Jefferson County, New York",21590,4383,26693,6326,29638,8290,5993,2473,14486,9758,22010,20176,12925,4152
0500000US36047,36047,"Kings County, New York",23686,1308,25670,959,30853,1012,11664,728,20966,1076,32974,2113,10323,675
0500000US36053,36053,"Madison County, New York",8196,4247,4103,42191,75848,36611,-,**,8940,9724,-,**,8576,403
0500000US36055,36055,"Monroe County, New York",21780,1770,28152,4094,36040,4942,12599,4271,18160,4095,28894,6073,10713,1233
0500000US36059,36059,"Nassau County, New York",24903,1938,27406,2384,37611,3169,11708,988,20996,2194,32304,3929,11378,902
0500000US36061,36061,"New York County, New York",21550,1339,23978,3194,34626,4156,10131,1490,19344,1830,35194,4407,8069,873
0500000US36063,36063,"Niagara County, New York",16032,22270,23750,35432,39463,17321,6667,1501,9721,17446,49069,33936,7797,1958
0500000US36065,36065,"Oneida County, New York",16999,8616,18043,8305,29444,15592,4277,1805,14882,13975,30104,8235,5809,1291
0500000US36067,36067,"Onondaga County, New York",16832,6174,21954,9741,29178,10796,5761,4254,11904,3207,35914,5570,6910,2570
0500000US36071,36071,"Orange County, New York",27460,2725,30531,2547,40073,7773,8879,1982,22121,2821,32430,4477,11168,2624
0500000US36079,36079,"Putnam County, New York",25854,13671,25366,16587,55104,12296,13139,3476,28879,20280,51583,24862,16736,2265
0500000US36081,36081,"Queens County, New York",24891,896,26799,675,32128,1137,11312,648,21102,723,31937,1342,11297,474
0500000US36083,36083,"Rensselaer County, New York",31086,15281,32455,16212,39742,10680,6891,17912,24757,22093,36020,23364,7328,27784
0500000US36085,36085,"Richmond County, New York",30478,4125,29779,4841,39207,6317,12741,2649,31542,6072,42373,5474,8419,1528
0500000US36087,36087,"Rockland County, New York",23013,2928,26223,2711,40244,3918,11606,2258,17866,3937,37629,11348,10159,1778
0500000US36089,36089,"St. Lawrence County, New York","2,500-",***,"2,500-",***,26875,6356,"2,500-",***,"2,500-",***,36661,4747,"2,500-",***
0500000US36091,36091,"Saratoga County, New York",28353,1873,40433,14722,50686,17757,17797,16650,25432,22575,28731,1204,7566,9821
0500000US36093,36093,"Schenectady County, New York",16947,3312,16777,3380,31486,26071,4776,1802,17356,6953,34325,8328,6999,4783
0500000US36103,36103,"Suffolk County, New York",25422,1341,30392,2078,36810,3204,15073,2935,21220,1120,30305,3652,10479,1251
0500000US36105,36105,"Sullivan County, New York",18890,1962,19517,8085,26628,25524,8120,8987,18665,1768,19636,2329,6059,13414
0500000US36111,36111,"Ulster County, New York",21928,9350,28132,12388,39819,12417,11784,3115,16017,8243,43288,2448,5750,1252
0500000US36113,36113,"Warren County, New York",28134,22487,29178,43322,65428,13991,28099,9675,"2,500-",***,-,**,"2,500-",***
0500000US36117,36117,"Wayne County, New York",22586,19107,25968,9147,23075,2325,26668,25001,9475,22818,36386,21710,-,**
0500000US36119,36119,"Westchester County, New York",22023,1001,26293,3492,35308,2288,13540,2132,18091,2455,32036,4125,9752,1944
0500000US37001,37001,"Alamance County, North Carolina",16400,3158,18797,4036,26421,2275,11018,1379,9971,3198,16469,18747,7390,2551
0500000US37019,37019,"Brunswick County, North Carolina",15429,12198,9497,5524,25368,18332,8086,1959,23231,1549,24111,5704,8537,9769
0500000US37021,37021,"Buncombe County, North Carolina",17958,6067,17304,11759,25812,8535,13313,3493,19297,7646,28826,11854,11499,3241
0500000US37023,37023,"Burke County, North Carolina",12296,8416,16676,8002,20094,2509,10271,7441,10453,4434,21446,1611,8463,4774
0500000US37025,37025,"Cabarrus County, North Carolina",15896,2704,17386,2746,20812,6297,10313,8428,12105,4077,16425,6571,9376,1208
0500000US37027,37027,"Caldwell County, North Carolina",20714,17700,38945,27335,50229,28768,-,**,4294,4556,41177,23404,3519,1257
0500000US37031,37031,"Carteret County, North Carolina",17353,11411,21392,7266,31458,28046,20318,7497,11944,16830,31953,5834,11561,8569
0500000US37035,37035,"Catawba County, North Carolina",16276,2452,17261,4991,20854,3784,12227,6810,14413,3998,23195,13743,13123,9546
0500000US37037,37037,"Chatham County, North Carolina",16788,2453,21607,2314,22947,9676,4620,14555,12027,4231,16454,675,10322,6516
0500000US37045,37045,"Cleveland County, North Carolina",18509,3045,16949,23249,35028,34308,6911,256613,18934,1132,18934,1132,-,**
0500000US37049,37049,"Craven County, North Carolina",23773,8143,26753,14448,36051,6571,20714,9250,16681,14735,38142,23346,3770,18633
0500000US37051,37051,"Cumberland County, North Carolina",23798,1995,27456,4197,30514,3599,13287,4186,16871,6121,27793,4623,8517,1349
0500000US37057,37057,"Davidson County, North Carolina",19438,5826,21340,7355,22131,13951,4167,7451,15123,9116,21481,5775,6020,3515
0500000US37063,37063,"Durham County, North Carolina",16892,2087,17889,3758,26051,3993,12077,1953,13845,2997,27538,15586,9597,4454
0500000US37067,37067,"Forsyth County, North Carolina",16183,1477,17322,1988,19848,2923,10703,2913,13756,1989,20312,3249,10323,2388
0500000US37071,37071,"Gaston County, North Carolina",20767,4492,19715,11582,27049,13159,9206,1324,21080,3528,22088,6161,8994,7910
0500000US37081,37081,"Guilford County, North Carolina",20057,3179,20882,2514,26948,5280,12137,2287,16289,4379,23631,1947,11433,2828
0500000US37085,37085,"Harnett County, North Carolina",20183,8518,28175,11048,33068,2120,7484,2875,13702,2740,27377,25019,8975,1883
0500000US37089,37089,"Henderson County, North Carolina",18526,2259,19260,2953,29841,6404,15673,3297,15022,7860,18832,2720,10841,5008
0500000US37097,37097,"Iredell County, North Carolina",18625,2936,20895,3543,25499,3391,10656,4597,13904,4255,24507,4804,9845,4365
0500000US37101,37101,"Johnston County, North Carolina",20357,4151,22131,3175,24950,3727,11882,3983,12865,5203,26722,8908,7106,5949
0500000US37109,37109,"Lincoln County, North Carolina",18280,2989,20243,1946,20820,1733,10903,8622,14473,2930,20685,4909,12657,7194
0500000US37119,37119,"Mecklenburg County, North Carolina",19175,1419,23445,2036,26750,1293,12854,1618,13706,2009,23320,4963,9064,2190
0500000US37125,37125,"Moore County, North Carolina",16294,13716,19392,19162,35841,16138,10639,3932,15099,2673,14075,16955,-,**
0500000US37127,37127,"Nash County, North Carolina",18589,2072,20627,3173,22842,9695,17513,5898,15299,5462,16484,795,7784,8279
0500000US37129,37129,"New Hanover County, North Carolina",22063,11384,25652,7676,26766,3361,13709,3967,16303,9544,17398,21083,13138,7811
0500000US37133,37133,"Onslow County, North Carolina",23777,2630,24681,2009,25747,1601,15430,6318,19134,6630,37421,23179,5665,2818
0500000US37135,37135,"Orange County, North Carolina",14495,2268,18053,3920,25451,9443,11297,5281,6376,4823,25179,18941,4675,2066
0500000US37147,37147,"Pitt County, North Carolina",27569,12750,22317,14954,30647,10722,10842,10193,28484,21364,36441,19870,8193,9672
0500000US37151,37151,"Randolph County, North Carolina",17944,3400,19778,3252,20559,2904,12076,12001,14554,6452,19123,8675,8935,2140
0500000US37155,37155,"Robeson County, North Carolina",16941,1453,17333,2796,21479,4005,12202,3783,16454,1069,18932,8675,11893,11506
0500000US37157,37157,"Rockingham County, North Carolina",26031,11321,30235,10535,27261,28889,30366,10847,18882,15138,35794,27601,5900,9643
0500000US37159,37159,"Rowan County, North Carolina",15637,1852,16437,2438,20263,5158,12583,5274,14116,2428,17191,11654,13119,5916
0500000US37161,37161,"Rutherford County, North Carolina",8955,28522,26206,12151,30943,4427,6495,11913,"2,500-",***,-,**,"2,500-",***
0500000US37171,37171,"Surry County, North Carolina",14757,4767,20650,10869,25439,10363,11019,2206,10817,3403,12266,6407,8772,1282
0500000US37179,37179,"Union County, North Carolina",18266,2471,20885,1406,21935,4930,11626,6682,12055,3616,16580,774,8937,2643
0500000US37183,37183,"Wake County, North Carolina",19589,1661,20838,1762,25836,2891,13645,1960,14763,2816,27553,6476,9385,2183
0500000US37191,37191,"Wayne County, North Carolina",12947,2187,13770,2419,14681,5103,10124,11799,6307,1120,36012,19058,5783,960
0500000US37193,37193,"Wilkes County, North Carolina",14042,2446,17459,8806,21886,10444,14711,597,7272,11127,14256,12378,"2,500-",***
0500000US37195,37195,"Wilson County, North Carolina",20678,2467,21762,3711,21898,3866,16970,27325,10063,7702,14692,8186,"2,500-",***
0500000US38017,38017,"Cass County, North Dakota",19031,6139,17473,12507,31230,20473,16103,6526,19120,10694,33174,15673,5179,6826
0500000US39003,39003,"Allen County, Ohio",9234,2816,10910,9125,54513,43355,6777,5564,8622,1787,-,**,8324,1432
0500000US39007,39007,"Ashtabula County, Ohio",4261,4582,3354,9418,53059,31930,2510,1816,8722,19187,22520,5431,"2,500-",***
0500000US39017,39017,"Butler County, Ohio",19619,6145,21959,8533,30073,7665,5521,6039,16737,8644,34579,15339,12168,5672
0500000US39023,39023,"Clark County, Ohio",19692,3573,20284,1153,20394,5630,20232,17791,13643,12226,21537,31839,8388,8923
0500000US39025,39025,"Clermont County, Ohio",12444,4594,12394,26965,49824,6713,10346,17700,12567,13803,18050,5898,6105,4921
0500000US39029,39029,"Columbiana County, Ohio",10953,9671,10606,9488,"2,500-",***,11337,10057,-,**,-,**,-,**
0500000US39035,39035,"Cuyahoga County, Ohio",20683,1485,21995,2091,31137,1710,8281,2307,16498,3310,27391,3590,8525,1948
0500000US39043,39043,"Erie County, Ohio",23793,15336,23849,19566,26075,4884,8109,9304,19884,24268,40847,1676,10468,6390
0500000US39049,39049,"Franklin County, Ohio",20026,2521,20616,2779,24681,2966,10897,1240,18526,4215,31703,5334,9488,2604
0500000US39055,39055,"Geauga County, Ohio",26634,2743,27154,75491,110388,146590,"2,500-",***,26521,1645,26371,1116,-,**
0500000US39057,39057,"Greene County, Ohio",20606,14305,26789,29703,49809,18076,11184,9468,15610,16187,41706,39302,"2,500-",***
0500000US39061,39061,"Hamilton County, Ohio",21866,3343,24410,5941,30884,16838,11748,4678,12096,14081,31424,16400,4993,5333
0500000US39063,39063,"Hancock County, Ohio",9021,3238,12027,14286,51000,33197,7884,6046,7717,3514,41228,116310,5464,3490
0500000US39085,39085,"Lake County, Ohio",21316,6575,22146,6017,28471,9804,15880,3424,17151,11007,36574,11888,9194,6923
0500000US39089,39089,"Licking County, Ohio",35737,8823,36124,262,36389,822,35974,537,16290,14262,21943,39915,15149,27732
0500000US39093,39093,"Lorain County, Ohio",21922,3666,26369,7262,33234,11718,9137,1899,19723,3760,30211,8830,8409,3473
0500000US39095,39095,"Lucas County, Ohio",16069,5414,15490,7088,33937,8324,6214,2297,17413,8065,30947,4363,6888,5811
0500000US39099,39099,"Mahoning County, Ohio",16952,12410,19387,16945,26970,14330,4426,1070,14012,9680,24255,19735,4948,6676
0500000US39103,39103,"Medina County, Ohio",27465,24636,90177,79413,90177,79413,-,**,9508,6600,16050,12091,8845,3701
0500000US39113,39113,"Montgomery County, Ohio",18768,5609,12523,8155,36830,25689,9329,4428,25358,9981,35491,25012,10114,4893
0500000US39133,39133,"Portage County, Ohio",20447,14917,30549,8920,31440,23450,4592,12677,6210,19862,35195,9958,4164,581
0500000US39141,39141,"Ross County, Ohio",30738,5313,30905,3122,-,**,-,**,"2,500-",***,-,**,"2,500-",***
0500000US39145,39145,"Scioto County, Ohio",27517,26557,27973,34288,29645,28622,"2,500-",***,21202,332,-,**,21202,332
0500000US39151,39151,"Stark County, Ohio",20423,7812,21188,3740,31964,17273,5364,6868,13799,16381,32492,20443,11200,2904
0500000US39153,39153,"Summit County, Ohio",22345,7339,21939,6308,31402,6086,11830,3723,24035,9242,31218,16437,6635,2483
0500000US39155,39155,"Trumbull County, Ohio",12771,3895,12089,9727,25205,21296,10641,11709,13610,6643,35643,24495,9023,8762
0500000US39157,39157,"Tuscarawas County, Ohio",33461,13851,33461,13851,33461,13851,-,**,-,**,-,**,-,**
0500000US39165,39165,"Warren County, Ohio",36658,19177,91220,32102,92054,40328,8821,154,14631,17010,32239,19489,13070,2193
0500000US39169,39169,"Wayne County, Ohio",21288,1115,21449,895,21479,999,-,**,18626,21637,60532,41023,17761,11287
0500000US39173,39173,"Wood County, Ohio",21736,3600,19647,18103,35915,5907,"2,500-",***,21892,2835,26367,17308,3359,1456
0500000US40017,40017,"Canadian County, Oklahoma",25996,5830,27836,4648,30534,5203,11458,9880,23886,8698,26268,3808,4364,6979
0500000US40027,40027,"Cleveland County, Oklahoma",23113,1893,23950,2147,30186,9301,10183,2765,20275,5967,26163,6127,9037,4060
0500000US40031,40031,"Comanche County, Oklahoma",18018,6503,21875,16378,32263,17190,9835,6979,12465,8052,22353,6287,7762,2597
0500000US40037,40037,"Creek County, Oklahoma",24365,6749,24289,3430,24289,6010,31250,31077,27941,34929,30357,13028,"2,500-",***
0500000US40101,40101,"Muskogee County, Oklahoma",12622,5561,20110,7009,24076,8540,"2,500-",***,7120,4406,18458,6519,5951,4378
0500000US40109,40109,"Oklahoma County, Oklahoma",19365,1416,21384,842,24188,1347,12056,1914,15408,1211,20333,1322,7396,1287
0500000US40119,40119,"Payne County, Oklahoma",11095,3125,11430,3424,24955,17381,10533,8431,9484,7169,34315,36127,6429,4977
0500000US40125,40125,"Pottawatomie County, Oklahoma",11587,3949,12330,7556,15371,9118,9087,8076,8659,4010,45591,44826,5966,5728
0500000US40131,40131,"Rogers County, Oklahoma",30986,5107,40319,6161,46469,9676,5994,4503,26279,20756,31070,3486,10982,7682
0500000US40143,40143,"Tulsa County, Oklahoma",20928,579,23236,1542,28024,1907,13285,1629,16195,1169,21664,885,9206,2730
0500000US40145,40145,"Wagoner County, Oklahoma",16723,9324,24057,10021,35739,11051,12378,2551,10208,7106,23142,60726,6298,1733
0500000US41003,41003,"Benton County, Oregon",19173,2393,19541,2618,45313,51442,6560,23550,18328,8813,26464,12166,4220,7574
0500000US41005,41005,"Clackamas County, Oregon",23204,6132,30061,8674,34161,7053,8320,8512,17396,4025,40585,7295,13909,4406
0500000US41017,41017,"Deschutes County, Oregon",12374,4164,12351,9260,12810,9253,11905,21618,12445,7294,24871,14588,7446,4434
0500000US41029,41029,"Jackson County, Oregon",18563,2186,21502,4505,26663,5562,12042,7150,14878,6410,19482,2828,11201,1421
0500000US41033,41033,"Josephine County, Oregon",14751,10659,19317,9811,23586,19516,8561,3824,13911,14285,26552,8902,7838,12308
0500000US41035,41035,"Klamath County, Oregon",18125,5590,20290,6518,21645,2638,11471,736,15750,7686,19199,9122,11068,5863
0500000US41039,41039,"Lane County, Oregon",17904,2711,19606,2737,27111,11707,7160,6480,14851,3437,30980,8185,6709,1412
0500000US41043,41043,"Linn County, Oregon",12146,10079,17980,5448,39557,13661,7294,11412,9183,4874,31190,8633,6328,6779
0500000US41047,41047,"Marion County, Oregon",17574,2092,20122,2359,23701,4547,9377,3633,15773,1730,23366,3886,8571,2747
0500000US41051,41051,"Multnomah County, Oregon",20097,3191,21472,2236,30267,6090,12480,4069,16520,3932,29012,5254,7453,2309
0500000US41053,41053,"Polk County, Oregon",12092,14898,16148,22345,23579,14955,7124,32336,9711,8698,15938,13300,"2,500-",***
0500000US41059,41059,"Umatilla County, Oregon",17401,6347,25024,8695,33408,5613,15608,8286,12708,5749,29393,10075,4974,8825
0500000US41067,41067,"Washington County, Oregon",21117,1078,24171,2902,29537,2964,12205,4574,15846,1658,24086,3005,9991,2852
0500000US41071,41071,"Yamhill County, Oregon",20013,6178,21323,4144,36593,15070,15598,13492,9915,6433,31301,16265,6689,929
0500000US42001,42001,"Adams County, Pennsylvania",24760,5915,25797,1649,26098,1785,15875,23812,14908,3995,26284,13790,7697,11654
0500000US42003,42003,"Allegheny County, Pennsylvania",28274,2316,33428,8139,47713,13526,6061,3419,24440,11453,36085,5004,6860,2899
0500000US42005,42005,"Armstrong County, Pennsylvania",9722,43620,-,**,-,**,-,**,-,**,-,**,-,**
0500000US42007,42007,"Beaver County, Pennsylvania",31768,16362,45250,23054,45656,34148,-,**,18343,8466,45954,35294,10811,8232
0500000US42011,42011,"Berks County, Pennsylvania",19059,2340,20837,4330,34431,7250,8195,4731,17152,2842,25736,1567,8085,3219
0500000US42013,42013,"Blair County, Pennsylvania",76282,55571,77212,52569,77212,52569,-,**,26157,300676,-,**,"2,500-",***
0500000US42017,42017,"Bucks County, Pennsylvania",31264,3932,30142,6802,43265,12680,21848,3564,31782,5027,41209,6260,20425,15628
0500000US42021,42021,"Cambria County, Pennsylvania",9607,9717,6000,46543,50921,519421,3516,3912,13264,10024,42629,13363,11250,9791
0500000US42027,42027,"Centre County, Pennsylvania",25410,3874,24931,5520,31800,61151,10481,20292,25529,12952,27069,7922,5724,8276
0500000US42029,42029,"Chester County, Pennsylvania",20972,2305,21734,1927,31875,10842,12466,2624,16467,4955,31008,2906,7969,3893
0500000US42037,42037,"Columbia County, Pennsylvania",26250,26625,28851,34124,44761,36826,24078,16473,13529,56213,53281,33994,11360,1246
0500000US42041,42041,"Cumberland County, Pennsylvania",16519,9623,21767,9773,28372,10836,5920,708,14002,6796,22821,7556,10135,9987
0500000US42043,42043,"Dauphin County, Pennsylvania",18966,3512,20404,6782,25707,5153,10998,9412,15524,10691,24419,5869,6237,966
0500000US42045,42045,"Delaware County, Pennsylvania",20407,3512,24753,11300,35804,4723,7915,6745,13578,6707,27208,7274,6047,3924
0500000US42049,42049,"Erie County, Pennsylvania",13640,4776,17288,7269,36174,2249,4946,4981,11131,2483,26696,5589,8345,1561
0500000US42051,42051,"Fayette County, Pennsylvania",26165,23480,10694,45017,31707,3574,"2,500-",***,26441,8224,26737,8088,-,**
0500000US42055,42055,"Franklin County, Pennsylvania",23025,11622,35327,16291,35615,12668,3176,428,15288,12590,19326,63675,7820,2257
0500000US42069,42069,"Lackawanna County, Pennsylvania",16869,2543,19377,3455,29672,28293,12960,6083,14888,4813,19626,6566,9167,5662
0500000US42071,42071,"Lancaster County, Pennsylvania",21185,2263,21810,4742,36167,7677,6472,1250,20722,4684,26847,2783,5547,4293
0500000US42075,42075,"Lebanon County, Pennsylvania",17183,5062,25104,10288,27616,3593,12801,5909,13476,4891,31223,10735,6516,5373
0500000US42077,42077,"Lehigh County, Pennsylvania",18174,1693,21637,2181,28235,3278,8331,3664,12834,2277,25854,5120,6789,2103
0500000US42079,42079,"Luzerne County, Pennsylvania",17600,3490,19202,5572,29941,3616,6059,1538,15495,7270,23396,3067,6936,2386
0500000US42089,42089,"Monroe County, Pennsylvania",24156,3964,26991,10972,40467,10129,10153,7266,18606,8088,24799,7946,11113,5622
0500000US42091,42091,"Montgomery County, Pennsylvania",28858,4995,29640,5084,39802,11259,15775,5905,27874,10096,39796,9420,6442,3809
0500000US42095,42095,"Northampton County, Pennsylvania",19454,3911,25201,7669,34391,5184,5510,3077,12468,9456,31178,2112,6211,824
0500000US42101,42101,"Philadelphia County, Pennsylvania",20078,1284,21365,1508,28752,4077,8167,2263,18159,1561,27478,2043,8342,1280
0500000US42111,42111,"Somerset County, Pennsylvania",13409,15958,14205,26910,26412,803,5404,7773,9767,16362,25034,13120,8550,843
0500000US42125,42125,"Washington County, Pennsylvania",34744,4737,35081,5492,34713,5010,153452,116060,26944,21332,26641,12587,48112,58336
0500000US42129,42129,"Westmoreland County, Pennsylvania",20357,12738,19107,13726,29390,14015,6693,5861,23458,20847,26801,25344,10380,10676
0500000US42133,42133,"York County, Pennsylvania",21774,2451,23792,2909,40904,18331,12220,7505,16683,5266,21630,3252,10416,6725
0500000US44003,44003,"Kent County, Rhode Island",26233,15730,31201,6888,36287,11710,12095,3175,14473,10866,14971,59420,13713,18175
0500000US44007,44007,"Providence County, Rhode Island",20123,1388,21496,1487,30126,7899,12033,1966,17391,2158,26356,2168,8711,2031
0500000US45003,45003,"Aiken County, South Carolina",20706,3798,21061,2707,24555,13970,15789,10995,12262,29158,30377,17563,10912,3278
0500000US45007,45007,"Anderson County, South Carolina",35525,11540,36015,15880,47601,26679,11288,3551,31167,16812,31604,39169,17195,40302
0500000US45013,45013,"Beaufort County, South Carolina",15974,2013,17411,6209,29191,6681,12167,3317,10956,4618,23194,3184,4193,1903
0500000US45015,45015,"Berkeley County, South Carolina",26158,5314,24644,6203,35588,5839,11142,5355,28395,6351,28634,2558,15263,44366
0500000US45019,45019,"Charleston County, South Carolina",18361,2107,19710,2749,22039,6850,12409,6597,13400,6246,30080,19459,"2,500-",***
0500000US45031,45031,"Darlington County, South Carolina","2,500-",***,"2,500-",***,-,**,"2,500-",***,12500,637,-,**,12500,637
0500000US45035,45035,"Dorchester County, South Carolina",22094,15153,40279,33328,70600,40643,5901,6110,11415,8867,27644,5841,6537,9008
0500000US45041,45041,"Florence County, South Carolina",16708,6727,20691,6444,22445,7110,16265,5931,11976,10735,25324,21120,8982,5263
0500000US45045,45045,"Greenville County, South Carolina",18553,3339,21716,3646,31468,3703,9329,2760,11451,1839,23374,6570,7761,2136
0500000US45051,45051,"Horry County, South Carolina",15867,3115,17056,4667,24969,6508,9946,6843,10946,4060,30338,10872,8941,1128
0500000US45059,45059,"Laurens County, South Carolina",14989,5356,15938,5686,16392,5285,12045,80337,14171,5178,27891,24028,3829,391
0500000US45063,45063,"Lexington County, South Carolina",19833,6503,22899,7290,26091,6639,16535,1791,15647,8313,29565,11592,8158,4138
0500000US45073,45073,"Oconee County, South Carolina",21479,3541,21475,7096,22225,25894,15031,8008,21500,19388,40452,35835,4263,10016
0500000US45075,45075,"Orangeburg County, South Carolina",15160,5272,15410,9587,16718,28971,"2,500-",***,6793,2192,-,**,6793,2192
0500000US45077,45077,"Pickens County, South Carolina",20302,14843,21727,2922,22713,10231,13643,423,6037,16169,42226,14351,4211,1305
0500000US45079,45079,"Richland County, South Carolina",17120,4414,17936,7452,35898,19531,6584,1191,15870,5055,31364,28863,10388,7164
0500000US45083,45083,"Spartanburg County, South Carolina",22469,4787,24939,8459,31824,10080,9142,9532,21399,3935,26889,9116,7179,12035
0500000US45085,45085,"Sumter County, South Carolina",21021,9603,30474,20829,31107,20548,11917,21802,16813,7245,20823,11218,13298,16356
0500000US45091,45091,"York County, South Carolina",20803,2137,19172,2390,20929,7446,9822,10345,22212,3883,27800,10678,20721,11784
0500000US46099,46099,"Minnehaha County, South Dakota",24587,1953,26402,1210,26860,1525,5504,6876,16790,4461,24054,4827,15446,19272
0500000US47011,47011,"Bradley County, Tennessee",15148,5623,22196,7698,26579,12851,15570,12688,7696,3542,-,**,7696,3542
0500000US47037,47037,"Davidson County, Tennessee",20001,1853,21117,1165,24721,3154,11107,2516,15939,1467,20395,3799,6196,3082
0500000US47059,47059,"Greene County, Tennessee",35922,6622,36032,3006,36259,491,-,**,-,**,-,**,-,**
0500000US47065,47065,"Hamilton County, Tennessee",20891,2421,26672,3692,30064,4664,10190,9847,11058,3148,19375,2188,5854,3414
0500000US47093,47093,"Knox County, Tennessee",15825,4602,17925,4413,18773,1504,11419,6771,14092,2643,30670,16708,9597,3884
0500000US47113,47113,"Madison County, Tennessee",20152,10371,20885,6927,25409,24978,11503,19627,10880,14935,21106,7846,"2,500-",***
0500000US47125,47125,"Montgomery County, Tennessee",22449,3417,28586,4315,31196,4723,14180,2272,16859,2668,20350,7275,7168,8088
0500000US47141,47141,"Putnam County, Tennessee",22278,9980,22366,10485,26432,9671,-,**,14645,45601,35438,45628,-,**
0500000US47147,47147,"Robertson County, Tennessee",16578,1333,17160,5611,22172,3571,15985,1667,7291,13601,26208,3544,5335,1411
0500000US47149,47149,"Rutherford County, Tennessee",19117,2368,20020,2940,21799,2990,13692,5015,17254,4519,22388,7302,7362,6129
0500000US47155,47155,"Sevier County, Tennessee",21688,7643,26315,8484,26758,8939,4034,504,16296,2253,24217,21611,7130,16493
0500000US47157,47157,"Shelby County, Tennessee",20748,2064,22110,4916,30755,3196,13289,3830,14578,3277,26514,3120,9647,2855
0500000US47163,47163,"Sullivan County, Tennessee",16500,6746,21223,12024,23726,35224,"2,500-",***,5229,3382,25958,55657,4928,2249
0500000US47165,47165,"Sumner County, Tennessee",20599,7070,20944,15167,27292,14141,19141,15701,19983,6602,30337,6003,"2,500-",***
0500000US47187,47187,"Williamson County, Tennessee",17483,3686,20299,1873,21579,16006,17836,14591,11980,5084,17369,87831,11170,934
0500000US47189,47189,"Wilson County, Tennessee","2,500-",***,40119,83515,74289,48800,"2,500-",***,"2,500-",***,90120,64384,"2,500-",***
0500000US48005,48005,"Angelina County, Texas",19628,2929,19835,3910,25198,6424,11910,2751,17309,7346,26218,3503,14629,2700
0500000US48021,48021,"Bastrop County, Texas",26696,2495,28962,3069,29820,2351,25768,22325,22173,3749,26956,9640,11064,2913
0500000US48027,48027,"Bell County, Texas",27235,2635,28502,2555,32118,5463,6300,3455,23631,5670,33388,4645,10057,1511
0500000US48029,48029,"Bexar County, Texas",23194,653,25796,898,33329,2212,9523,798,20600,657,30349,910,8140,643
0500000US48037,48037,"Bowie County, Texas",15903,7167,18558,4403,22304,25669,4339,5258,10696,5157,23805,15974,7468,6041
0500000US48039,48039,"Brazoria County, Texas",30223,4803,36833,9485,42363,3416,10735,2423,22098,3788,33013,4825,8087,2379
0500000US48041,48041,"Brazos County, Texas",15523,3087,20823,2556,27707,5986,6692,4332,12111,2239,21609,1712,6004,2291
0500000US48061,48061,"Cameron County, Texas",19003,1046,21844,1231,29533,2973,10357,1014,16194,725,22570,1108,8625,1292
0500000US48085,48085,"Collin County, Texas",23855,3502,25914,3576,33933,4380,10795,1201,20881,3615,32272,6371,9541,1403
0500000US48091,48091,"Comal County, Texas",25821,1915,30318,6605,40188,15085,9364,11787,17240,5199,29378,3591,7307,1721
0500000US48099,48099,"Coryell County, Texas",20818,2137,22921,5112,24496,5177,16225,14081,17810,4465,21469,14710,4589,7621
0500000US48113,48113,"Dallas County, Texas",21186,383,23211,749,26620,524,11600,705,17229,582,23051,1069,8286,661
0500000US48121,48121,"Denton County, Texas",26420,1464,30363,2209,36232,3435,15570,5237,21783,2416,29405,2920,9939,2560
0500000US48135,48135,"Ector County, Texas",26703,2449,37372,3314,46034,7164,10762,1535,17855,1943,25758,3808,9497,2115
0500000US48139,48139,"Ellis County, Texas",20968,4535,24684,4068,28382,3617,12891,7950,15437,3870,27019,3313,8708,4456
0500000US48141,48141,"El Paso County, Texas",20699,608,24419,1767,32502,2921,9713,844,16949,728,26068,824,7019,443
0500000US48157,48157,"Fort Bend County, Texas",26683,1227,32181,4127,38308,4876,12478,5243,20933,2548,28459,3832,7740,4003
0500000US48167,48167,"Galveston County, Texas",21188,1898,25801,2813,31484,4130,9138,1587,18399,2236,30065,8691,9403,2778
0500000US48181,48181,"Grayson County, Texas",19438,2251,26285,5268,28347,3406,10426,5410,17881,2349,19684,2136,12462,4670
0500000US48183,48183,"Gregg County, Texas",18925,5201,26911,7360,30956,2033,10101,6818,15099,4018,23140,12929,7495,4614
0500000US48187,48187,"Guadalupe County, Texas",23640,4622,31263,4823,36082,3089,8369,2753,18331,1667,27107,4450,7682,2958
0500000US48201,48201,"Harris County, Texas",21437,370,25242,541,31074,601,11051,449,16636,474,24605,929,7624,577
0500000US48203,48203,"Harrison County, Texas",16932,13578,30074,28129,30958,18822,6502,3101,5170,17846,16419,430,3653,1472
0500000US48209,48209,"Hays County, Texas",21104,1954,25157,4177,36486,4581,8683,1376,17202,3255,26694,4175,5975,1506
0500000US48213,48213,"Henderson County, Texas",16311,3772,21500,7508,26305,8466,13278,2104,8187,4224,14792,15082,7351,4231
0500000US48215,48215,"Hidalgo County, Texas",18805,961,20866,1020,30717,1315,8668,932,15960,1276,26584,1754,7182,618
0500000US48231,48231,"Hunt County, Texas",20503,7251,27841,3452,28958,4340,8815,6029,11834,8469,18765,1165,"2,500-",***
0500000US48245,48245,"Jefferson County, Texas",20319,2349,22818,2873,28105,9098,8588,6322,15550,2945,21530,6164,5611,3363
0500000US48251,48251,"Johnson County, Texas",21906,5346,24648,10593,40677,2465,12430,9234,16353,5827,22911,14212,3604,2389
0500000US48257,48257,"Kaufman County, Texas",22165,2917,22427,3115,26232,6970,8390,1733,21654,6722,25580,9862,10762,7965
0500000US48291,48291,"Liberty County, Texas",25032,11189,25774,6471,30863,5814,9415,3477,16814,13038,27410,11630,11635,8359
0500000US48303,48303,"Lubbock County, Texas",18553,1257,21368,1570,28759,2582,6814,1690,16705,1808,23737,3605,7097,1876
0500000US48309,48309,"McLennan County, Texas",18318,2843,22437,2429,28560,2517,9618,3016,13579,1455,21519,2315,7874,1569
0500000US48329,48329,"Midland County, Texas",26464,2724,37162,6186,42353,6542,10835,1780,18434,2977,22003,3281,10195,1899
0500000US48339,48339,"Montgomery County, Texas",20563,2567,24131,4982,28589,4513,11930,920,15349,3440,37688,10839,7666,1594
0500000US48347,48347,"Nacogdoches County, Texas",20210,6609,23259,1978,25640,6540,6924,5153,15071,6623,16339,1625,5138,4724
0500000US48355,48355,"Nueces County, Texas",23409,1869,30773,2732,41338,1304,9108,2757,18750,1180,26128,1214,10326,654
0500000US48361,48361,"Orange County, Texas",26782,13655,26305,14033,32715,13325,6335,7947,35316,29556,37215,20602,"2,500-",***
0500000US48367,48367,"Parker County, Texas",37683,9160,41746,11887,46811,14161,9886,12389,22292,23150,45442,5525,4455,3533
0500000US48375,48375,"Potter County, Texas",18856,2096,22117,2000,25017,2655,7679,5932,14919,2594,21476,1983,8555,2119
0500000US48381,48381,"Randall County, Texas",24656,3765,26929,8992,45674,17144,6671,4725,22121,5217,30247,6247,7549,5327
0500000US48397,48397,"Rockwall County, Texas",31119,11973,31366,19797,42034,28602,11609,19590,30788,12040,40315,12868,"2,500-",***
0500000US48409,48409,"San Patricio County, Texas",25391,5495,34051,5606,40656,5634,10989,3197,16393,2894,25041,6246,6772,2019
0500000US48423,48423,"Smith County, Texas",18077,2452,21242,1975,22172,1851,20102,9966,13175,1706,19302,3192,10672,1352
0500000US48439,48439,"Tarrant County, Texas",21740,531,25154,807,29821,1396,10885,872,17013,747,25624,1335,9188,1297
0500000US48441,48441,"Taylor County, Texas",17780,2507,21184,4390,27377,4418,8844,5027,13939,2261,21551,3015,8049,1954
0500000US48451,48451,"Tom Green County, Texas",22197,2659,24999,2205,27155,8067,8039,2801,18468,5323,26388,5582,6437,1293
0500000US48453,48453,"Travis County, Texas",21108,912,22758,1198,28457,2480,11050,1135,17424,1949,28614,1454,8158,1084
0500000US48469,48469,"Victoria County, Texas",20957,1428,26608,6288,36699,5274,12821,5662,15852,1205,21919,6981,10223,3084
0500000US48471,48471,"Walker County, Texas",20359,10192,20576,11431,27767,4505,2546,2655,19653,18142,28398,6162,9490,5659
0500000US48479,48479,"Webb County, Texas",21186,1177,25916,1209,33311,2764,9002,1159,17198,1200,25264,2439,7228,931
0500000US48485,48485,"Wichita County, Texas",19424,2610,25592,2705,31365,7264,10719,8372,17443,2233,20147,3365,7450,3958
0500000US48491,48491,"Williamson County, Texas",27586,3428,30669,4199,40875,3190,9423,2664,23756,5843,34049,5083,9472,4548
0500000US49005,49005,"Cache County, Utah",18598,5318,23341,3605,26188,2147,15229,3719,12194,6769,24867,12574,7123,2589
0500000US49011,49011,"Davis County, Utah",17465,3599,24836,2083,26184,7425,10841,15834,14034,2820,23372,7961,7347,6407
0500000US49035,49035,"Salt Lake County, Utah",20054,1205,22639,1565,30233,3282,9579,1942,15633,1791,23759,2605,9051,986
0500000US49049,49049,"Utah County, Utah",17713,2311,20636,2432,29017,5817,9570,3666,12485,3083,23579,3801,8630,1945
0500000US49053,49053,"Washington County, Utah",16546,7484,17323,6692,31250,6213,10511,7168,12225,14735,24130,6254,4835,6015
0500000US49057,49057,"Weber County, Utah",17932,2156,18736,2511,28082,11181,9600,1562,16867,2810,24036,3129,8974,2619
0500000US50007,50007,"Chittenden County, Vermont",11821,8398,16783,9956,24673,32265,15422,16241,5341,4176,29599,55169,3839,2813
0500000US51013,51013,"Arlington County, Virginia",26760,11976,23183,14627,49433,8213,12787,3624,31742,11406,43313,7025,8883,4503
0500000US51015,51015,"Augusta County, Virginia",18870,1233,18381,3296,-,**,18381,3296,26125,19370,26704,1737,-,**
0500000US51041,51041,"Chesterfield County, Virginia",22470,7024,28623,7927,33522,7111,10965,10351,19650,8055,27457,11790,10106,6073
0500000US51059,51059,"Fairfax County, Virginia",26045,1356,30397,2545,36759,2711,15962,3391,21487,2096,30653,2412,9335,2032
0500000US51061,51061,"Fauquier County, Virginia",17415,10726,35190,11905,29518,15138,36310,17874,7652,4217,46435,31200,5662,4540
0500000US51069,51069,"Frederick County, Virginia",29299,22098,42249,15412,47596,14487,2857,2294,14461,3951,18032,35096,10540,6031
0500000US51085,51085,"Hanover County, Virginia",18036,9911,23835,13407,23835,13407,-,**,7416,7218,12305,113595,5860,1604
0500000US51087,51087,"Henrico County, Virginia",20545,5817,21330,8914,30736,19698,11408,5952,18385,5215,37745,12271,6082,12728
0500000US51107,51107,"Loudoun County, Virginia",30069,2935,37374,6934,45157,4961,12330,7825,22897,2771,30258,2766,9341,5228
0500000US51121,51121,"Montgomery County, Virginia",20518,23487,21090,21411,57861,79089,10718,5701,15980,74068,75537,73992,4003,671
0500000US51153,51153,"Prince William County, Virginia",29201,2781,32168,4974,39322,2767,12632,3940,23157,3095,32265,4429,9236,2510
0500000US51161,51161,"Roanoke County, Virginia",24028,14217,33533,35030,45761,19631,3145,1400,19435,8316,20183,27094,7053,29408
0500000US51165,51165,"Rockingham County, Virginia",16474,3328,21010,8530,29428,4684,6750,7322,13986,2472,17933,3813,10056,4109
0500000US51177,51177,"Spotsylvania County, Virginia",28702,8937,33260,29472,50676,29694,6480,31760,20561,13936,28390,1218,7755,7738
0500000US51179,51179,"Stafford County, Virginia",21040,2961,27383,8632,36004,12464,12625,7098,18570,4161,21515,5052,7386,3231
0500000US51510,51510,"Alexandria city, Virginia",25068,9137,35369,12852,41633,13034,12352,13266,18115,2418,19854,17653,10910,2650
0500000US51550,51550,"Chesapeake city, Virginia",22452,17253,29067,18522,40797,12996,8313,1628,6639,23584,41825,46495,3440,3063
0500000US51650,51650,"Hampton city, Virginia",18065,6922,22653,9407,30640,15641,15997,3452,15887,7478,31136,25307,9183,3267
0500000US51680,51680,"Lynchburg city, Virginia",30016,28376,15351,12545,16423,30773,4300,2124,32071,16129,32361,26811,"2,500-",***
0500000US51700,51700,"Newport News city, Virginia",21547,3745,23740,3399,28887,7679,11318,1376,14496,7518,30892,8225,6366,2785
0500000US51710,51710,"Norfolk city, Virginia",21102,1621,21431,1799,23473,3557,6574,2133,17297,7822,25470,7465,8309,3812
0500000US51740,51740,"Portsmouth city, Virginia",29182,3307,28358,1559,28579,1578,-,**,41073,13116,41073,13116,-,**
0500000US51760,51760,"Richmond city, Virginia",18087,2709,19117,2744,22422,4510,11232,2473,14595,8901,28596,18368,6554,2787
0500000US51800,51800,"Suffolk city, Virginia",35935,6960,74383,69444,94056,22206,-,**,32247,7257,31710,7632,35589,30732
0500000US51810,51810,"Virginia Beach city, Virginia",26111,3973,31933,6006,36997,4316,17761,5960,20934,2119,27106,5701,9042,2619
0500000US53005,53005,"Benton County, Washington",24393,4288,30324,3475,35469,5040,8293,2601,17783,4568,28344,8328,7313,4686
0500000US53007,53007,"Chelan County, Washington",17996,3269,18783,4699,22391,6686,12497,4365,17670,3021,20179,2291,10233,4809
0500000US53009,53009,"Clallam County, Washington",20503,5081,23275,12349,30243,12574,11545,1939,20172,6038,-,**,11279,3135
0500000US53011,53011,"Clark County, Washington",20551,3197,23975,4349,34736,12277,11484,3887,18080,4777,30137,10598,8053,2819
0500000US53015,53015,"Cowlitz County, Washington",20058,7945,14727,8693,23448,7813,6365,9068,22178,11210,59485,61064,7164,6289
0500000US53021,53021,"Franklin County, Washington",21059,1124,22103,6016,28420,2201,12341,5626,16499,3212,22794,5412,10591,1465
0500000US53025,53025,"Grant County, Washington",19781,2516,23871,2906,26355,1724,14383,6893,15739,980,20523,3722,11248,2675
0500000US53027,53027,"Grays Harbor County, Washington",15255,7159,17938,5630,20931,1962,4495,2877,11149,6220,11953,34197,11067,8518
0500000US53029,53029,"Island County, Washington",20991,3563,21384,8448,25313,19771,"2,500-",***,19656,8018,35060,23180,6477,2925
0500000US53033,53033,"King County, Washington",24312,1992,25649,2142,35455,2367,14315,2156,21715,3296,35735,5011,11184,873
0500000US53035,53035,"Kitsap County, Washington",28119,6288,29144,6039,35481,13593,3212,7229,22136,14223,39990,5398,14045,18916
0500000US53041,53041,"Lewis County, Washington",18649,11769,26735,15140,46616,20028,13375,11809,8314,1741,23692,3687,7119,5585
0500000US53053,53053,"Pierce County, Washington",25314,1852,27482,4975,35806,6674,10308,2323,20859,1843,30233,6750,11222,1437
0500000US53057,53057,"Skagit County, Washington",21896,2480,23412,1517,24746,4077,6375,3405,15744,3377,25857,15649,7374,3523
0500000US53061,53061,"Snohomish County, Washington",23796,2386,26909,4279,41129,2515,11386,2452,20021,2754,29346,3527,9529,2433
0500000US53063,53063,"Spokane County, Washington",21959,3903,26073,3644,36473,5421,8489,3773,13773,10294,31250,3424,5341,2436
0500000US53067,53067,"Thurston County, Washington",31500,5569,34456,7447,41126,9029,16373,6732,22567,3978,46184,11102,11624,2255
0500000US53073,53073,"Whatcom County, Washington",21368,3163,25326,4693,28799,3284,11399,6195,13957,4142,24555,13446,5807,3848
0500000US53077,53077,"Yakima County, Washington",17453,1349,20922,920,27705,4020,11480,1466,13476,1677,22168,3424,9059,2432
0500000US54033,54033,"Harrison County, West Virginia",18534,10025,18981,5729,19494,10408,5417,7875,7368,16648,150571,195056,6201,1859
0500000US54039,54039,"Kanawha County, West Virginia",33553,35842,55900,22893,56409,13881,-,**,4830,35224,34906,47054,3892,504
0500000US54061,54061,"Monongalia County, West Virginia",6574,8979,18247,13623,28323,33821,2638,2574,5815,5534,-,**,5638,6261
0500000US54081,54081,"Raleigh County, West Virginia",-,**,-,**,-,**,-,**,-,**,-,**,-,**
0500000US54107,54107,"Wood County, West Virginia",35202,2103,-,**,-,**,-,**,33630,631,-,**,-,**
0500000US55009,55009,"Brown County, Wisconsin",20843,5243,21893,7156,30210,8103,7076,3898,15218,14016,27195,9616,3147,2027
0500000US55025,55025,"Dane County, Wisconsin",16859,1818,19929,7038,24381,6862,9475,2492,14230,2225,18722,5768,9629,3098
0500000US55027,55027,"Dodge County, Wisconsin",20481,9513,18081,16398,23000,3874,5636,4586,21134,10801,28966,10685,6673,5640
0500000US55035,55035,"Eau Claire County, Wisconsin",30474,15075,30537,14101,30866,7952,"2,500-",***,"2,500-",***,-,**,"2,500-",***
0500000US55039,55039,"Fond du Lac County, Wisconsin",30216,17674,24620,18126,25982,20913,3614,12921,35508,31603,47573,23267,6760,12785
0500000US55055,55055,"Jefferson County, Wisconsin",19838,3797,27304,19591,35981,18376,15136,8342,9408,3807,16268,6190,5923,1433
0500000US55059,55059,"Kenosha County, Wisconsin",19947,4400,21852,3714,30649,10650,8275,4227,14216,2222,26937,6270,4342,1357
0500000US55063,55063,"La Crosse County, Wisconsin","2,500-",***,"2,500-",***,40473,6289,"2,500-",***,20104,33622,28261,9109,"2,500-",***
0500000US55071,55071,"Manitowoc County, Wisconsin",20929,4702,20788,5130,27201,5916,17143,10585,26204,38222,27361,8067,6821,44731
0500000US55073,55073,"Marathon County, Wisconsin",21501,2106,21844,2693,23910,5160,11833,6108,19922,7624,26615,3779,10851,3992
0500000US55079,55079,"Milwaukee County, Wisconsin",20063,1333,21652,1222,26548,1591,10919,1724,16904,1239,25566,1746,7424,1078
0500000US55087,55087,"Outagamie County, Wisconsin",25367,5622,26377,6616,29917,14209,19375,24730,21500,8193,26005,3605,18012,13712
0500000US55089,55089,"Ozaukee County, Wisconsin",22623,11368,31892,10298,35050,9823,4383,34199,8701,4555,11790,94871,5789,8389
0500000US55097,55097,"Portage County, Wisconsin",9091,9811,16474,5658,60250,91927,9156,6994,6731,6552,48530,30314,6058,963
0500000US55101,55101,"Racine County, Wisconsin",24316,4994,26583,3151,30132,3467,10223,4341,18784,2817,27430,11717,10979,1972
0500000US55105,55105,"Rock County, Wisconsin",17223,6150,21509,5497,37237,22544,16428,8868,11149,5785,17291,25017,7377,4219
0500000US55109,55109,"St. Croix County, Wisconsin",13073,4117,"2,500-",***,13943,858,"2,500-",***,25358,16564,25525,14210,-,**
0500000US55117,55117,"Sheboygan County, Wisconsin",19318,21069,31009,16626,36630,7880,6268,25608,15149,14359,35325,43544,13728,10172
0500000US55127,55127,"Walworth County, Wisconsin",20450,3567,20730,3309,23559,2588,11548,2202,19696,6259,24017,6617,6049,4880
0500000US55131,55131,"Washington County, Wisconsin",20518,18717,16648,24336,36988,9490,10468,9180,21049,22179,31453,808,9247,18910
0500000US55133,55133,"Waukesha County, Wisconsin",23919,2878,22394,5007,30039,8878,14031,8353,25219,2676,31622,8723,4896,4956
0500000US55139,55139,"Winnebago County, Wisconsin",29510,11723,35067,11278,32452,9333,45137,73317,13860,27327,30965,4119,11214,4838
0500000US56021,56021,"Laramie County, Wyoming",24248,5617,35239,12509,39569,8144,6241,1921,18896,7740,31381,9761,6894,5958
0500000US56025,56025,"Natrona County, Wyoming",19012,4503,21847,7340,26566,11675,"2,500-",***,15009,4878,19574,2710,13161,12309
